sex,age,field,language,education,paranormal,toss.K,toss.RT,grid.K,grid.RT,guess.K,guess.RT,roll.K,roll.RT,spot.K,spot.RT,K,toss,guess,roll,spot,grid,RT
female,41.00547945,humanities,french,4,0,-0.693076878,45.1,-0.265943141,12.7,0.753916272,22.5,0.889305329,11.8,-15.15284495,7.7,-2.893728674,111111,4352432155,2565145663,5555555555,101100101,99.8
male,42.29863014,science,french,7,0,1.060495216,9.1,0.35618483,13.8,1.173177489,17.6,1.867251946,11.2,1.990685277,13.3,1.289558952,11010001011,3254123125,2415331652,5627496315,10001110,65
male,53.70136986,science,french,6,0,0.201293726,6.2,1.773448729,20.6,1.867897086,13.5,0.326972721,11.7,1.516012755,13.8,1.137125003,11101000,4213512454,1112352436,9652981457,11101,65.8
male,53.7890411,other,english,4,4,0.238520252,16.3,0.068744507,54.7,-0.076286186,32.5,-1.620746931,16,-15.15284495,9.2,-3.308522663,1111011101,1513325551,4455663366,4444444444,10101010,128.7
female,49.60821918,science,french,6,0,-0.79783041,9.8,0.723053306,21.4,1.149639428,13,2.355640486,9.8,1.999894425,13.1,1.086079447,1.1011E+11,2314532221,1256432156,1576284539,110111,67.1
female,47.34246575,humanities,french,4,3,-4.415494561,20.4,0.35618483,11,1.293750307,35,0.781469108,21.3,2.244683152,10.6,0.052118567,0,2513242512,6514664216,5623984175,110001010,98.3
male,54.32328767,0,french,3,0,-0.097475919,12.4,0.35618483,26.9,0.892494277,12.4,-7.264060796,6.3,2.143107142,12.3,-0.793950093,1.01111E+11,2322451232,6666665555,8569741235,101010110,70.3
male,38.60273973,other,french,5,0,0.213536737,33.6,0.010229046,35.3,-8.169085689,45.5,1.421660564,26.8,1.645766647,14.2,-0.975578539,101101101,4544444444,1145633521,5623964827,11000111,155.4
male,30.64109589,science,french,6,0,0.685710118,11.6,-0.596190895,14.8,1.90242921,15.2,1.204761889,8.8,1.661633824,11,0.971668829,1001111001,4233115423,1525543621,5417825493,11001110,61.4
male,33.72328767,humanities,french,6,0,-0.21316844,7.9,0.35618483,8.4,0.983636303,18.2,0.723399333,12.3,0.015041093,14.9,0.373018624,1001110101,3243122554,1142135423,5645627836,1101010,61.7
female,38.79452055,science,french,6,0,0.404517268,58.5,0.145914825,8.1,1.264393743,49.8,2.057369245,22.8,-12.36016847,74,-1.697594679,101111111,5531435214,4653162145,8966666666,101001110,213.2
male,10.13424658,0,french,1,0,-4.415494561,8.8,1.336502127,31.5,-9.982032341,8.4,1.747350948,19,-15.15284495,12.1,-5.293303756,0,1111111111,1245163512,5555555555,1011101,79.8
female,38.79452055,science,french,6,0,-0.420979762,6.1,-1.556328377,4.9,0.639641753,8.5,-1.603787618,7.9,-9.699996884,8.4,-2.528290178,1.1111E+11,3523415455,2366665144,1111666666,111100111,35.8
female,52.98356164,science,french,7,0,-1.527003245,22.2,-0.780898258,21.1,1.418027856,23.2,1.78491314,13.8,2.244683152,12.6,0.627944529,1.01001E+11,3321445321,2451365452,5412687935,10010010,92.9
female,24.28493151,other,french,6,5,-1.098170716,28.3,1.773448729,38.3,0.639641753,24.1,1.451310043,17.9,-15.15284495,18.1,-2.477323029,10100110101,3542135421,6313246514,5555555555,11010001,126.7
female,28.60821918,other,french,6,0,0.866643444,37.7,1.821416993,23.3,1.52819509,30.2,0.326972721,45.2,1.514145562,17.8,1.211474762,1001101110,2532134521,5246534134,6548691573,10001101,154.2
female,24.89589041,other,french,5,3,0.588321834,22.2,-0.596190895,6.4,1.925952587,19.1,0.438287202,23.8,2.007577919,8,0.872789729,1001011001,2431253441,5615466232,5436172856,110001011,79.5
male,20.16438356,science,french,4,0,-0.693076878,7.6,-0.596190895,24.4,1.293750307,13.8,-1.165956913,8.7,2.244683152,10.2,0.216641755,1.11111E+11,3231154233,1111425321,5236417895,110001011,64.7
male,30.04109589,science,french,6,0,-0.024223047,8.8,0.20659518,15.3,1.743165665,20.2,1.407069091,8.8,1.492479455,9.2,0.965017269,1101110010,2545123415,5326241546,5364859218,100001101,62.3
male,22.61369863,other,french,5,2,0.665394272,7.9,1.336502127,19.2,1.484750062,17.8,1.392628828,7,1.632383155,8.4,1.302331689,10011000001,2413513241,4253664122,5712845239,101011,60.3
male,28.23013699,science,french,7,0,-0.433304395,8.7,-0.252960072,6.6,1.573088549,18.9,0.200496759,9.1,0.81210856,12.1,0.37988588,11101000001,2441352234,1522645224,4365861454,101011101,55.4
male,36.3890411,science,french,6,3,0.517184144,16.6,-0.678035429,15,0.189786314,13.3,1.430489356,8,0.125490199,7.2,0.316982917,110011101,4155322243,6523516413,5433626997,11011110,60.1
male,23.84109589,science,french,5,0,-0.251212237,16.6,-1.210243675,10.4,1.955946679,19.5,-10.44830482,6.2,-7.238689615,11.5,-3.438500734,101111,3214535421,1666666666,8792111111,101011111,64.2
female,40.24383562,humanities,french,5,1,0.108783204,30.3,-0.688451355,15.4,0.3473812,78,0.027307115,36.4,-0.454201335,26.5,-0.131836234,1.00011E+11,3423235514,5653434122,8874143322,101110110,186.6
female,38.36164384,humanities,french,5,0,0.119853202,20.4,-3.040965737,16,1.586853702,21.8,2.355640486,18.7,1.877701333,17.9,0.579816597,110101011,3254123342,5612345261,5268719853,0,94.8
male,58.29315068,science,french,6,0,-0.45747136,10,0.35618483,9.5,1.393835366,15.1,1.64726373,8.7,1.441248606,11,0.876212234,10110011100,3245123451,1653245112,1452987568,1101010,54.3
female,23.90136986,other,french,6,0,-0.910361982,28.3,1.773448729,25.1,1.103762712,43.2,1.819607204,60.5,1.557967299,17.9,1.068884793,1.011E+11,4332154334,5243631152,5348517926,11010001,175
male,27.44383562,science,french,7,2,1.347181894,17.3,0.35618483,12.4,1.467757041,15.7,1.140965014,5.9,1.038477642,10.9,1.070113284,1001100011,3254132534,5316421542,5658736418,10100011,62.2
female,48.31780822,0,french,2,0,-1.916052079,32.1,-3.040965737,12.6,1.9318982,20.1,1.518848382,17,1.477547885,23.4,-0.00574467,10101101101,4251343512,5245361253,7629842185,0,105.2
female,53.04657534,other,french,4,4,0.534461914,31.6,0.781777371,16.9,0.914708044,19.2,0.460186127,20.6,1.636261777,12,0.865479047,11001111001,4354214334,3655162612,5398417432,101100000,100.3
female,40.35616438,other,english,5,5,-1.438529766,12.4,1.821416993,6.6,0.559880868,15.6,1.721647161,8.1,0.5369238,12.7,0.640267811,1.01101E+11,2412541543,5263515426,7754165898,10100101,55.4
female,40.64109589,humanities,french,6,1,-1.046038579,31,-0.596190895,17.3,1.442662916,29.6,0.672785484,36.1,1.236711004,7.1,0.341985986,110011001,5114535241,3153632612,6748135899,110010001,121.1
male,39.77260274,other,french,4,0,1.060495216,17.1,0.20659518,10.7,-2.419241039,33.6,1.174953844,13.2,-15.15284495,9.6,-3.026008351,1011101001,4222522233,5532456215,6666666666,101000110,84.2
male,28.92328767,science,french,6,1,0.404517268,16.6,-0.179909136,9.6,1.139676282,24.8,0.156026837,10.9,0.710334381,13.9,0.446129126,1.1101E+11,5122324355,1411542133,5257411695,110100001,75.8
female,30.92876712,humanities,french,6,1,0.108783204,17.6,0.35618483,9.5,1.459340269,41.8,-1.370119951,19.3,1.423007565,6.9,0.395439183,1.00011E+11,3445522314,6564665545,6536724893,110010101,95.1
male,31.40547945,science,french,6,0,-0.189567147,9.5,1.773448729,10,0.751433914,22.1,1.573375568,10.6,-0.293929031,13.4,0.722952407,1.10111E+11,3453123422,2516543265,4575528699,110101100,65.6
female,23.26027397,humanities,french,6,0,-0.818235958,9.9,-0.596190895,3.5,1.476226748,12.1,1.194754859,10.5,-9.913096966,9.8,-1.731308443,1.10001E+11,2534251324,5625543216,8534444444,100101011,45.8
male,38.89863014,other,french,5,0,0.374697463,12.3,1.821416993,9.2,1.056283797,12.5,0.840130398,12.4,0.235749792,10.1,0.865655689,1001110100,4212543411,1533665125,5822448952,100001110,56.5
female,32.50410959,0,french,3,1,0.108783204,11.4,0.189437849,11,1.834228356,19.9,1.980810284,9.4,1.807239669,13.8,1.184099872,1.00011E+11,2514352312,5364263152,5743912534,110011101,65.5
female,40.25205479,other,french,6,0,-1.438529766,21.9,-2.023993528,17.5,1.484750062,21.9,1.743649822,10.6,-1.852677193,10.3,-0.417360121,1.01101E+11,2314254231,1453266412,5562344484,1000,82.2
male,21.90684932,other,french,4,2,-4.415494561,20.7,0.35618483,11.5,0.639641753,14.1,1.284853738,9,0.299985829,11.6,-0.366965682,0,1234512345,1536246612,5534956578,11100010,66.9
male,37.32328767,other,french,4,0,-0.873085407,21.2,0.285179156,16.5,-0.146836429,27.1,-0.652218417,25.2,0.449992907,27,-0.187393638,11000010,3122243544,2241125515,8996144536,1000101,117
male,28.94246575,science,other,6,0,-1.324486369,7.6,0.189437849,18.8,1.004423382,15,0.796372704,7.6,-0.034989183,8.8,0.126151677,10010100101,3214354323,5214251526,5425586976,10001100,57.8
female,31.59178082,science,spanish,7,0,-1.527003245,7.8,0.446237926,12.7,1.712441616,16.7,2.229621948,6.1,2.054701956,7.4,0.98320004,1.01001E+11,5213435214,5634215326,5934761582,111110,50.7
female,55.91780822,humanities,english,4,2,0.588321834,15,-2.438154003,26.2,1.068782069,25.2,1.875353555,16.7,0.668900942,14,0.352640879,1001011001,4215422314,4211635426,8254759347,10000,97.1
female,54.68219178,humanities,french,5,0,-0.693076878,19.7,-1.474774505,12.2,-9.982032341,17.1,1.457316401,12.3,-15.15284495,8.8,-5.169082456,1.11111E+11,3333333333,6325423566,3333333333,110101111,70.1
female,38.90410959,humanities,french,5,5,-1.417663558,12.5,-0.956960541,13.3,-3.618703107,24.1,1.689281173,17.6,0.977333425,8.8,-0.665342522,1.111E+11,4444453434,2351526413,5265489718,110101101,76.3
male,24.36164384,science,other,7,1,-2.079229122,8.6,0.189437849,21.9,1.823189941,25.9,1.322590321,26.4,1.643111871,10.6,0.579820172,1010101100,3415321452,2336541653,5248675326,10100001,93.4
male,23.35068493,humanities,french,5,0,-0.755616052,5.6,-0.678035429,7.3,-1.774043833,10.2,-2.111536139,4.5,0.486335738,11.4,-0.966579143,11000001,4345454434,2225214442,5623369645,1111110,39
male,28.55616438,science,french,6,0,1.060495216,8.5,1.466399166,9.3,1.727716022,11.3,0.903391096,6.1,1.506127949,5.3,1.33282589,1011101001,4354213425,5342565441,9657836984,110001110,40.5
female,43.7890411,humanities,french,6,0,-1.283928445,28.2,0.35618483,9,-0.890604166,29.8,1.55711549,20.4,0.604291544,25.8,0.068611851,1.101E+11,4132222312,3526536142,6843869675,11010101,113.2
male,52.41643836,other,french,6,5,0.374697463,22.4,-3.040965737,31.5,1.774607071,17.6,1.22754397,19.1,0.266060698,29.8,0.120388693,1001110100,1534212533,2516416315,8546485279,0,120.4
male,46.70958904,other,french,4,0,0.213536737,83.2,1.773448729,47.5,-0.578696609,34.1,-0.204648339,99.4,1.041435357,52.8,0.449015175,101101101,2231155444,6252361114,2542734581,100101110,317
female,32.21643836,science,french,6,0,-0.720399077,20.6,0.35618483,9.5,0.26196209,17.7,-0.237140113,19.9,-0.789366848,17,-0.225751823,110110111,2321432134,5525346611,5526852485,11010101,84.7
female,33.7260274,science,french,7,0,0.225944088,27.7,1.821416993,9.5,-4.43785185,33.8,0.984587243,24.2,1.336943671,12.9,-0.013791971,1.00111E+11,5343555555,1521314516,8798431759,10001101,108.1
female,37.01917808,science,french,6,3,-0.857743415,8.2,1.036960055,8.7,1.662743022,12.7,1.372660604,8.5,1.925838252,10.2,1.028091703,11010010010,3413524251,5254163246,5342965187,1010101,48.3
male,37.36438356,science,french,5,2,-0.590539089,59.4,1.821416993,11.1,0.928780054,21.1,1.369831216,34,1.925838252,14.4,1.091065485,1.10101E+11,3422213254,3563426132,5297364187,110001100,140
male,43.57808219,science,french,6,5,-0.369969093,20.3,0.35618483,18.5,1.568531255,29.7,0.763061007,18.3,1.651560494,13.1,0.793873699,1.11001E+11,5234412455,2263145214,5982375842,11010101,99.9
male,32.38630137,humanities,french,4,4,-0.693076878,13,1.466399166,8.2,-9.982032341,11.8,-1.681539149,7.2,-15.15284495,6.9,-5.208618831,1.11111E+11,1111111111,5533225525,4444444444,101010010,47.1
male,29.67123288,science,french,7,0,0.201293726,36.7,1.773448729,30,1.129786306,32.4,0.655750151,33.1,1.887173035,20.1,1.129490389,1111010010,4154324523,2433452313,6438957681,10100111,152.3
male,27.60547945,humanities,english,6,0,-0.693076878,29.7,-0.47314368,8.6,-1.207709419,16.1,0.628919518,16.4,-0.031083841,8.6,-0.35521886,1.11111E+11,4222215334,4311656612,5562177884,100101111,79.4
male,39.96986301,science,french,6,1,-0.329774335,15.3,1.821416993,10.7,-9.982032341,19.3,1.250704719,16.1,-14.07232956,14.2,-4.262402904,1001110010,1111111111,2512653215,6666666663,10110101,75.6
female,39.46849315,science,french,4,0,0.404517268,10.9,0.20659518,15.4,1.377945163,10.1,1.500101826,6.3,1.268098806,10.8,0.951451648,11011100101,3243541321,2465631256,5426985478,1111010,53.5
male,57.86575342,0,french,3,0,-4.415494561,14.7,-3.040965737,9.3,-9.982032341,8.4,2.099670154,6.9,1.319885988,7.9,-2.803787299,0,3333333333,5631245621,5685417893,0,47.2
male,42.19452055,0,french,1,3,-0.711381115,9.4,-0.956960541,7.1,0.898013462,16.2,2.123737643,7,1.260039675,9.3,0.522689825,10110000100,4251224312,4251362541,4865298245,101101011,49
male,40.52054795,0,french,3,0,0.153881601,19.6,0.35618483,29.5,1.413965472,13.5,0.679658361,17.7,2.072312735,8.4,0.9352006,10011011101,3243525341,1636251325,8534791256,10101100,88.7
male,50.17260274,science,french,7,1,0.165508595,6.2,-3.040965737,22.2,1.545973289,13.8,-0.409766206,14.1,1.480635055,12.2,-0.051723001,1.1001E+11,3342415324,4241125535,5174163598,0,68.5
female,35.34520548,0,french,3,4,-0.79783041,23.2,1.466399166,14.1,1.342863261,12.9,1.037012471,11.8,0.771088687,9.6,0.763906635,1.1011E+11,4421553432,2516524511,5265141856,11100011,71.6
female,55.43287671,0,french,3,5,-4.415494561,30.3,-0.252960072,23.6,-2.569063453,26.9,0.122137775,12.2,-15.15284495,10.2,-4.453645053,0,3445553333,2551644366,8888888888,101011101,103.2
female,70.69315068,humanities,french,5,5,-0.205368109,12.3,-3.040965737,10.5,-4.892188648,61.3,-0.492389239,25.2,1.35522747,15.8,-1.455136852,1010110111,1111112242,2552345666,8459735688,0,125.1
male,38.56712329,other,french,4,3,-0.818235958,25.6,0.189437849,9,1.028579708,19.4,0.893315326,14.4,1.316597975,14.9,0.52193898,1.10001E+11,1545134315,5245663132,4538625427,11110101,83.3
male,30.66849315,other,french,5,2,-0.759925309,17.7,1.821416993,21.4,1.515013786,21.9,1.395504934,11.8,1.643423961,15.1,1.123086873,1010111010,2354512231,1543256235,5368471568,10001101,87.9
female,29.8739726,other,french,6,2,-1.283928445,18.8,-1.474774505,15.3,0.995475316,33.2,1.583223475,17.4,1.771226882,10.3,0.318244544,1.101E+11,4523414534,5436621365,8654178523,100010000,95
male,34.78356164,other,french,5,5,0.817983063,10.1,0.20659518,42.2,1.582249666,16,0.961202709,19.4,1.575043271,15.5,1.028614778,11000100111,3214452234,5411634566,4152362417,110000101,103.2
male,26.52054795,0,french,3,2,-0.420979762,53.4,-0.490516869,17.7,0.914708044,38,0.167906474,25.6,2.007577919,10.7,0.435739161,1011001010,4134251355,5646553436,8724918537,100110010,145.4
female,27.30958904,humanities,french,4,0,-1.402771782,10.4,-3.040965737,12.9,2.096486127,19,0.959096174,16.9,1.893948021,8.8,0.10115856,10010101011,2341543512,2533543625,5684239741,0,68
female,39.8630137,science,french,5,0,-0.369969093,33,0.446237926,16,1.062518434,28.5,0.683107553,16.1,1.409533703,12.5,0.646285705,1.11001E+11,4524131553,5423135655,8698412586,101100100,106.1
male,38.03287671,science,french,6,0,1.435280313,16.3,-3.040965737,15.5,0.658026735,12.9,0.844001159,10.4,1.005897413,14.2,0.180447977,10011111000,5444211354,5254113362,1581632658,0,69.3
male,60.48219178,other,french,6,0,0.165508595,35.3,-3.040965737,15.9,0.086023436,17.1,0.807655947,11.8,1.37032566,14.7,-0.12229042,1.1001E+11,3441214555,5425663211,5866214789,0,94.8
male,66.29315068,0,french,1,0,-0.451488597,19.5,-1.210243675,27.2,0.966070674,19.9,0.45284818,29.2,0.207377425,13,-0.007087198,10011011011,4215415325,3542531431,5231952341,100010,108.8
male,25.87123288,0,french,1,4,0.014702021,12.1,0.145914825,24,0.898013462,16.5,2.316066587,9,1.411681647,9.9,0.957275708,10011011010,2414533123,1653425316,1453268273,100011010,71.5
male,44.10136986,other,french,6,0,-1.256703796,27.1,-3.040965737,6.1,0.731738074,23.4,0.269339686,20.4,-0.006583629,15.9,-0.66063508,111,2351321135,6245156333,8855624177,111111111,92.9
male,44.84931507,science,french,4,3,-0.79783041,14.9,0.20659518,26.1,1.087749693,15.7,0.775921099,14.9,0.86836231,18,0.428159574,1.1011E+11,2115231421,1412314652,1686382461,110011010,89.6
female,51.83287671,humanities,french,4,4,1.482692438,28.4,0.20659518,12.9,0.914708044,28,2.513331583,9,1.837373764,12.9,1.390940202,11100001101,2412453214,1562432516,4582168973,1111010,91.2
female,27.77260274,0,french,3,2,-0.420979762,28.2,1.036960055,20.6,-0.588818604,16.3,-0.993559547,8.9,-15.15284495,18.9,-3.223848562,1111111,1211551411,4665445644,5555555555,101010100,92.9
female,35.35616438,humanities,french,6,3,-0.720399077,10.9,-0.729549989,28.9,0.462388093,48.8,0.861553884,27.4,1.183415201,31,0.211481622,1011011010,4341243123,2166421526,5196254374,110000011,147
female,43.40821918,humanities,french,6,4,-0.251212237,50.1,0.20659518,24.1,0.33458171,28,-0.231777157,28.5,1.333363794,15.9,0.278310258,1.11101E+11,2314241555,6643515145,4769423679,10110011,146.6
male,39.92876712,science,french,6,1,-0.43940563,16.1,1.821416993,36.2,1.541506688,17.3,1.839261591,30.5,1.557967299,15.3,1.264149388,11101010010,3412532541,2413356143,5349561872,10001101,115.4
female,59.5890411,humanities,french,4,0,-0.301972727,26,-0.956960541,13.2,1.401851336,12.9,1.140965014,16.3,1.321405893,7.1,0.521057795,1.0111E+11,2124315213,5226416533,9547235643,1010010,75.5
female,40.76438356,humanities,english,4,0,-0.683787013,12.1,0.35618483,10,1.61953036,12.9,0.705737842,8.8,-15.15284495,11.1,-2.631035787,1011101101,4231543231,2354123546,5555555555,1101010,54.9
female,60.00273973,science,french,4,3,1.091831565,20.6,-0.678035429,17,1.920033109,19,1.583223475,9.3,1.847312966,17,1.152873137,11010011100,3521425313,5136425362,6418735842,11111100,82.9
female,50.42739726,science,french,6,0,-0.39582627,19.9,-3.040965737,12.8,1.519393234,15.6,1.596463222,14.6,1.307905843,16.8,0.197394059,11001001101,3214312541,5342566134,8424716952,0,79.7
female,43.40273973,science,french,7,0,0.404517268,36.4,0.189437849,27.8,0.31830198,29.1,1.747350948,28.2,-0.138841703,36.4,0.504153268,11110100010,3521544333,2563445132,5556847398,10001100,157.9
female,40.25479452,0,french,1,3,-2.661373086,44.4,-0.179909136,44.8,-0.935989997,52.6,1.010553329,54.6,-6.787012034,35,-1.910746185,1000,5215212513,1354635516,6236236236,1011110,231.4
male,37.44109589,science,french,6,0,-0.580153207,8.6,0.20659518,8.6,-9.982032341,20.2,1.633534822,5.9,-15.15284495,9.1,-4.7749801,101110101,4444444444,2561132453,2222222222,10110011,52.4
male,25.65479452,other,french,4,4,-2.062574009,13,1.821416993,16.2,1.90242921,18.1,1.851188679,21.9,2.143107142,10.1,1.131113603,101001001,4312152234,3235162453,8649137582,10011101,79.3
female,47.69041096,humanities,french,6,0,-0.590539089,33.1,0.35618483,9.1,0.424895705,22.9,1.317136408,10.2,1.414101655,13.2,0.584355902,1.10101E+11,2324312252,4365316125,5264185935,100101010,88.5
male,40.50684932,other,french,5,2,1.266754339,7.2,-0.956960541,12.1,-0.418000847,19.6,0.845940579,16,-2.081198667,14.3,-0.268693027,11110100011,3222251432,2231411653,5141223322,111100011,69.2
female,41.04109589,other,french,5,5,-0.910361982,9.1,-0.688451355,15.4,0.712326148,25,1.194754859,19.6,1.260039675,9.1,0.313661469,1.011E+11,4131553125,5246335213,8127328671,11011101,78.2
male,30.63287671,science,french,6,1,1.060495216,9.7,-3.040965737,7.2,1.890819836,11.9,0.548256206,20.2,1.268098806,8.1,0.345340865,1011101001,2431542231,4365234346,5946538246,0,57.1
female,37.84657534,other,french,6,4,0.165508595,18.2,0.20659518,27.4,1.707388405,20.1,1.034788252,17.6,0.807375508,13.7,0.784331188,1.1001E+11,3455312435,5234461436,5623414595,101001100,97
female,50.18356164,science,french,4,0,0.64551536,24.4,0.35618483,21.3,-3.065598977,36.4,1.057191836,16.5,1.645610358,9,0.127780681,11111101,5555543445,6325165363,8324913598,101010011,107.6
female,42.53972603,science,french,7,2,0.360140724,21.4,-0.956960541,20.8,1.758794611,23.6,1.100777259,16.2,-0.251444463,12.1,0.402261518,10110110001,2352143255,2325665124,5625876366,101101110,94.1
male,34.80821918,science,french,4,0,0.944802694,17.7,0.089538752,16.3,1.806800135,22.4,1.006191907,9.7,2.054701956,6.9,1.180407089,10011010011,2431543214,5246132622,8547269314,100101000,73
female,36.07671233,science,french,7,0,0.972396797,9.1,0.189437849,6.4,1.577661317,18.6,0.41530156,11,1.358468951,8.7,0.902653295,11110011100,5451321452,5235241435,6478574139,10001100,53.8
male,50.83835616,other,french,6,0,-2.438059094,48.3,0.35618483,12.3,1.712441616,23.1,2.229621948,10.6,1.645610358,16.9,0.701159932,11010101010,3242153432,2653142516,5298127385,10001110,111.2
female,43.46575342,humanities,french,4,0,-0.420979762,10.9,-0.596190895,11.4,-1.542735498,11.6,-0.397893317,9.6,0.737196425,9,-0.444120609,1.1111E+11,3311254545,5414446653,5968744335,110010001,52.5
male,34.10136986,science,french,4,0,0.517184144,6.3,1.036960055,4.6,2.063233102,9.1,0.108352274,5,0.722502223,8.1,0.88964636,10010111001,3541231425,2635141241,5296356441,1010101,33.1
female,41.49041096,science,french,4,0,-0.123515212,24.3,1.821416993,13.1,-1.543638098,18.7,1.424597284,11.1,0.905872208,12.2,0.496946635,1110000010,3441122223,2663514662,5644781238,11100001,79.4
male,44.03013699,humanities,german,7,0,-2.067811042,7.6,-0.688451355,5.3,-9.982032341,12.5,1.685730922,11.8,0.555807898,9.8,-2.099351184,100100010,1111111111,6132255146,8662517123,10100100,47
male,33.78356164,science,french,4,0,0.331697441,12.8,-1.210243675,43.7,0.623758243,14,-0.040064214,19.6,0.976623508,9.3,0.136354261,11111000111,2243211344,1622164431,5468752623,1010,99.4
male,44.03013699,humanities,english,7,0,0.588321834,9,-0.142574845,8.6,-9.982032341,5.8,-0.321094014,8.1,0.596263185,8.7,-1.852223236,1001011001,1111111111,5232421411,8695714211,1001110,40.2
male,58.00821918,science,french,6,0,0.771756741,13.9,-3.040965737,57.4,-0.148108682,16.5,-0.393115691,10.9,-0.80559046,14.3,-0.723204766,101100110,4431453444,2116533325,5561899965,111111111,113
male,28.23561644,science,french,7,0,0.841993082,15.8,1.036960055,7.7,0.063515741,15.8,-0.117999139,11,-0.074229095,13,0.350048129,10001011001,3243353243,2122535212,4562345494,1010101,63.3
male,24.41917808,humanities,french,5,2,-1.283928445,10.2,-0.596190895,17.5,1.614813441,18.8,1.743649822,12.3,1.54283163,9.5,0.604235111,1.101E+11,5314224551,6125564321,5163774295,11010100,68.3
male,31.83561644,other,french,4,2,-0.088630552,5,0.35618483,8.7,0.876071159,8.3,1.879422092,4.7,1.943169702,7.7,0.993243446,11010001101,4525143513,5234165542,5648917586,101011100,34.4
male,23.22739726,science,english,6,0,0.841993082,25,-0.596190895,15.8,-9.982032341,10.6,1.119544855,34.6,0.829434449,22.3,-1.55745017,1110100101,3333333333,1156325644,4582571699,100010011,108.3
male,42.59178082,science,french,6,0,1.701194572,16.2,1.821416993,10.3,1.190245893,13.1,0.980306217,8.9,1.557376733,10.8,1.450108082,1111001110,3513412425,5316523563,5187562498,10001101,59.3
female,30.69589041,science,french,5,5,0.771756741,9.7,0.20659518,14.1,1.925952587,18.3,1.497001774,7.4,2.054701956,7.4,1.291201648,11101000101,4132453112,1421513624,4751362985,110011010,56.9
male,40.94246575,other,french,7,0,-0.590539089,15.1,0.145914825,7.2,1.81224127,11.3,1.593141473,9.5,2.143107142,14.7,1.020773124,1.10101E+11,1352431245,4236522145,5621798354,110001101,57.8
male,49.0739726,humanities,french,4,0,1.532668597,10.7,-3.040965737,12.5,-0.640084031,13.1,0.554540198,10.5,0.835253157,9.3,-0.151717563,110110011,5435453153,4345243613,5739564765,0,56.1
female,45.91780822,other,french,6,0,0.606995879,21.3,-0.956960541,15,0.761390921,19.2,0.552966541,16.3,0.999504103,12.8,0.392779381,1011001100,1242541145,6352351413,5822396347,110101101,84.6
male,25.22191781,science,french,6,0,-0.079699721,7.4,0.145914825,7.7,0.724425771,12.5,0.921713137,6.9,1.576537088,10.4,0.65777822,110101000,2435324121,6532545615,4562368541,101001110,44.9
male,26.91780822,science,french,6,4,-0.706838925,29.4,1.036960055,34.8,1.672537094,26.3,1.131404271,28.7,0.772332011,45.5,0.781278901,1010111000,4234525143,3242156641,8247843694,110101010,164.7
male,49.89315068,science,french,4,1,-0.531916152,13.7,-0.678035429,15.2,1.393835366,14.5,0.940279299,9.4,1.893948021,10.3,0.603622221,10001101010,4353145231,5236422161,7549825136,1111110,63.1
female,NA,0,french,1,0,-4.415494561,14.3,-0.048061521,28.9,1.308672111,39.2,1.823515967,32.3,1.155618238,34.9,-0.035149953,0,1223451234,4561231364,7789657143,111,149.6
male,27.15890411,science,french,7,0,1.764967014,21.9,1.821416993,12.9,1.081397422,25,1.433444761,24.9,1.321405893,13.4,1.484526417,1011001011,4254315231,2535416254,4528765126,1100011,98.1
female,NA,0,english,0,0,-0.693076878,112.2,-3.040965737,0,-9.982032341,88.7,0.573564015,106.2,-10.71221722,86.1,-4.770945631,1.11111E+11,1111111111,3114325365,2222222111,0,393.2
female,63.88767123,humanities,french,5,5,-4.415494561,14.1,0.35618483,11.5,-9.982032341,5.6,-11.37692329,5.2,-15.15284495,10.8,-8.114222064,0,4444444444,5555555555,2222222222,11100010,47.2
male,27.85205479,science,french,6,0,0.706482538,13.3,0.145914825,5.1,1.16303933,15.9,0.768557949,9.2,1.990685277,9.7,0.954935984,101101011,5342124522,2414325521,5437864195,110001101,53.2
male,39.73150685,0,french,3,0,0.665394272,26.7,-1.210243675,43.5,0.044308802,33.4,0.096967628,33.1,1.516012755,12.6,0.222487956,110110010,5543544521,6412542524,8641739653,100010,149.3
female,26.57808219,science,french,6,0,1.435280313,5.7,-0.678035429,3.5,0.851806014,9.2,0.127922228,8.2,0.86496271,12.4,0.520387167,11100011001,4325431242,6362443134,6239163834,110011011,39
female,52.52876712,0,french,1,0,-4.415494561,13.8,-3.040965737,17.8,1.692341555,41.1,1.64726373,19.7,-15.15284495,6.6,-3.853939993,0,3421532415,5622163542,4444444444,0,99
male,27.56712329,science,french,6,0,0.034797025,16.2,1.773448729,30.2,0.019598401,19.8,0.633911068,19.6,0.115116942,9.5,0.515374433,10111011010,5343523212,3623431142,6114322351,10100111,95.3
male,31,science,french,5,0,0.500223415,45,1.036960055,17.3,1.591473532,18.5,1.976435169,9.4,0.528553741,12.2,1.126729182,1.10011E+11,5321433523,5234126532,6893695825,101010001,102.4
female,43.7260274,humanities,french,6,4,-1.482841831,32.7,0.781777371,21.7,1.116711649,22,1.819607204,29.6,1.474187079,19.1,0.741888294,1.00001E+11,3245231545,6532451316,1582465382,1101,125.1
female,38.47945205,science,french,5,4,-0.751286612,5.6,-0.956960541,5.3,1.232114936,9.2,1.33631923,6.6,-3.685850875,6.6,-0.565132772,10011110101,2343512343,5265314426,5624141444,101101011,33.3
male,50.27671233,science,french,7,0,0.108783204,15.9,-1.126483048,6.8,1.582249666,11.4,0.250224531,9.1,1.348764823,10.2,0.432707835,1.00011E+11,3445212433,5514426522,5542698471,110011111,53.4
male,24.96712329,science,french,6,0,-1.191674612,7.8,-0.490516869,13.1,1.20753341,12.6,1.518848382,9.4,2.073961189,7.8,0.6236303,10111011101,2312433154,5235416254,5473296458,110011000,50.7
female,28.41643836,0,french,3,5,-0.846067465,22,1.036960055,25.7,1.434401055,20.8,2.002894311,14.4,1.378719238,10.8,1.001381439,10010011101,2535413253,4351462534,7583498514,101010100,93.7
male,49.16712329,other,french,6,3,0.771756741,10.6,1.821416993,11.6,1.629014055,16.3,0.524940443,16.1,1.40926542,9.7,1.23127873,110010111,3351254331,1355433616,9524856738,11100001,64.3
male,48.92054795,humanities,french,4,1,0.345809681,16.4,-0.252960072,7.5,0.380863896,20.6,0.607493728,11.5,1.441796436,12,0.504600734,1.11011E+11,3521435444,6521146366,6625471398,10101000,68
female,33.76438356,humanities,french,5,3,0.404517268,19.8,-3.040965737,23.1,1.113462724,17.6,1.395504934,11.4,-0.114601878,14,-0.048416538,1.1101E+11,4421535213,1415633251,1742268326,0,85.9
male,28.93424658,science,french,6,0,-0.061574949,17.4,1.773448729,16.3,2.137504904,19,1.623326183,14.4,1.414101655,15.5,1.377361304,111010010,4325145321,1152246315,6726491536,1101011,82.6
female,41.64931507,science,french,4,0,-1.256703796,14.1,1.226951829,4.8,-1.012412942,20.5,1.052682211,10.1,1.27226693,13.4,0.256556847,111,4532111222,2664143522,6872916563,111101010,62.9
female,55.00547945,humanities,french,6,1,-2.429624051,21.8,-3.040965737,8.6,1.523786971,19.4,1.924978014,10.9,1.521916405,12.4,-0.099981679,1.001E+11,2314251314,1526321546,5843794687,0,73.1
female,40.45205479,humanities,french,5,0,0.108783204,21.5,-3.040965737,8,-0.416959735,19.6,-0.974245321,9.2,1.916127467,24.2,-0.481452024,1.00011E+11,4445143442,2522461113,8317962387,0,82.5
male,28.44109589,other,french,6,0,-1.283928445,14,1.821416993,19.7,-4.262019327,21.1,1.976435169,7.5,2.174028829,11.3,0.085186644,1.101E+11,2331111115,5136245113,4587326954,110001100,73.6
female,33.89863014,0,french,3,2,-0.693076878,40.8,1.773448729,51,-0.584227126,103.5,-0.499797406,83.3,-15.15284495,11.8,-3.031299527,1.11111E+11,2232542522,3663236113,6666666666,111001010,290.4
male,41.01369863,humanities,french,6,1,-0.910361982,30.6,0.446237926,32.3,0.167098043,24.6,-0.11508087,35.1,1.183067534,11,0.15419213,1.011E+11,3422254145,3335565423,6562478659,110110010,133.6
male,49.7369863,0,french,2,1,-1.417663558,9.8,-0.791814807,25.5,-0.875870113,14.3,2.355640486,7.7,1.86630319,12.6,0.22731904,1111,1234543543,1425632145,8497326417,110010,69.9
male,33.16438356,science,french,5,0,0.360140724,7.2,0.35618483,10.3,1.193685689,12.5,1.179877782,7.1,-15.15284495,5.1,-2.412591186,11100100101,3251432435,5426153255,5555555555,101110001,42.2
male,26.44383562,science,french,7,0,-0.433304395,7.2,0.189437849,10.1,-1.325175272,15.3,1.105445514,8.9,0.659374308,10.5,0.039155601,11101000001,2443333511,2362564432,6855932477,101110011,52
male,29.96164384,other,french,6,0,-1.283928445,17.7,0.35618483,7.3,0.026819218,23.3,2.469090631,11.4,2.143107142,10.2,0.742254675,1.101E+11,3525122412,2546135264,8129345786,101011100,69.9
female,41.45479452,humanities,french,7,2,-0.301972727,62.2,0.35618483,15.2,1.573088549,29.8,1.692840493,19.8,2.113637588,25.8,1.086755747,1.0111E+11,5133145321,5426534615,5269741532,1110101,152.8
female,41.12876712,science,french,7,3,0.213536737,18.2,0.010229046,11,0.963165217,22,1.369831216,24.2,1.275215915,16.1,0.766395626,1011000101,2523452134,5236321426,8652641896,101101001,91.5
female,24.62191781,other,french,5,0,0.685710118,7.6,0.35618483,6.8,-4.270502937,19.4,0.899352041,7.5,1.893948021,8.7,-0.087061585,1001111001,2154333333,5125314663,8456274139,101010011,50
female,32.58630137,humanities,french,6,3,-1.616294023,13.7,0.35618483,24.1,1.532617685,40.2,0.917620703,44.8,1.764123892,19.7,0.590850617,1.0001E+11,4234543512,3523216532,8596426185,100101010,142.5
male,32.41369863,science,french,6,0,1.19276816,22.7,1.773448729,18,-1.392445606,33,0.228873019,38,-0.00776426,20,0.358976008,10001101111,5115114355,3626516156,7247574583,101110000,131.7
male,26.59726027,science,french,6,0,1.907453695,12.1,1.543792939,19.9,0.33458171,19.2,1.570108338,23.1,1.403374934,12.2,1.351862323,101111001,2312245434,4513356421,8622397584,11010011,86.5
male,43.79178082,science,french,7,3,-0.79783041,23.4,1.036960055,42.3,0.977755599,19.4,1.330811424,17.2,0.640413756,14.3,0.637622085,1.1011E+11,4542513423,5425662135,9953645175,100010101,116.6
male,27.18630137,science,french,4,3,-4.415494561,14,1.336502127,9.7,1.61953036,16.1,1.699986524,7.5,1.661633824,8.9,0.380431655,0,3454132453,2461523241,5241875269,111010100,56.2
male,38.89041096,science,french,4,5,-0.451488597,12.2,1.269405268,14.6,1.568531255,16.2,1.593141473,8.4,0.550103023,8.3,0.905938485,1001001101,3424521432,5263452164,8565424859,10000101,59.7
female,24.56986301,science,french,6,0,0.552068804,29.1,-0.596190895,5.8,-0.718087248,13.8,1.384035956,17.5,-15.15284495,6.2,-2.906203667,1111100100,4213544443,6223452643,5555555555,11101100,72.4
male,37.3369863,0,french,3,0,0.304103338,6.9,0.189437849,8.2,1.9318982,11,1.586521637,7.8,1.514145562,7,1.105221317,11010010100,2435154321,2463321456,5428937123,1100010,40.9
female,45.06027397,humanities,french,6,0,-4.415494561,16.7,-1.298379402,6.5,-0.413831559,14.6,2.240138775,19.6,-15.15284495,8.9,-3.80808234,0,5553332145,5312654321,5555555555,11101110,66.3
female,38.6630137,0,french,3,0,-0.693076878,6.4,0.446237926,16.5,0.825347814,37.2,1.777319263,11.9,-15.15284495,12.2,-2.559403366,1.11111E+11,1225345332,5124561354,6666666666,100000111,84.2
male,22.6739726,0,french,3,0,0.685710118,8.3,0.35618483,6.1,1.149639428,13.4,-0.765385081,7.3,1.457215017,6.7,0.576672862,11000011011,2531242125,5215243363,5485327145,110010101,41.8
male,39.3260274,science,french,7,5,-0.088630552,5.3,-3.040965737,6.8,-6.853404072,12,2.099670154,4.4,2.021266031,8.1,-1.172412835,10011101001,2232222222,1523641526,7415863194,0,36.6
male,45.64383562,science,french,6,4,-0.693076878,53,-3.040965737,7.8,0.998451403,25.7,-9.076491499,7,-4.115843962,9.4,-3.185585334,1.11111E+11,3451123433,5233333333,7575847777,0,102.9
female,57.45753425,science,french,4,0,-0.445466857,17.1,0.35618483,17.6,1.20753341,17.6,1.52831709,14.1,1.999894425,15.1,0.92929258,11101001001,2431254325,1421653425,4752698351,10101100,81.5
male,27.59178082,science,french,7,0,-0.21316844,7.1,-0.678035429,12.4,1.743165665,10.7,0.568783657,7.6,1.359247918,10.6,0.555998674,1001110101,4352331425,5525435124,5745921853,110000001,48.4
male,40.64109589,science,french,6,0,0.18921076,21,0.35618483,17.1,1.692341555,19.8,2.426211157,11.5,1.803081216,16.5,1.293405904,10010001111,4215341253,2643152346,4358639174,100101010,85.9
male,28.60273973,other,french,6,1,-0.061574949,17.4,0.20659518,12.9,0.681366645,12.1,1.576650477,6,0.807012026,6.7,0.642009876,1111111000,3425234533,5344621523,8587462396,110011010,55.1
male,51.28767123,science,french,5,0,-0.79783041,17.8,-0.791814807,14.7,-9.116666283,24.1,1.448316545,20.6,-7.620897251,20.8,-3.375778441,1.1011E+11,4333333333,5245166542,2222226689,101001111,98
male,40.99726027,humanities,french,6,0,0.972396797,7.9,-0.729549989,7.6,-4.270502937,31.3,2.355640486,13,1.316597975,11,-0.071083534,110101111,2345111111,5234165243,8541725871,100101001,70.8
male,28.98082192,science,french,6,0,-0.301972727,13.2,1.036960055,7.7,1.908271645,12.5,1.671619683,5.1,-0.303351455,10.2,0.80230544,1.0111E+11,4351245132,6245321563,6345636412,110101010,48.7
female,21.49315068,0,french,3,5,-3.531128974,14.9,1.466399166,16.6,0.362159719,24.8,1.037012471,25.7,1.307905843,10.9,0.128469645,10101010101,2324231453,5366424321,5626874192,100011100,92.9
female,24.29589041,humanities,french,5,0,-2.429624051,18.8,1.773448729,18.3,-0.020137899,19,1.827435724,12.7,1.885894614,20.3,0.607403423,1.001E+11,2421355522,1563421153,5462789542,1010011,89.1
male,29.64657534,science,french,5,4,1.435280313,14,1.336502127,24.1,1.785252811,24.5,1.827435724,12.3,1.803081216,11.7,1.637510438,1101011100,3125432214,5233415623,8527154398,11001010,86.6
female,67.34246575,humanities,french,6,3,-0.369969093,38.3,0.35618483,75.2,0.048716921,32.7,0.466084434,29.1,0.348659242,52,0.169935267,1.11001E+11,1135132551,6631221454,6473274847,101110001,227.3
male,27.16438356,0,french,3,3,-0.251212237,13.6,0.20659518,13,1.908271645,14.9,1.472446549,13.8,1.999894425,8.8,1.067199112,11010110010,2413524312,5422363215,1458627953,10110011,64.1
male,52.16712329,humanities,french,5,0,-0.301972727,15.1,1.036960055,7.8,1.856580389,14,1.401275016,10.3,2.244683152,14.2,1.247505177,1.0111E+11,4354213245,1663542116,1523784691,10101110,61.4
male,44.11506849,other,french,6,5,-0.683787013,10,0.068744507,21.5,1.968133903,15,0.317642882,9.8,1.428158576,10.8,0.619778571,1011101101,3421354312,5634153341,5611748256,101010101,67.1
male,38.72876712,science,french,5,1,0.626054983,7.7,1.821416993,22.3,1.64336601,11,1.777319263,7.1,2.244683152,11.3,1.62256808,11000110010,3241152435,5214315621,5142876935,11110001,59.4
male,39.7890411,other,french,6,0,0.588321834,7.9,0.35618483,4.2,0.639641753,13.3,2.01182686,6.7,-15.15284495,5.9,-2.311373936,1001011001,4321543215,5211364512,5555555555,1110101,38
female,33.70136986,other,french,4,0,-1.283928445,26,0.20659518,20.4,1.319972981,24.7,1.863218736,10.7,2.054701956,10.8,0.832112081,1.101E+11,5425145231,2635146526,8341965827,10111001,92.6
female,23.36438356,humanities,french,6,1,0.685710118,7.4,-0.688451355,16,1.136371547,16.2,1.253302059,18.1,1.57474468,13.6,0.79233541,100000111,2324543221,2665613462,5234657841,100011111,71.3
male,27.2739726,science,french,6,0,1.19276816,13.6,-0.252960072,15.5,1.81224127,17.7,1.392628828,17.6,1.607635239,11.6,1.150462685,1110010111,2413255124,5264352561,7564214593,101110101,76
male,63.38356164,other,french,6,0,0.165508595,30.6,-2.438154003,30.6,1.028579708,26.4,-0.071562209,17,1.988928063,15.2,0.134660031,1.1001E+11,2441254521,2642261341,5296178239,111101111,119.8
male,27.01917808,science,french,6,1,-0.635883352,19.5,0.20659518,8.2,0.838511937,13.2,0.907441893,24.9,1.887173035,13.5,0.640767739,1.0011E+11,4245121533,5244313554,6435924873,10110011,79.3
female,40.44383562,science,french,6,0,-0.088630552,9.7,0.145914825,10.9,1.335189856,14.1,1.339081318,7.7,-15.15284495,9.5,-2.484257902,11010001101,4425314351,1526543652,5555555555,101001110,51.9
male,53.07671233,science,french,6,0,0.534461914,18.9,-0.265943141,18.4,1.885052465,20,2.198539478,12.2,1.344900161,12.3,1.139402176,11001111001,2453132415,2536431265,8634956528,101100101,81.8
female,26.6630137,science,french,6,3,-1.283928445,15.2,0.089538752,8,1.743165665,13,1.792548627,7.3,0.864019702,15.6,0.64106886,1.101E+11,3431521453,5246531625,1853541764,1111101,59.1
male,22.44931507,humanities,french,4,1,0.374697463,14.6,0.32143388,19.9,0.884257683,14.8,0.993188955,12,1.175323261,7.9,0.749780248,1001110100,4225431213,2524263514,5186523574,10111010,69.2
female,10.19452055,0,french,1,3,-0.702274305,36.2,0.068744507,32.7,1.879309689,85.9,1.967725935,71.9,2.244683152,45.2,1.091637796,11001100010,3254311425,5132646352,6325897416,10101010,271.9
male,63.40821918,other,english,6,3,0.665394272,40.8,1.821416993,48.6,-7.428618527,38.2,2.043549566,28.4,0.895446706,17.3,-0.400562198,1011001110,3111111115,4362561435,4196522578,10011101,173.3
female,28.41917808,humanities,french,5,2,-1.010668449,6,0.32143388,13.7,0.827970364,15.1,2.048140914,7.4,2.244683152,6.9,0.886311972,11001100110,4351223444,5623412564,5231498765,101000101,49.1
female,34.59726027,science,french,7,3,-0.590539089,17.7,-0.179909136,15.8,1.316195478,21.9,1.433444761,14,0.498940104,9.1,0.495626424,1.10101E+11,2231423521,4254361564,7854786239,1011110,78.5
male,36.50684932,science,french,6,1,-0.251212237,12.3,1.036960055,9,1.370069824,11.9,1.145770098,7.3,2.054701956,9.7,1.071257939,1011110100,4221325421,5442361215,8324765819,101010001,50.2
male,19.15342466,science,french,4,2,-0.720399077,10.8,-0.688451355,12.1,1.908271645,10.3,1.703573328,5,1.742176632,5.5,0.789034235,1011011010,3521433254,1643251632,7523684196,10001001,43.7
female,21.14794521,science,french,5,0,-0.251212237,7.5,1.218460494,13.9,1.377945163,9.2,1.179877782,6.2,0.758710128,9.9,0.856756266,110110100,3553122435,1152664352,8856918278,111101000,46.7
male,36.02465753,science,french,7,0,1.390181916,11.2,1.773448729,13.8,-9.116666283,35.3,1.177413638,13.9,0.28746868,20,-0.897630664,1011100111,2333333333,2354425623,1475412546,11101001,94.2
male,18.03561644,0,french,3,2,-0.610967186,7.5,-3.040965737,8.4,1.316195478,9.6,1.481604126,6.1,1.27226693,13,0.083626722,1011010100,2411335243,1425136654,8575234615,0,44.6
female,44.16438356,other,french,4,3,-0.880661956,36.8,-0.490516869,43.1,0.577201738,22.9,1.263740108,20.1,0.354750847,12,0.164902774,10010110010,4312454451,6146313245,9658465986,11001101,134.9
female,44.38356164,0,french,3,0,-2.374336631,23.4,1.821416993,16,1.476226748,24.4,2.240138775,15.2,1.678303867,15.6,0.96834995,10010010011,2143542141,3456132465,7541278569,11110001,94.6
female,26.35068493,other,french,4,2,0.552068804,16.3,0.35618483,19.6,1.845357998,15.9,0.679658361,18.3,0.972573078,12.3,0.881168614,1111100100,4213543421,5622453511,5368544917,101110001,82.4
female,26.0630137,science,french,6,1,-0.043087657,22.4,-3.040965737,9.1,1.480481662,12.6,1.671619683,9.1,0.032781557,9.1,0.020165902,1111100000,4235135244,6512354263,1144552689,0,62.3
female,45.99178082,humanities,french,6,0,-0.693076878,30.5,-3.040965737,17.9,1.446812932,18.9,0.940279299,22.2,0.836363969,18.1,-0.102117283,1.11111E+11,2143524152,6346154636,5764856497,0,107.6
male,37.72876712,0,french,3,4,0.165508595,12.4,0.145914825,16.7,1.702354085,18.9,1.904085974,20,1.713662116,16.1,1.126305119,1.1001E+11,2214325413,4215432614,5248761795,101001110,84.1
female,47.81643836,other,french,6,3,0.534461914,46.1,-0.596190895,11.2,-3.272274249,38,-0.222792774,28.3,-2.08086183,15.5,-1.127531567,1110111,4532322222,5354563355,8687799888,11101100,139.1
female,37.85205479,humanities,french,6,0,-2.429624051,30.6,1.821416993,14.1,1.545973289,22.8,2.153178307,15.6,2.143107142,13,1.046810336,1.001E+11,4352143455,2645136412,5234178956,10011101,96.1
male,55.74520548,science,french,4,0,-0.857743415,20.2,0.20659518,8,1.38190017,13.4,1.333562606,12.6,1.07305363,15.8,0.627473634,11010010010,3253142341,2516653432,5362457796,100001101,70
female,32.53424658,science,english,7,4,0.304103338,5.9,-3.040965737,11.3,0.555585238,10.6,1.570108338,7.6,0.798314004,16.8,0.037429036,11010010100,3251324524,2635315432,3585782654,0,52.2
male,29.78356164,0,french,3,0,-1.438529766,9.5,-1.298379402,15.4,0.870640994,23.5,0.842064434,13.7,1.004864444,11.8,-0.003867859,1.01101E+11,5342255451,6235114251,5476219624,100010001,73.9
male,9.830136986,0,french,1,0,-1.372248554,41.6,0.32143388,22.2,1.497637041,28.3,1.851188679,25.2,0.604291544,29.5,0.580460518,11101101101,1245332451,6253415625,7281546558,101000101,146.8
male,30.20821918,science,french,4,0,0.771756741,14.3,0.35618483,11.2,1.523786971,21.1,2.277585599,22.3,1.3890109,15.8,1.263665008,1110011000,5423112234,5342616435,5628871934,10100011,84.7
male,32.58082192,other,french,4,3,0.665394272,26.8,0.068744507,14.9,1.896612013,21.9,0.991033544,14.6,-2.447042857,19.1,0.234948296,1011001101,3324515432,6435652131,6665288841,10101010,97.3
female,43.2109589,science,french,6,0,0.404517268,24.5,1.821416993,15.6,1.515013786,24.4,1.616561738,14.5,1.742176632,11.6,1.419937284,1.1101E+11,5324315324,5146352315,1823547965,10110101,90.6
male,68.73972603,0,french,3,NA,-4.415494561,21.3,-3.040965737,20,-6.045376191,7.8,-11.37692329,5.8,-3.446301739,9.1,-5.665012304,0,1122222223,6666666666,1114447788,0,64
male,25.71232877,science,french,6,5,-0.79783041,7.9,1.821416993,6.6,-0.349691863,11.9,0.9465234,10,-15.15284495,9.7,-2.706485367,1.1011E+11,4211252223,2521664522,9999999999,10001101,46.1
male,47.67123288,0,french,3,4,0.74948256,18,0.20659518,16,1.401851336,15.9,0.909471715,22.2,0.741022489,14.4,0.801684656,1010111110,3245113344,4425214361,4528465487,10011110,86.5
male,27.84657534,science,french,6,0,-1.036525626,10,1.821416993,6.2,-0.06415993,14.7,0.373199477,7.8,0.74555644,9,0.367897471,110010,2344215554,1216543323,5659443285,101001010,47.7
male,19.12054795,0,french,3,0,0.451132209,27.2,1.821416993,24.3,0.260238892,36.5,1.70716939,22.6,-12.48233388,13.8,-1.648475279,11100111001,3531352314,2523614526,8899999999,101110010,124.4
male,23.96164384,humanities,french,6,0,-0.702274305,6.6,0.35618483,21.2,0.023926244,9.5,0.243910642,8.1,1.480073293,12,0.280364141,10001100110,3213245344,5215526413,8562317419,10100011,57.4
female,21.72328767,other,french,4,1,-1.438529766,18.2,1.821416993,14.5,1.515013786,14.1,1.703573328,10.5,1.847312966,11.7,1.089757462,1.01101E+11,3245124351,5316245362,8437915746,11100001,69
female,46.21369863,other,french,7,0,0.317797423,19.5,0.145914825,15.4,0.44055494,17.4,-0.444020897,11.2,0.479557158,13.5,0.18796069,10111001010,3452441344,6554446345,9882683176,110001101,77
female,46.8109589,humanities,french,5,1,-4.415494561,17.5,0.781777371,15.1,-2.036761524,17.4,1.242941618,11.1,-15.15284495,6.6,-3.91607641,0,3321454444,5532654612,5555555555,1101,67.7
female,46.8109589,humanities,french,5,1,-4.415494561,17.5,0.781777371,15.1,-2.036761524,17.4,1.242941618,11.1,-15.15284495,6.6,-3.91607641,0,3321454444,5532654612,5555555555,1101,67.7
male,28.16438356,science,french,7,0,1.060495216,37,0.35618483,40.9,0.686083564,37.5,2.420191826,19.4,1.640305891,10.8,1.232652265,1011101001,2454121243,3162543612,5928142578,10100011,145.6
female,30.8109589,0,french,3,1,-2.429624051,21.7,0.189437849,23.9,1.434401055,13.8,1.623326183,12.9,1.778022105,16,0.519112628,1.001E+11,2433123544,5143265251,5628497364,1100010,88.3
male,27.78082192,0,french,3,1,-0.097475919,15,1.821416993,12.2,0.547034866,23.6,1.843225955,14.8,1.803081216,13,1.183456622,1.01111E+11,2114533551,4351246321,7536489247,101001010,78.6
female,64.28493151,0,french,3,5,-0.693076878,17.9,-3.040965737,13.5,-9.982032341,15.4,-11.37692329,17.7,-15.15284495,6.7,-8.049168641,1.11111E+11,3333333333,5555555555,5555555555,0,71.2
male,35.64657534,humanities,french,4,4,0.727732527,19.4,0.068744507,9.5,-9.982032341,16.3,0.115227977,14.4,0.95727749,11.4,-1.622609968,11010111,1111111111,2334352566,6458626971,101010101,71
female,23.39178082,humanities,french,4,1,-0.097475919,12.6,0.35618483,28.3,0.734184358,18.6,-0.607806539,9.6,-0.839416634,13.6,-0.090865981,11100110011,3342235114,2663554111,5366394144,10100011,82.7
male,25.41643836,science,french,7,0,0.331697441,8.5,1.773448729,16.4,0.995475316,8.7,1.93342333,5.4,1.302889209,7.4,1.267386805,1001110110,4215434254,1543266154,5239651754,1101011,46.4
male,27.37808219,science,other,6,0,-0.414755268,22.6,1.821416993,24,0.971900463,33.5,2.05274744,15.4,-15.15284495,13.4,-2.144307065,1001001011,5455231154,5362514263,5555555555,10110101,108.9
male,30.56438356,science,french,4,0,0.389487119,9.9,1.336502127,11.1,1.401851336,16.3,1.082259074,16.6,1.41195035,21.8,1.124410001,1010001101,4232145322,5244351253,7265364257,10001011,75.7
male,54.78082192,other,french,6,0,1.00084008,18,1.336502127,35.3,0.653406905,22.7,0.312339458,40.1,0.369743258,18.2,0.734566366,11010111001,4251145255,5366515332,5627574188,111010100,134.3
female,26.58356164,science,french,6,1,-0.197501391,8.8,1.226951829,23.6,1.992844304,8.6,1.330811424,7.8,1.509272769,8,1.172475787,1000011110,3524312354,2653524153,5628431289,100010100,56.8
female,37.10958904,humanities,french,6,0,0.404517268,11.6,-3.040965737,16.2,1.133074901,22.3,1.10778552,20.2,1.925838252,18.4,0.306050041,1.1101E+11,5215423312,6351652324,5346287196,0,88.7
female,75.03287671,other,french,6,0,-0.590539089,14.7,0.068744507,27.5,1.106988293,21.8,0.259112316,12.7,-15.15284495,9.8,-2.861707786,1010100110,2513223453,6543224666,4444444444,101010101,86.5
male,55.14794521,other,french,7,0,0.817983063,10.5,-0.688451355,11.5,-7.823521473,12.1,1.100777259,14.1,1.457768534,14.2,-1.027088794,1110011001,3455555555,2451326225,1458432571,11100000,62.4
male,47.62465753,other,french,6,0,0.389487119,23.4,1.336502127,46.7,1.81224127,23.4,1.61319179,18.4,-0.858843087,14.5,0.858515844,10011101011,1134521435,2451635236,3754659655,101110,126.4
male,36.07671233,0,french,3,0,-3.495939066,13.7,-0.729549989,14.9,-9.982032341,11.9,2.355640486,8.8,1.667487544,10,-2.036878673,1,1111111111,1235642135,5217623984,11000110,59.3
female,27.46575342,humanities,french,6,2,-1.527003245,14.8,0.189437849,8.1,2.096486127,9.5,0.29262947,7.5,1.925838252,9,0.595477691,1.01001E+11,3451214352,2364233135,5326814796,110011101,48.9
male,26.81369863,science,french,7,0,-0.635883352,16,1.269405268,12.8,0.614765361,25.9,1.75106193,16.2,0.870632869,26,0.773996415,1.0011E+11,2415423523,1431264351,6534416523,100001100,96.9
female,57.26849315,0,french,3,5,-0.189567147,53.8,0.145914825,29.9,1.986624066,39.3,0.798246911,31.4,-6.470020087,14.3,-0.745760286,1.10111E+11,1245535421,6214445623,5555888899,10110001,168.7
female,31.80821918,0,french,3,0,-0.590539089,89.7,0.145914825,30.6,-2.506977623,21.8,0.693506653,25,-14.07232956,22.7,-3.266084958,1.10101E+11,4534155555,6325541355,4333333333,100011010,189.8
female,53.09041096,humanities,french,6,4,-1.172615508,14.1,1.336502127,13.7,1.467757041,15.4,1.339081318,11.9,2.054701956,9.5,1.005085387,1.01011E+11,2415423143,2654562136,5628439517,100010111,64.6
male,37.60821918,science,french,4,3,0.389487119,14.1,0.35618483,8.2,-0.233112527,7.4,0.919665418,5.5,-0.506364382,8.4,0.185172092,1000011011,3423532121,5235466255,5865479888,10100011,43.6
female,40.84931507,other,french,5,2,-0.251212237,11.4,-0.596190895,9.9,1.577661317,15.6,1.899944893,14.6,1.376879245,10.5,0.801416465,1011011000,4552113524,2532461235,5642589345,110100011,62
male,34.0739726,science,french,6,0,1.306093628,6.2,0.145914825,3.8,0.714737391,5.9,0.9465234,6.1,-1.841214361,8,0.254410977,11100101100,2454322311,6224115266,5488622322,101001110,30
female,59.26849315,other,spanish,5,5,-0.205368109,21.9,-3.040965737,21.7,0.612526493,16.7,1.490822283,12.1,2.113637588,16.4,0.194130504,10111100010,3242543442,2136655234,5793642159,111111111,88.8
male,26.03835616,science,french,5,4,-0.932027047,10.9,0.145914825,13.8,1.999093406,12.4,1.920774472,8.2,1.406049646,7.7,0.90796106,11010010101,2341245321,5134621345,5341875398,101001110,53
male,26.00547945,science,french,6,0,-0.140475941,8.1,0.35618483,13.3,1.72260528,14.8,1.633534822,13.4,1.708119409,8.1,1.05599368,1001101011,3524123541,3625311465,5349826581,110010101,57.7
female,31.32876712,science,french,4,0,0.41979586,10.2,0.781777371,6.9,1.484750062,14.3,0.965425358,9.5,0.232738592,9.5,0.776897449,11110110100,4325312432,4351244612,8436187577,11111001,50.4
male,52.32054795,other,french,4,0,-3.531128974,26.3,-3.040965737,25.9,-0.233112527,38.4,1.418730021,19.2,-15.15284495,9.1,-4.107864434,10101010101,3345354345,2534135146,6666666666,0,118.9
male,36.15068493,0,french,3,3,0.165508595,10.4,1.466399166,5,1.068782069,15.4,1.457316401,9.7,2.143107142,10.9,1.260222675,1.1001E+11,3155542315,6251341251,5214893762,10101101,51.4
male,42.78630137,science,french,6,1,-2.090507878,180,0.145914825,11.8,1.339021093,18.8,1.129024299,18.8,0.287858311,17.1,0.16226213,10010101000,5141535241,3424531364,3639265153,101001110,246.5
female,43.30136986,other,french,6,4,0.201293726,17,0.189437849,14,-1.435169366,23.6,1.433444761,17.5,1.496731682,17,0.37714773,11000011000,5355251555,5362241651,6127953611,1100010,89.1
female,31.25205479,other,french,4,3,-0.645664753,30,0.189437849,12.4,1.624263859,17.9,1.0237201,17.8,-15.15284495,10.2,-2.59221758,1011010110,5314235312,4351624623,4444444444,10100001,88.3
female,53.68493151,0,french,3,5,0.74948256,14.5,1.773448729,19,2.043668414,18.8,0.416727108,13.2,0.667405936,13.1,1.130146549,11000111010,3524513425,2162313156,5856249733,111100010,78.6
female,55.74246575,0,french,3,4,0.665394272,13.1,1.821416993,15.4,0.343711772,28.3,1.066255107,19,1.803081216,13.1,1.139971872,1011000010,2532241214,3562516456,5192674365,10011101,88.9
male,17.77260274,0,french,3,2,0.685710118,6.3,0.20659518,10.4,1.586853702,11.2,1.851188679,8.3,-9.913096966,7.8,-1.116549858,11000011011,2431325342,2653615243,5555555742,10110011,44
male,16.64657534,0,french,3,0,0.606995879,4.1,-0.596190895,17.6,-3.963313348,8.2,0.041399143,4.8,1.390732856,7.9,-0.504075273,11010000101,3433133333,2255563415,5826741322,1011100,42.6
female,23.89589041,other,french,6,0,-0.014644373,12.9,1.821416993,22.6,0.998451403,15.9,0.969660841,16.6,-15.15284495,6.3,-2.275592018,1001101100,2314233451,5234265342,5555555555,10100101,74.3
female,58.04109589,other,french,4,0,0.626054983,10,-0.729549989,7,1.297465286,14.5,1.039240246,8,1.549572947,9.1,0.756556695,1010011101,5121453342,5362343315,7549212368,11000110,48.6
female,30.55342466,other,french,5,4,-0.336596018,29.9,0.145914825,34.6,2.223492344,24.1,1.52831709,19.9,1.351346642,15.8,0.982494977,11010011010,5234512435,5264513263,5994387126,10011100,124.3
female,25.31506849,other,french,6,4,-0.693076878,25.3,-0.596190895,25.4,1.264393743,24.5,1.633534822,24.9,2.143107142,20.5,0.750353587,1.11111E+11,4522311454,6521644351,2698541736,100101011,120.6
female,18.96164384,0,french,3,3,1.00084008,18.7,0.35618483,41,1.52819509,20.2,0.635578899,12.9,0.591829716,11.8,0.822525723,11010111001,3152344532,5365541162,5688723119,100011101,104.6
female,38.90958904,other,french,5,0,-0.336596018,14,0.145914825,27.7,1.667631154,20.7,-2.218417709,11.5,1.893948021,6.7,0.230496055,11101001000,4355321354,3342661111,8547265931,1110010,80.6
female,38.90958904,other,french,5,0,-0.336596018,14,0.145914825,27.7,1.667631154,20.7,-2.218417709,11.5,1.893948021,6.7,0.230496055,11101001000,4355321354,3342661111,8547265931,1110010,80.6
female,56.23013699,0,french,3,5,0.108783204,29.6,1.466399166,19.4,1.550454755,21.8,-4.844393141,15.8,1.847312966,19.2,0.02571139,1.00011E+11,5322315432,2656566666,3684158962,10101101,105.8
male,49.6,0,french,3,0,0.360140724,22,-3.040965737,30.1,0.01098422,17.6,-0.140171781,15.9,1.395644332,13.4,-0.282873648,11100001111,2433551112,3544162224,4562473921,111111111,99
male,43.68219178,science,french,7,0,-4.415494561,21.7,-3.040965737,18.6,-9.982032341,25,-11.37692329,15.1,-15.15284495,17.8,-8.793652177,0,1111111111,6666666666,5555555555,0,98.2
male,26.4630137,science,french,7,0,-0.088630552,6.3,0.285179156,9.1,0.202924751,8.4,0.952795607,4.9,2.054701956,6.7,0.681394183,10011101001,3423451521,5142213646,8574631829,101000100,35.4
male,43.2109589,science,french,6,0,0.331697441,11.8,1.773448729,25.6,0.914708044,22.2,1.51570639,16.2,0.933824911,11.2,1.093877103,1001110110,5452341214,2615214236,5645218257,10001111,87
female,66.62465753,0,french,3,5,-4.415494561,21.1,1.466399166,20.2,-1.114219071,103.1,1.547449743,47.2,1.302513617,23.9,-0.242670221,0,4335555221,5142312561,2547916462,10010101,215.5
male,24.10684932,0,french,3,0,0.404517268,16.4,0.35618483,51.6,0.989542799,34.8,1.037012471,27.9,-15.15284495,21.4,-2.473117517,1.1101E+11,4534234125,1143542451,4444444444,1110101,152.1
male,41.81369863,science,other,6,0,0.238520252,20,-3.040965737,14.3,1.697338515,23.2,2.007353428,12,1.558114976,11.6,0.492072287,1000110110,4523154234,6245135461,6572942761,0,81.1
male,41.81369863,science,other,6,0,0.238520252,20,-3.040965737,14.3,1.697338515,23.2,2.007353428,12,1.558114976,11.6,0.492072287,1000110110,4523154234,6245135461,6572942761,0,81.1
male,21.68493151,science,french,5,0,0.665394272,8.6,1.036960055,10.4,-4.270502937,11.6,0.774076661,7.9,0.17335232,12.1,-0.324143926,1111001000,2431555555,2452133266,5625447798,101010001,50.6
female,62.7890411,other,french,6,0,-4.415494561,38.9,0.723053306,93.4,-2.193116338,56.2,2.272174046,37.9,-15.15284495,19.1,-3.7532457,0,1523411111,6531214563,5555555555,11001001,245.5
male,39.3260274,humanities,french,5,1,-0.189567147,33.1,-0.596190895,49.9,1.554951183,27.5,0.834344343,16,0.882035949,20.4,0.497114687,1.10111E+11,5113244135,5316643614,5125683265,11001110,146.9
female,56.6739726,humanities,french,5,2,0.665394272,16.8,0.20659518,17.5,2.315346967,19.4,2.123737643,11.4,1.283231108,12.2,1.318861034,110101110,4123543215,2634156124,5417896232,101100001,77.3
female,41.12876712,humanities,french,6,0,0.225944088,35.1,0.35618483,26.5,0.10124031,13.8,1.384035956,18.1,1.267609176,6.6,0.667002872,1.00111E+11,4425431151,3255643542,8536265417,10100011,100.1
female,47.52054795,0,french,3,0,-0.693076878,21.8,0.145914825,61,-9.116666283,32.4,0.318971898,32.7,2.043341365,21.9,-1.460303015,1.11111E+11,1444444444,5242662412,5268741596,101100011,169.8
female,35.97534247,other,french,4,0,0.201293726,8.7,-3.040965737,6.2,1.022499883,9.6,1.378336672,5.3,1.326991698,9.2,0.177631248,11110001100,1342153421,5422365145,5862485693,0,39
male,43.00273973,science,french,6,1,0.165508595,17.5,0.35618483,21.7,1.573088549,34.6,1.70716939,11.5,1.925838252,11.5,1.145557923,1.1001E+11,4354241532,5342561524,5348725619,11100010,96.8
female,21.78082192,science,french,4,0,0.665394272,6.7,-0.596190895,18.9,0.316505209,10,0.798246911,18.7,1.320645754,8,0.50092025,101101000,3142314524,1552334155,5968923578,1010110,62.3
male,39.29315068,science,french,7,0,0.331697441,6.5,0.781777371,14,0.744014176,10.8,-1.327537182,7.6,1.619882833,9.8,0.429966928,1010001011,3431214342,2265226454,5621491235,11111001,48.7
male,33.2739726,science,french,5,4,0.201293726,7.2,1.452177581,5,-0.3616818,8.5,-0.385116399,6.9,0.301164523,9,0.241567526,1111000,3445433223,1145214333,4225684563,101101,36.6
male,38.73972603,science,french,6,0,2.282238792,10.4,-0.490516869,12.5,0.480518676,23.9,0.55139466,12.3,-2.071739381,11.8,0.150379176,100110111,2554532423,1216636215,7558655652,11110000,70.9
male,49.24657534,science,french,7,0,0.665394272,6.2,1.773448729,7.1,0.296897358,14.4,0.419582586,4.7,0.756949825,8.2,0.782454554,11101011000,2435241113,5322561125,5126685435,1101011,40.6
female,24.55890411,other,french,6,0,1.030186475,21.2,-0.678035429,44.7,1.221525007,15.3,0.809545402,30.6,1.902781659,15.2,0.857200623,101110010,3423145521,2142556514,6245896714,11111100,127
male,38.55342466,science,spanish,7,0,1.19276816,19.5,-0.596190895,24.3,-2.938877751,17.9,-1.046456842,26.1,-0.509857682,11.5,-0.779723002,11110011110,2222232142,4221555315,5449588211,11001110,99.3
female,36.62739726,science,french,7,0,-0.693076878,13.3,-2.023993528,25,-0.495841866,60.2,0.031627965,31.1,-1.554414322,17.3,-0.947139726,1.11111E+11,1143315552,5441461565,5551662889,10000000,146.9
male,23.69589041,other,french,6,1,-1.264208577,5.3,1.773448729,12.2,2.223492344,20.4,0.950701733,5.3,1.516012755,6.8,1.039889397,1.0101E+11,2435123452,4125625415,8574169536,111001010,50
female,49.2630137,science,french,7,0,0.918008535,8.2,0.20659518,13.2,0.814908389,10.3,0.838199042,8.5,1.485700121,10.7,0.852682253,1010011100,1213454324,1213545662,2547563849,1100101,50.9
female,25.06575342,other,french,6,0,0.665394272,17.5,0.35618483,16.9,1.119968432,33.8,1.070808944,16,1.18654773,13.7,0.879780842,110110010,4415314342,2663453316,5683596785,1101010,97.9
male,33.09315068,science,french,6,0,0.177283707,8.3,1.336502127,3.9,-2.240997224,20.7,0.798246911,5,0.638294152,11,0.141865934,1101010110,4532232223,2563111456,5845623439,10001011,48.9
male,25.39452055,science,french,6,0,-0.580153207,8.4,1.821416993,17.5,0.804549269,10.6,0.802002905,6,1.171408117,8.6,0.803844816,101110101,4253111544,2236115443,5362487112,110011100,51.1
male,37.48219178,science,other,4,3,-0.590539089,14,1.773448729,24.5,1.554951183,16.3,1.53785058,20.3,0.351905111,9.2,0.925523303,1.10101E+11,4251344251,5652431426,5682547874,1010011,84.3
male,35.25753425,0,french,3,2,1.907453695,10.4,-0.596190895,11.8,1.515013786,15.8,-3.467329309,6.2,-2.928453299,9.4,-0.713901204,11000010111,2431543215,2444446332,5345865555,100011001,53.6
male,24.06849315,humanities,french,6,1,-1.283928445,12.7,1.336502127,14.1,0.33822631,19.2,0.881319789,18,1.643423961,9.6,0.583108748,1.101E+11,4423515235,6224135121,8345196845,11101000,73.6
male,27.16164384,science,french,6,1,0.108783204,10.1,-0.265943141,8.8,1.834228356,9.8,1.433444761,6.3,0.39598664,7,0.701299964,1.00011E+11,3432151234,2254135625,5628541747,10110010,42
male,50.10410959,science,french,7,0,0.165508595,15,1.336502127,15.9,1.657872568,18.2,1.93342333,14.6,-15.15284495,8.1,-2.011907667,1101101110,3243512143,2653314265,5555555555,111010001,71.8
female,26.34246575,science,french,7,0,0.727732527,26.9,-0.47314368,20.9,-0.413831559,45.7,0.225138832,30,0.37908453,20.7,0.08899613,101111010,2442553531,5224511636,5244867741,111101100,144.2
male,25.00821918,science,french,5,1,-0.531916152,6.9,0.35618483,29.5,1.286350953,19.7,1.512571466,8.7,0.655497647,10.6,0.655737749,10001101010,5145231344,5261455231,5422189665,11100010,75.4
female,36.05753425,humanities,french,6,0,-0.140475941,11,1.821416993,10.9,1.624263859,18.3,2.099670154,8.9,1.845533416,10,1.450081696,1001101011,2143352142,2154326154,5432195346,110011100,59.1
male,31.03561644,humanities,french,5,0,-1.283928445,19.7,0.20659518,9.5,1.268028506,18.2,1.0237201,14.3,0.310626565,10.7,0.305008381,1.101E+11,4231432544,2656324614,5136885834,101001100,72.4
male,40.81643836,0,french,3,0,-4.415494561,14.5,-3.040965737,17.8,-9.982032341,17.4,0.893315326,27.1,-12.36016847,17.1,-5.781069157,0,3333333333,5134226421,4444444412,0,93.9
male,42.84383562,humanities,french,5,0,-0.189567147,15.6,-0.490516869,25.7,-0.053288597,26.9,0.660838919,44.4,-0.987370949,22.2,-0.211980928,1.10111E+11,1144123552,2236621324,2326762566,110100101,134.8
female,49.76438356,science,french,7,4,-0.520846154,29.3,0.189437849,20.2,0.277570908,35.9,1.057191836,13.5,0.827499735,10.9,0.366170835,1111010,4335551235,4235614566,5948265982,11110101,109.8
female,24.91232877,other,french,6,1,1.22902119,12.1,1.821416993,19.7,1.489032034,17.1,1.534665498,12.7,2.043341365,10.5,1.623495416,11000110100,2435423251,4353642531,5283496518,101100010,72.1
male,32.44383562,science,french,6,0,0.251269885,38.3,1.821416993,50.1,1.692341555,43.8,-0.027677706,35.4,0.821618352,6.5,0.911793816,11101100001,3523124351,3244132532,2428159754,101011010,174.1
male,31.42739726,humanities,french,6,0,1.701194572,9.5,0.35618483,7.3,1.541506688,17,-0.222792774,8,1.376879245,8.3,0.950594512,101110100,2311534231,2246512511,5486952475,101110001,50.1
male,38.37260274,other,french,5,0,-1.283928445,14.2,0.35618483,31.1,1.823189941,14.9,2.513331583,9,-15.15284495,7.2,-2.348813409,1.101E+11,4213524132,5132462153,5555555555,10100011,76.4
male,24.47945205,science,french,6,0,1.030186475,12.9,0.145914825,18.8,0.167098043,24.9,1.093804069,17.9,1.441248606,14.5,0.775650403,100111101,3423345223,5245426351,5914538167,1110010,89
female,33.2739726,other,german,5,1,0.087033171,12.4,0.189437849,9.3,1.480481662,15.5,1.589827624,12.6,1.943169702,8.5,1.057990002,1000101110,2423521342,1523165431,4259312845,10100001,58.3
female,53.60547945,humanities,english,5,4,1.00084008,13.9,-3.040965737,12.4,0.336402777,21.3,1.747350948,10.6,2.054701956,12.3,0.419666005,1101011000,4443524145,5423615523,4156893275,0,70.5
male,34.31232877,science,french,6,3,0.517184144,25.7,0.35618483,15.3,1.559462675,43.1,0.796372704,18.1,1.351346642,13.9,0.916110199,1011101100,3245145352,3146351663,4982753661,101010011,116.1
,14.61643836,0,french,2,5,1.435280313,14.1,1.036960055,11.2,1.097334638,22.4,1.355769816,25.2,0.704881431,13,1.12604525,111110010,2345211315,5214245163,8414526541,101010001,85.9
male,56.12328767,science,english,6,0,0.404517268,9.4,1.336502127,11.8,-0.073600883,11.5,1.177413638,6.2,0.603016943,11.9,0.689569819,1.1101E+11,3512222435,5523314251,6453778449,100110101,50.8
male,30.5369863,science,french,6,0,-0.451488597,33.1,-0.09938208,29.6,0.968982414,30,1.531487679,28.8,0.214050299,38.5,0.432729943,111110,1352412114,6524531142,9492164227,1000001,160
female,27.00821918,0,french,3,3,0.331697441,29.9,-0.596190895,28.1,2.208774394,32.8,1.194754859,24.7,1.667487544,18.8,0.961304669,1011100110,3524151432,5254334152,8614562973,110010001,134.3
female,33.71232877,science,german,7,0,-0.664922403,19.6,0.145914825,6.9,0.781528553,19.9,0.399716037,27.4,0.352311325,15,0.202909667,10010001010,4542531143,5233414221,5644721416,110001101,88.8
male,33.75342466,science,french,6,0,1.907453695,12.2,0.781777371,13.9,-0.211449662,25.7,0.750318514,23.5,-0.059980692,13.5,0.633623845,1111010110,5233234345,4425154363,8533562273,10011111,88.8
male,25.36986301,science,french,6,0,0.817983063,10.5,-0.956960541,21.8,1.071924845,11.9,1.082259074,13.6,0.569617262,10.6,0.51696474,11101001110,4231142541,5163543512,5564853968,1010010,68.4
female,18.50136986,0,french,3,2,-0.097475919,14.7,1.336502127,21.1,0.909120156,25.9,0.615695476,15.9,1.10478109,12.8,0.773724586,11000001010,3352455325,4153633213,4258751659,101011001,90.4
male,22.51506849,science,french,6,2,0.517184144,16.6,0.145914825,14.6,1.629014055,22.9,1.143365485,11.4,1.319885988,12.5,0.951072899,11000101101,3411245123,2152344653,5425769231,10110001,78
male,38.6630137,science,french,5,0,0.866643444,8.5,-0.47314368,19.7,1.885052465,9.7,0.154844425,7.4,0.817039036,9.1,0.650087138,11100101000,3454212345,1456321632,5347854636,110010000,54.4
male,28.68219178,science,french,6,4,0.706482538,29,0.35618483,39.6,0.707516574,12.9,0.472007814,18.7,0.784372785,18.6,0.605312908,10000110010,3522313545,5414356226,5685733291,11100010,118.8
male,37.37260274,humanities,other,7,0,1.19276816,18,0.20659518,20.6,0.94873122,29.7,0.21522965,18.3,1.806892704,12.4,0.874043383,101100011,3531245535,5163334522,5136976285,100001101,99
male,32.56986301,0,english,3,1,-0.693076878,16.4,0.723053306,9.6,-1.588886513,6.5,-4.314739279,24.2,-2.704552613,8.2,-1.715640395,1.11111E+11,3334323111,2355566666,5588886934,111100000,64.9
female,23.06575342,other,french,6,0,-0.329774335,18.1,0.089538752,16.8,1.166410244,22.6,0.36081297,8.3,0.756949825,9.9,0.408787491,10111111110,3455231434,1523226112,5485677135,101001,75.7
female,61.61643836,0,french,0,0,0.374697463,12.1,1.821416993,18.9,1.480481662,27.1,-4.238074513,10.3,0.106082643,12.3,-0.09107915,11101001011,1325432123,1544444222,5417415832,10001101,80.7
female,34.47945205,other,german,7,5,0.345809681,13,-0.956960541,7.9,-1.165962259,26.9,0.55139466,11.6,1.737525752,15.5,0.102361459,1.11011E+11,2443333121,5521634454,5461985317,11101101,74.9
male,54.76986301,0,french,3,5,1.060495216,8.1,-3.040965737,11.8,-0.359509736,12.6,-0.283637386,11.3,-15.15284495,6.3,-3.55529252,10011100001,1112343554,1252254235,5555555555,0,50.1
male,40.83561644,other,french,6,0,-0.097475919,12.2,-0.252960072,2.8,0.025371954,9.9,1.279545263,6.7,0.498940104,5.5,0.290684266,1.01111E+11,4235434555,6532254416,6523658914,101011101,37.1
female,31.62739726,other,french,6,0,-1.000782432,6.7,0.35618483,46.3,-0.223527583,20.1,0.184709969,25.5,0.813567804,11.7,0.026030518,1011010,4335512223,5256233565,5626875843,10101001,110.3
female,45.30958904,other,other,6,0,0.404517268,69.6,0.781777371,35.9,1.297465286,50.4,1.807946275,38.5,1.235991372,20,1.105539514,1.1101E+11,2542145341,2352645321,6584537951,101001000,214.4
male,29.83835616,science,french,6,0,0.331697441,7.9,0.35618483,15.1,0.288078211,15.5,0.851775087,10.2,0.711017354,8.3,0.507750584,11011001011,4453422132,5141352663,5264547856,110001010,57
male,25.46575342,science,french,6,0,-0.715901094,13.2,0.35618483,14.2,0.789158483,12.9,1.048187133,16.8,1.394049711,20,0.574335813,1000101101,4142551325,3513614233,4392387143,101010110,77.1
female,28.19452055,other,french,6,0,0.389487119,13,-0.678035429,54.9,0.690817063,24.3,0.875360523,21.5,0.042061077,10.1,0.26393807,1000111011,3314233515,5524356114,8523641777,100000011,123.8
male,36.75890411,humanities,french,6,3,-0.181564207,15.4,-3.040965737,8.2,1.275327598,28,0.944438923,12.9,1.925838252,9.7,0.184614966,10011001100,4325144524,1152634622,5268934178,0,74.2
female,37.53150685,science,french,4,3,-0.088630552,29,0.35618483,18,0.833230836,24.5,0.112932305,25.6,1.298762704,8.8,0.502496025,10011101001,3345143513,5654466342,5374529856,1101010,105.9
female,29.45479452,other,french,5,1,-1.527003245,9.6,-3.040965737,36,1.955946679,19.2,0.809545402,11.7,-15.15284495,9.2,-3.391064371,1.01001E+11,1542312455,1526213243,9999999999,0,85.7
male,29.5890411,humanities,french,4,0,-0.492576862,16,1.336502127,13.5,0.724425771,13.4,1.732605065,11.8,1.199141696,13.7,0.900019559,10001000010,4534421445,1352633142,4231896411,101011,68.4
female,4.556164384,0,german,0,0,-1.264208577,54.1,0.32143388,51.2,1.149639428,45,1.950469083,57.6,1.765812122,48.5,0.784629187,1.0101E+11,2531432423,5613244563,1475621385,101000101,256.4
male,44.70684932,humanities,french,7,0,0.517184144,8.6,-3.040965737,7.1,-9.982032341,12.2,0.859592627,7.9,1.359118063,9.5,-2.057420649,1011101100,4444444444,1533342651,5697421868,0,45.3
female,39.58630137,other,french,4,1,1.390181916,11.8,-3.040965737,17.2,1.129786306,18.6,1.762254544,11.5,-15.15284495,6.5,-2.782317585,11011110001,4352143421,5261235421,5555555555,0,65.6
male,36.00547945,science,other,6,0,1.00084008,20.7,0.35618483,12.7,0.559880868,21.6,1.052682211,15,1.073485362,18.3,0.80861467,11000101001,5251352321,5336164524,6457734852,11010101,88.3
male,27.27123288,science,french,6,0,0.41979586,7.7,0.781777371,16.2,-0.235498142,11.5,1.920774472,12.7,0.596263185,12.8,0.696622549,11111000,2233114344,1536454132,5293671477,11111001,60.9
female,26.99178082,science,german,5,1,1.19276816,7.7,1.773448729,11.8,-9.982032341,17.5,1.478544909,20.2,1.867565509,13.3,-0.733941007,10001101111,1111111111,3551461342,4251965347,1101011,70.5
male,36.65205479,science,french,7,0,1.060495216,21.9,0.010229046,11.9,1.139676282,24.3,1.150591809,11.5,0.207377425,11.5,0.713673956,1011101001,3215443254,1425341122,5658261236,100101101,81.1
female,60.82739726,humanities,french,4,2,-0.590539089,20.9,-1.556328377,14.1,1.350580641,16.4,1.998449417,13.3,1.183415201,16.2,0.477115559,1.10101E+11,5324345512,5246362154,5231458968,10010000,80.9
female,25.72328767,science,french,6,0,-0.315978053,20.1,1.773448729,18.8,1.914139537,28.1,1.924978014,13.3,1.847312966,19.3,1.428780239,11011101001,2435415132,5625436152,6245719523,100101110,99.6
male,41.25479452,science,french,6,2,-1.829675181,12.3,0.32143388,10.8,1.480481662,13.5,1.899944893,11,0.663591921,8.7,0.507155435,11000000000,5245431253,1543624514,7415851748,10111010,56.3
male,33.25753425,0,french,2,0,1.532668597,45.2,0.35618483,10.7,0.886997621,35.6,1.240363499,13.1,-2.312851848,16.4,0.34067254,1011011100,4153432335,2264321524,2222541964,100011101,121
female,24.83561644,humanities,french,6,4,0.517184144,13.8,-0.984117278,6.5,1.64336601,12.6,-2.174690464,5.2,0.720954511,9.8,-0.055460616,1011101100,4351214355,5562144441,5563328741,110000000,47.9
male,30.60273973,science,french,7,0,1.907453695,20,-3.040965737,10.2,0.992505791,16.5,1.317136408,14.2,1.000430526,19.6,0.435312137,1011100101,2443132454,5245134642,5361468627,0,80.5
female,24.33972603,science,french,6,0,0.41979586,8.8,-0.47314368,3.7,1.327559925,14.4,0.655750151,7.1,-1.632210631,7,0.059550325,110111010,3224551123,1523526441,5688842266,1101111,41
male,22.10136986,science,french,5,3,1.124267658,6,-0.956960541,14,1.249952006,13,1.322590321,12.4,1.516012755,5.4,0.85117244,1000110011,2321452344,2545163352,5426571823,11101101,50.8
male,28.62465753,science,french,6,1,0.076347112,7.7,0.35618483,4.9,1.801380896,10.5,1.959070795,11,1.999894425,9.6,1.238575612,11110001010,2145234412,5361345216,5724968123,101010011,43.7
female,24.23013699,science,french,4,3,0.238520252,14.9,-3.040965737,11.1,0.963165217,21.2,1.386894363,19.2,1.893948021,9.1,0.288312423,1000110110,4345234152,3253421564,5346923871,0,75.5
female,41.85205479,science,french,6,0,0.108783204,31.3,1.821416993,17.9,1.374001737,24,0.517254417,50.4,0.494628233,14.6,0.863216917,1.00011E+11,2531234525,5265426146,6856196726,10110101,138.2
male,24.44383562,science,french,6,3,-0.590539089,5.6,0.35618483,9.4,1.393835366,13.4,1.5799331,6.5,2.072312735,7.8,0.962345388,1.10101E+11,4234135423,3165212413,5284617329,11100010,42.7
female,30.26027397,science,french,7,0,-4.415494561,24.8,1.821416993,11.3,1.308672111,31.4,0.800123642,28.6,-15.15284495,12.1,-3.127625354,0,2441325435,5253612326,5555555555,10110101,108.2
male,43.76164384,other,french,6,0,-0.846067465,37.7,1.336502127,18.8,-0.011721128,32.4,1.819607204,32.6,1.893948021,18.7,0.838453752,10001101101,1115453224,6251435213,1963749582,110100010,140.2
male,25.48219178,science,french,6,0,0.317797423,16,1.336502127,15.6,0.568513456,26.7,1.004016305,20,0.850316875,11.4,0.815429237,11101100010,3531521544,1424631455,2599182546,11101000,89.7
male,4.221917808,0,french,0,0,-0.693076878,39.9,-0.265943141,20.3,1.774607071,66.3,1.739958501,68.3,-15.15284495,31.6,-2.51945988,1.11111E+11,4321523543,3452361546,6666666666,111010,226.4
male,28.10958904,science,german,6,1,0.389487119,11.9,0.35618483,8.3,1.418027856,21.6,1.503208791,12.3,1.893948021,10.3,1.112171323,1000011011,3422543112,5124665324,6279512483,110001010,64.4
female,21.73150685,other,french,5,0,-0.004965397,5.7,0.35618483,7.6,1.550454755,16.9,1.207274916,9.8,1.663213726,11,0.954432566,11011000111,4223541234,5322615542,5724653297,110001010,51
female,35.01369863,science,other,7,0,2.282238792,11.1,1.036960055,10,1.737996065,19.4,-0.068544944,10.8,-0.119600106,14.5,0.973809972,100110111,3241253442,5211432626,1687523339,101010001,65.8
male,53.38630137,other,french,6,0,0.108783204,10.7,0.20659518,22.3,1.559462675,22.1,0.684835356,11.1,0.95727749,8.2,0.703390781,1.00011E+11,2345123241,1524462241,5746585219,101001100,74.4
female,58.02739726,science,french,4,0,0.404517268,36.3,1.466399166,16.8,-0.358422389,26.7,1.250704719,25.3,-15.15284495,15.3,-2.477929238,1.1101E+11,1415131341,5363425561,5555555555,10101101,120.4
male,43.32876712,other,french,7,3,0.467207985,7.6,-0.956960541,11.9,0.221201983,11,-0.40344659,6.9,2.171391676,8.6,0.299878903,1100010011,3422254121,1213416262,8542631785,100011000,46
female,55.14520548,humanities,french,6,3,0.944802694,12.2,-0.984117278,11.4,-0.68264628,14.9,0.534219986,11.4,-15.15284495,7.1,-3.068117166,11011101,2441555441,1446553326,8888888888,111011011,57
male,35.2630137,other,french,6,4,-0.251212237,11.8,-1.556328377,6.5,1.60542888,13.2,1.599792908,7.4,2.072312735,8.2,0.693998782,1011110100,2453415233,5316642532,4582196357,111001111,47.1
female,23.87945205,science,french,5,0,-1.283928445,12.2,0.35618483,24.2,-0.036815253,24.2,0.26166213,20,-2.12502919,13.6,-0.565585185,1.101E+11,3552133341,2231444623,5552333915,100101010,94.2
male,23.66027397,science,french,6,3,0.119853202,5.8,1.821416993,10.3,0.384636109,15.2,0.919665418,6.9,1.708119409,7.5,0.990738226,1100110101,4521521341,5523661454,5862793571,11100001,45.7
male,31.04109589,0,french,3,0,0.331697441,7.1,1.773448729,22.5,1.493327665,18.9,1.143365485,11.8,-15.15284495,11.1,-2.082201127,1001110110,2344154234,2354416334,5555555555,10100111,71.4
male,35.93424658,science,french,6,0,0.213536737,15.1,0.20659518,26.1,0.086023436,22.8,0.917620703,27.6,0.991498274,19.1,0.483054866,10001011011,4534441423,2151653312,5913267882,100111010,110.7
male,50.05479452,science,french,7,0,-1.264208577,2.5,-0.252960072,10.8,-0.36493334,3.1,-0.389121785,5.5,-0.055930058,10,-0.465430767,1.0101E+11,2544245353,4142324252,8564755685,10100010,31.9
female,24.44931507,science,french,6,2,1.907453695,14,1.821416993,10.4,0.639641753,17.2,2.071327355,14.7,1.509845243,12.7,1.589937008,1011100101,4321543215,5312652413,5623618954,10110101,69
male,44.2,science,french,6,0,0.345809681,15.1,-0.596190895,12.8,1.228575699,20.1,-0.9102467,10.3,-1.288749949,10,-0.244160433,1.11011E+11,3325134252,5235411511,5426557558,11001110,68.3
female,34.56438356,other,french,5,0,-0.301972727,31.3,-0.179909136,17.9,0.124392956,34.5,0.469042977,29.3,1.146877525,21.5,0.251686319,1.0111E+11,1424514314,4551346345,4571625458,110011001,134.5
male,21.21643836,science,french,4,3,-0.759925309,7.1,1.821416993,8.8,1.059397508,19.6,0.845940579,10.9,0.756949825,8.3,0.744755919,1010001010,1521144512,6665234162,5615322875,10110101,54.7
female,36.52876712,science,german,7,0,0.331697441,13.6,0.35618483,5,0.536422683,16.6,0.838199042,9.3,1.778022105,11.8,0.76810522,1010001011,2434543513,5256154361,5619253468,101011100,56.3
female,54.02739726,science,french,6,0,-0.720399077,15.2,-3.040965737,23.3,1.523786971,11.9,1.609829972,9.9,2.007577919,9.6,0.275966009,1011011010,2313452315,1524651254,5478621958,0,69.9
male,37.21917808,science,french,7,0,2.075979669,9.6,1.821416993,13.8,1.467757041,39,1.566848751,14.4,2.113637588,14.1,1.809128009,10011011100,4123523143,2443516253,1583746918,10011101,90.9
female,63.8630137,0,french,3,3,-0.693076878,18,0.20659518,15.7,-5.465786871,18.6,0.800123642,20,-3.098826185,18.4,-1.650194222,1.11111E+11,2333333233,5345154652,5685114444,100111010,90.7
male,41.24931507,other,french,6,3,-0.693076878,12,1.336502127,8.2,-2.135935399,15.4,-11.37692329,6,-15.15284495,12.2,-5.604455679,111111,3344223333,1111111111,5555555555,100010111,53.8
female,43.04657534,science,french,4,4,0.404517268,15.5,-3.040965737,9.7,1.339021093,18,2.099670154,8.8,1.925838252,10.9,0.545616206,1.1101E+11,1134251133,6241536251,5471265938,0,62.9
female,36.18630137,humanities,german,6,1,-0.759925309,13,0.20659518,9.9,1.409915307,12.8,2.256064353,6.1,2.054701956,9.1,1.033470297,1010111010,2432154352,1526324156,1456893275,1100101,50.9
male,26.69315068,science,french,6,0,0.097844215,25.4,-0.956960541,22.4,0.241427831,20.2,1.609829972,13.7,0.614847289,15.4,0.321397753,1101010111,4541121424,5341552634,5227448539,10010100,97.1
female,39.68219178,science,french,6,0,-0.350090181,18.1,0.20659518,18.8,1.471985236,27.9,0.940279299,26.8,1.92434031,25.8,0.838621969,100001101,2125423521,4525614552,5241785623,11000101,117.4
male,36.20547945,science,french,6,0,1.22902119,9.9,-3.040965737,10.8,1.515013786,13.9,1.02151698,20.3,1.712356161,20,0.487388476,10011110100,3123534213,4645262153,1862435814,0,74.9
male,31.80821918,0,french,3,0,-1.036525626,23.3,1.036960055,11.2,-4.832009012,22.3,0.103787248,21.5,0.800664891,16.1,-0.785424489,11011011110,2231222222,2432124155,5246259154,101010001,94.4
male,35.93972603,science,french,7,0,0.517184144,14.7,1.773448729,26.2,-1.343619609,31.7,-0.111180313,28.4,1.86630319,18.8,0.540427228,1011101100,2321232342,5223145544,5426185329,1101011,119.8
male,40.9260274,humanities,german,7,0,-0.742566418,13.5,-0.179909136,14.5,1.389845203,10.8,0.153663015,9.1,0.376606343,9.6,0.199527801,10010111101,2412543121,5315154652,5674515835,11110100,57.5
male,34.19178082,science,french,4,0,0.41979586,9.7,-1.298379402,13.7,-6.061145726,10,1.271620277,9.5,0.851532077,8.5,-0.963315383,1011011110,2413333333,5145263456,8164566923,1010100,51.4
male,41.13972603,humanities,french,5,0,0.404517268,5,0.189437849,10.4,1.806800135,5.4,1.920774472,5.9,1.193065129,5.1,1.102918971,11001101001,3421512342,2465312563,5642234175,10001100,31.8
female,31.14246575,0,french,3,3,0.891969241,12.4,-0.490516869,7.9,0.434661368,15.7,2.240138775,9,2.054701956,7.4,1.026190894,11100101001,5534121234,6153241652,6453712895,11110,52.4
male,31.23561644,science,french,5,0,-1.036525626,9.5,0.20659518,13,0.881523308,11.3,2.076011302,8.5,-1.493324107,9.6,0.126856011,10011000000,4215324432,5612433156,6665112275,11110010,51.9
female,42.08767123,other,french,6,1,-0.693076878,89.1,1.821416993,10.7,-9.982032341,22.3,2.338542444,13.2,1.411412991,15.4,-1.020747358,1.11111E+11,4444444444,5342614523,4259364156,10001101,150.7
female,37.32054795,science,french,7,0,-2.585232015,6.2,1.821416993,24.4,0.841160275,15.3,0.52957249,16.5,1.414101655,15.5,0.40420388,1011101010,3432354412,2142351435,5425839165,11110001,77.9
male,25.55616438,science,french,6,0,-0.590539089,14.8,0.35618483,49.2,-9.982032341,27.5,0.68138189,24.4,0.667571977,14.3,-1.773486547,1.10101E+11,5555555555,6623525144,5629645582,1101010,130.2
male,35.66575342,science,french,5,0,-1.616294023,22.9,1.773448729,26.1,0.639641753,26.6,1.121908677,21.9,0.614285701,28,0.506598167,1.0001E+11,2345123451,3623164425,4868129557,111100010,125.5
male,37.68219178,0,french,1,1,0.404517268,20.4,-0.596190895,16.9,-1.439563103,21.9,-0.564756119,16.6,-0.058839279,8.7,-0.450966426,1.1101E+11,3434354243,4631463655,9248755591,1110100,84.5
male,27.35068493,other,german,6,1,1.060495216,13.1,0.35618483,8,-9.982032341,17.8,0.792631834,8.3,0.94709753,8.5,-1.365124586,11010111110,3333333333,4352665152,7452651418,11010101,55.7
male,36.87945205,science,french,6,3,0.055338621,23.9,0.20659518,9.2,1.133074901,17.3,1.593141473,12.1,0.498940104,10.4,0.697418056,1001011110,4254123352,4261251632,7621543854,11110010,72.9
male,51.20547945,other,french,5,0,1.764967014,12.6,-0.596190895,28.9,1.510648534,18.8,1.478544909,16.3,1.395245522,17.6,1.110643017,1111001101,5123345112,2554166532,5637144268,11001110,94.2
female,69.47123288,science,french,6,4,-0.004965397,23.8,0.723053306,18.6,-0.322038343,24.3,0.948611,17.3,1.771226882,17.8,0.62317749,1000111101,2321423212,5562541523,5267195634,1001011,101.8
female,55.96986301,science,french,7,0,1.060495216,21,-0.596190895,14.8,1.116711649,29.8,0.774076661,18.8,0.132287947,17.6,0.497476116,1011101001,2453312511,3351144213,6678112236,110101001,102
male,41.02191781,science,french,5,3,0.972396797,22.8,1.036960055,13.3,-1.577936062,27,1.389758646,8.1,0.912278126,8.4,0.546691512,11001011000,1112414411,5163461652,5654287541,1010101,79.6
female,36.86849315,0,french,2,0,-0.79783041,40.4,-3.040965737,15.3,1.106988293,39.8,-0.965280658,27.3,1.524515389,13,-0.434514625,1.1011E+11,4355124451,6456646563,5824795834,0,135.8
female,53.97808219,science,french,6,0,0.866643444,9.9,-0.47314368,7.4,-0.708056072,10.4,0.240135995,8.2,-0.089263697,11.5,-0.032736802,11101110001,3322245115,5523226614,5543235744,111001011,47.4
male,38.54520548,other,french,5,0,-0.526397725,14.5,0.35618483,13.4,0.917510707,17.8,1.082259074,11.1,1.359118063,15.9,0.63773499,1.00101E+11,3141125334,5223342156,4123867515,101010011,72.7
male,46.98630137,science,french,6,0,-0.157131054,7.4,0.20659518,8.1,0.746482882,12.1,1.075377712,7.9,0.975812573,12.7,0.569427458,1100011000,1454233121,1536654121,8741468574,11000101,48.2
female,33.67945205,0,german,0,1,0.891969241,12.8,-1.474774505,15.3,-4.221747952,15,0.297858267,10.4,1.217634496,9.7,-0.65781209,110001101,2223244444,2431151146,5752186534,1010000,63.2
female,51.89041096,other,french,5,1,-0.818235958,17.5,1.269405268,13.9,0.116631096,21.9,2.025333974,12.8,2.244683152,12.5,0.967563506,1.10001E+11,1222435311,2541365423,5478623915,101000010,78.6
male,30.54520548,science,french,7,0,-1.256703796,12.9,-0.490516869,31.4,-1.057174724,42,0.674500528,35.9,0.571176611,13.4,-0.31174365,100111011,1321141115,5145266535,5135876584,11001101,135.6
male,41.28493151,science,other,7,0,-2.429624051,30.6,0.35618483,22.6,1.610112986,35.2,-1.203467936,17.1,1.893948021,16.5,0.04543077,1.001E+11,4535214453,6565643562,5647136982,10101100,122
male,55.60273973,humanities,other,6,0,-0.693076878,16.2,-1.932211616,5,2.076435944,27.8,2.0163147,28.1,-15.15284495,10.1,-2.737076561,1.11111E+11,4321512345,6543215654,8888888888,111111011,87.2
female,44.75068493,other,french,5,3,-0.635883352,37.7,0.068744507,12.8,-2.035822745,12.6,0.380128745,14.1,0.814845772,16,-0.281597414,1.0011E+11,2333244422,3652236113,8862541288,10101010,93.2
male,41.67945205,science,french,4,0,-0.720399077,11.7,1.336502127,17.4,1.515013786,21.9,1.114829206,23.4,1.127305895,15.6,0.874650387,1011011010,2354253412,2656324511,1536241585,100110101,90
male,53.10958904,science,french,7,0,-0.888176906,15.2,1.466399166,7.5,1.401851336,15.8,0.787039293,16.7,1.336943671,15.4,0.820811312,10001110101,2334542213,1225561246,5245896234,1110001,70.6
male,41.01369863,science,french,6,0,0.331697441,7.8,0.089538752,4.3,0.472430489,7.6,0.154844425,7.6,0.744159961,10.7,0.358534214,1011101011,3242334321,1542515223,5751423629,11010111,38
male,40.16986301,science,other,6,0,0.706482538,7.3,-3.040965737,6.7,0.895251042,8.2,1.5799331,10.1,1.925838252,9.7,0.413307839,1010010111,3432154321,5631654231,5416325897,0,42
female,33.28767123,other,french,7,0,1.532668597,25.1,0.145914825,24.5,2.151460252,44.3,2.355640486,30.9,1.999894425,15.9,1.637115717,1011011100,4253113425,5362415236,6452389471,11100101,140.7
female,53.95890411,science,french,6,5,-1.283928445,11.4,0.35618483,16.2,0.794269226,13.9,0.853725364,7.1,1.239472703,7.7,0.391944735,1.101E+11,4354412331,1241653661,9985246571,110010101,56.3
female,42.61369863,science,french,4,0,1.482692438,29,-3.040965737,20.6,1.702354085,33.5,0.662539314,28.6,-15.15284495,22.5,-2.869244971,11100011100,3512234415,2431523521,6666666666,111111111,134.2
male,33.01643836,other,french,6,3,0.972396797,16.8,-0.678035429,31.6,1.078232487,23.2,0.564019643,32.4,0.868929637,15.8,0.561108627,110100110,5442113243,2361551225,5654181976,11111100,119.8
male,30.8739726,science,french,5,0,-3.531128974,6.6,0.35618483,8.7,1.992844304,8.9,0.705737842,9.4,2.244683152,8.8,0.353664231,10101010101,3421532435,6125431254,5623418975,101010110,42.4
male,55.88493151,other,french,5,0,0.685710118,24.8,0.35618483,23.6,1.515013786,24.9,1.261123256,20.3,1.820832402,13.3,1.127772879,1001111001,4541325114,2263562154,5691384753,100011101,106.9
male,37.33424658,science,french,6,4,-0.590539089,21.4,-3.040965737,35.9,1.156322713,19.9,1.04594502,11.7,1.171408117,9,-0.051565795,1.10101E+11,4234512132,2411653362,8246157336,0,97.9
male,33.76438356,science,french,4,0,-1.283928445,21.1,0.446237926,8.9,0.865232637,15.5,1.339081318,15.6,1.128424017,8.9,0.49900949,1.101E+11,3234251325,5366341352,6452587145,1000111,70
male,43.7890411,science,french,6,0,-1.450827071,14.1,1.773448729,7.8,1.225045738,14.3,1.194754859,13.9,1.202423612,16,0.788969173,11011010101,2314545243,4621561365,5658132657,11101001,66.1
male,23.09589041,science,french,6,0,0.404517268,11.3,0.089538752,31.5,-9.982032341,20,1.333562606,10.5,0.597929019,10.1,-1.511296939,1.1101E+11,2222222222,1545266321,1455426958,1111101,83.4
male,40.83561644,0,french,3,0,-3.381537794,19.6,-3.040965737,13.3,1.374001737,24.5,2.420191826,15.1,-15.15284495,5.7,-3.556230984,1010101010,3214543324,5136425316,5555555555,0,78.2
female,26.06027397,0,french,3,4,0.014702021,12.1,-3.040965737,8.6,1.908271645,26.6,-0.135381563,8.1,1.134700485,8.2,-0.02373463,10110110010,3241354213,5361536256,4525896517,0,63.6
male,63.63835616,science,french,7,0,-1.017200871,17.8,-0.490516869,40.6,1.046985631,17.8,1.214841303,12.7,1.893581045,10,0.529538048,1010100100,3243313524,5213554316,1536724615,101001011,98.9
male,35.37808219,other,french,4,0,-0.451488597,26,0.145914825,28.4,0.57285059,28.6,1.0868656,46.7,1.391660859,26.8,0.549160655,111110,2232114452,4461233544,4248367514,110001101,156.5
female,39.21643836,humanities,french,6,1,-2.208056913,20.1,-0.490516869,8.4,1.790607406,14.9,2.355640486,10.2,1.015225315,10.4,0.492579885,1.1E+11,3251343215,2561345261,5621755892,100001111,64
male,26.50958904,science,french,6,0,1.482692438,7,-0.678035429,7.2,1.90242921,13.5,1.24811221,9,0.560294046,9.6,0.903098495,1101000110,4235213425,1532554216,4253662711,100001001,46.3
male,31.55068493,0,french,3,0,-4.415494561,17,0.20659518,11.6,0.542779952,19.4,1.27689859,24.1,0.666741953,13,-0.344495777,0,4453543132,3545226514,5458763692,11000101,85.1
female,42.51232877,humanities,french,4,0,-4.415494561,21.6,-3.040965737,14.5,-9.982032341,19.6,1.725290229,7.5,1.771226882,10.6,-2.788395105,0,4444444444,5324263512,9634587314,0,73.8
male,24.86027397,0,french,3,4,-0.720399077,9.1,-1.126483048,12.6,-6.061145726,13.3,1.788725653,13.6,1.259796114,9.8,-0.971901217,1011011010,4235555555,4351624331,5563287452,111110011,58.4
male,35.53150685,0,french,3,0,-1.438529766,32.9,0.35618483,17.1,-2.818554086,23.5,0.828582214,22,1.276692519,15.9,-0.359124858,1.01101E+11,2431511111,2461532531,1825967865,11010101,111.4
male,44.92876712,science,french,6,0,-4.415494561,34.3,0.068744507,18.6,-9.982032341,19.9,-11.37692329,9.8,-5.153367245,11.6,-6.171814586,0,3333333333,5555555555,6586586666,10101010,94.2
male,33.82739726,science,french,5,5,0.552068804,12.9,-3.040965737,14.3,1.146310183,21.6,-0.425440983,11.2,-15.15284495,7.3,-3.384174537,111110001,3524132244,1565334445,5555555555,0,67.3
male,25.54520548,science,french,6,0,-0.140475941,16.9,-0.956960541,42.5,0.456398406,25.1,1.788725653,17.9,1.09763752,10,0.44906502,1010011011,3534325141,2536415264,8689574365,10010100,112.4
male,18.88767123,0,french,3,0,1.19276816,5.3,0.089538752,29,0.41520035,11.6,-0.214657002,13.3,0.802294525,9.3,0.457028957,10001100011,3343221353,6625661456,5536914525,110010111,68.5
male,33.90410959,science,french,6,0,-1.256703796,24.3,0.010229046,21.9,-0.1146331,16.2,0.813332016,14.7,1.525671897,8.8,0.195579213,1.11E+11,4534231222,2533465522,4325864235,111001,85.9
male,28.81917808,science,french,6,0,-0.024223047,6.8,0.089538752,11,0.786610367,11.5,0.445548672,5.9,0.268239509,6.9,0.313142851,1101110010,3511224554,2326531441,5752342696,1111101,42.1
male,34.3260274,science,french,6,4,0.264197841,4.1,1.773448729,7.4,1.342863261,10.1,1.119544855,6.7,0.030360381,7.9,0.906083013,1100101101,4253214234,6651436562,6182659658,110101100,36.2
male,40.82191781,science,french,4,0,-1.283928445,8.7,-0.596190895,12.5,1.667631154,13.4,0.671072549,9.8,1.40926542,13.2,0.373569957,1.101E+11,2334152324,2625532615,5623854189,11100110,57.6
male,58.76712329,0,french,2,4,-0.693076878,30.2,-3.040965737,11.1,1.937870179,19.5,1.998449417,17.4,1.742176632,15,0.388890723,1.11111E+11,3421512432,5641236546,5623147891,0,93.2
male,32.03013699,0,french,3,2,-0.693076878,5.8,0.010229046,19.2,1.692341555,10.7,2.332889402,4.6,1.514576253,11.4,0.971391876,1001011010,3421545124,2536114523,5674962148,11010010,51.7
male,43.07671233,science,french,7,0,0.360140724,32.8,0.35618483,14.6,-0.115936128,73.3,0.659140597,115.8,-0.089569009,22.2,0.233992203,100111010,5434154442,5324363143,3866545226,101010011,258.7
male,31.53972603,science,french,6,0,0.451132209,11.5,0.35618483,17.8,1.806800135,11.2,1.395504934,5.9,0.591829716,6.1,0.920290365,10100011010,2415234521,2541311265,5441263387,101010110,52.5
male,35.25479452,science,french,5,0,0.972396797,7,0.35618483,19.2,0.316505209,12.4,1.616561738,7.7,1.292033906,9.2,0.910736496,110101111,2443551121,5423655431,5294866523,110001010,55.5
male,28.09863014,science,french,6,1,1.060495216,11.5,-0.678035429,13,1.405877286,26.6,1.53785058,17.1,1.33438577,15.2,0.932114685,11100100001,5324115344,5414632251,5472895611,110011011,83.4
male,29.20821918,science,french,6,0,1.030186475,5.5,-3.040965737,9.3,-9.116666283,10.9,1.475492393,8.2,2.007577919,7.3,-1.528875047,10011101000,4222222222,1545253641,5468795234,0,41.2
male,20.68219178,science,french,4,0,-1.611173047,11.7,0.35618483,43.2,0.041378052,20.4,0.100373266,11.2,0.699786696,14.5,-0.08269004,10100000,2432324531,1521546635,5628356458,110001010,101
male,27.43013699,science,french,7,0,-1.561957344,22.7,-0.688451355,15.1,-4.728684294,18.8,-1.211914599,31.1,-1.789621232,20.7,-1.996125765,10010000,1111211211,2261121411,6448414451,100011,108.4
male,27.03287671,science,french,6,0,0.771756741,10.5,0.35618483,48.8,0.739090298,22.8,-0.236247719,14.9,-1.036296903,7.1,0.11889745,1110011000,2152144351,3566432225,8625558593,1101010,104.1
male,36.43287671,0,french,3,0,0.891969241,9,1.773448729,10.6,1.034687107,20.7,0.819031299,10,1.557376733,9.1,1.215302622,11011111001,5344212254,3452526514,5317462586,111001010,59.4
male,29.45479452,science,french,7,0,-0.590539089,53.9,-0.47314368,31.3,-0.826071263,52.4,-0.805115295,60.5,0.155006454,95.6,-0.507972575,10111010,5155534233,1615633322,3568633485,10011,293.7
male,22.51780822,science,french,6,0,1.060495216,16.1,-0.678035429,9.1,0.494790957,15.1,1.967725935,12.5,1.079000547,15.2,0.784795445,1011101001,3223345122,5241136542,1178395634,11011110,68
female,44.83287671,humanities,english,7,4,1.482692438,21.5,0.189437849,18.1,1.040822329,29.1,1.478544909,26.7,0.749053164,16.9,0.988110138,10011110001,2531235443,2315261433,5453696857,10001100,112.3
male,44.44657534,0,french,3,2,0.201293726,50.4,1.543792939,10.7,-1.297297162,25.1,-2.04050059,13.6,-3.100395009,15.6,-0.938621219,101110000,2221235111,1112415111,1415841111,10000111,115.4
male,21.70958904,science,french,5,0,-0.818235958,8.4,0.35618483,26,1.316195478,16,1.52831709,8.5,1.3890109,6.7,0.754294468,1.10001E+11,4211335423,1423366215,5263341789,10101001,65.6
female,29.14520548,science,french,5,4,0.665394272,8.9,1.821416993,4.9,1.050077892,18.7,-0.033884723,7,0.678152219,7.6,0.836231331,1011001101,4525324231,5565324421,6856267493,101001010,47.1
male,31.46027397,humanities,french,6,0,-0.818235958,22.5,1.821416993,14.9,0.016720881,21.6,1.920774472,18.1,1.229410299,7.2,0.834017337,1.10001E+11,3431223133,4341526143,5317485562,10011101,84.3
female,42.40273973,science,french,7,3,-0.097475919,15.3,0.145914825,17.4,0.690817063,13.3,0.774076661,9.6,0.451724915,12.2,0.393011509,1.01111E+11,3421343245,5265542563,5625745899,101001110,67.8
male,55.0739726,0,french,2,2,0.626054983,30.5,-3.040965737,10.7,0.825347814,19.1,2.099670154,30.2,0.758357907,18.2,0.253693024,10000111010,2443155443,5624315623,4697264824,0,108.7
male,41.01369863,science,french,6,0,1.907453695,14.1,1.773448729,23.7,0.773941609,8.3,0.954892632,9.5,-15.15284495,8,-1.948621658,1011100101,3324121154,5254362316,6666666666,100010110,63.6
male,65.81917808,science,french,7,0,-0.759925309,7.7,-0.956960541,12.9,1.389845203,12.8,1.777319263,14.6,1.232517861,23.4,0.536559295,1010111010,4523243521,2361432654,5362386954,11101101,71.4
male,27.47123288,science,french,7,5,0.331697441,9.4,0.189437849,4,0.630542535,12.4,-0.49831892,6.1,2.244683152,11.8,0.579608412,100101100,4423353212,5255612266,5623874195,10100001,43.7
male,36.31780822,other,french,4,0,0.045010762,15.6,-3.040965737,12.9,1.301190542,19,2.099670154,13.6,1.999894425,12.9,0.480960029,11010010011,4435234124,2543612546,5361784392,0,74
male,49.98356164,science,french,6,3,-4.415494561,67.2,-3.040965737,22.3,-9.982032341,19.5,0.356708481,43,1.820832402,20.8,-3.052190351,0,1111111111,3611364523,8657912389,0,172.8
male,36.31780822,other,french,4,0,0.045010762,15.6,-3.040965737,12.9,1.301190542,19,2.099670154,13.6,1.999894425,12.9,0.480960029,11010010011,4435234124,2543612546,5361784392,0,74
male,33.19726027,science,french,6,1,0.972396797,6.3,-3.040965737,8.4,1.106988293,16.6,0.637248729,9.2,1.585530428,9.9,0.252239702,11110000011,3421234135,5341535621,5362414758,0,50.4
female,31.37260274,science,french,6,0,0.517184144,22.7,1.821416993,13.8,0.923133592,19.5,1.692840493,28,2.143107142,7.8,1.419536473,1011101100,4312435542,2534123642,1652974836,10110101,91.8
female,30.77260274,humanities,french,6,5,-0.683787013,15,0.145914825,10.7,-0.069562862,31.7,1.920774472,22.2,1.406049646,15.4,0.543877814,1011101101,2434124342,2432653412,5462751862,101001110,95
female,36.96986301,science,french,5,0,-0.693076878,35.5,0.145914825,15.6,2.096486127,15,1.773537787,20,1.725794778,9.8,1.009731328,1.11111E+11,1235452134,1651231456,4538194683,101100011,95.9
female,32.14520548,other,french,6,0,0.374697463,15.1,1.821416993,6.1,1.374001737,15.8,1.560352362,15.6,-2.784163071,11.8,0.469261097,1011100100,3254143324,4355246531,5555634988,110011100,64.4
male,40.43835616,other,french,4,0,-0.693076878,44,-2.023993528,10.2,1.001434082,28.9,0.307056142,134.9,-1.396647995,25.6,-0.561045635,1.11111E+11,3341355423,3214164434,6652411777,111011111,243.6
male,37.53972603,other,french,4,2,-1.664386806,11.2,-0.956960541,12.9,1.785252811,11.6,2.408230612,9.4,1.943548639,7.5,0.703136943,1.01E+11,3452142532,5346126534,8623476985,110101101,52.6
male,34.04657534,science,french,5,0,-0.004965397,15,1.821416993,13.9,-9.982032341,14.4,1.412887358,13.4,-0.664537939,12.5,-1.483446265,1000111101,3333333333,6531642511,8645557399,11110001,69.2
female,49.96164384,0,french,3,2,-2.429624051,26.4,-3.040965737,10.4,1.249952006,17.6,1.460329317,9.7,1.436053877,11.7,-0.264850918,1.001E+11,3423143254,5325441263,5587423681,0,75.8
male,50.1369863,0,french,3,0,-2.710075739,25.8,0.189437849,20,1.577661317,14.9,1.493908603,13.1,0.594440757,12.2,0.229074558,11011010010,3224551243,1443522164,7545629893,10001100,86
male,38.02739726,science,french,6,0,-0.301972727,24.7,0.35618483,34.8,-1.005030182,18.7,0.623945784,19.7,1.175323261,9.1,0.169690193,1.0111E+11,4534531455,3633514366,8567839842,110010101,107
male,29.21369863,science,french,5,0,-0.243727712,6.8,1.821416993,10.8,1.116711649,11.2,1.384035956,6.5,0.910334135,7.7,0.997754204,10100100011,3212554342,5243625152,4582947525,10100101,43
female,29.72054795,humanities,german,6,4,0.866643444,15.8,0.20659518,36.9,0.862536582,24,0.353978856,11.7,1.155618238,32.5,0.68907446,1001101110,2434512113,5223644143,4425174963,101000110,120.9
male,27.77260274,science,french,6,0,-0.21316844,20.6,-0.596190895,19.7,0.977755599,13.6,1.131404271,17.3,1.708607673,16.1,0.601681641,1001110101,1413543224,6242143352,3451285496,100011001,87.3
male,41.56164384,other,french,4,0,-1.561957344,10,-1.932211616,6.1,-9.982032341,12.5,-7.264060796,7.9,-5.139449504,10,-5.17594232,10000100,1111111111,2222225555,5744444574,11111111,46.5
male,30.56164384,other,french,5,1,1.22902119,9.8,1.821416993,4.9,0.646506741,12.2,-0.815757057,8.9,0.569305581,14,0.69009869,1011110010,3423533122,2223651141,4226594143,10011101,49.8
male,30.92328767,science,french,7,0,0.626054983,11.3,1.773448729,7.5,1.228575699,14.6,-0.279316536,12,1.45832225,10.5,0.961417025,1010011101,4453241251,1536266462,6281344792,100101110,55.9
female,31.68493151,science,french,6,0,0.665394272,23.5,0.20659518,22.2,1.629014055,21.1,0.705737842,17.1,0.950383718,14.4,0.831425013,1011001101,2432513424,2561345613,8521455793,110011010,98.3
female,19.24109589,science,french,5,0,0.944802694,4.8,0.35618483,36.2,0.494790957,16.5,0.058941127,11,0.514503001,11.1,0.473844522,11011100,4211453443,6211146563,5662715399,11010101,79.6
female,32.08219178,science,french,6,4,0.238520252,15.8,-0.956960541,10.3,2.018016608,17.6,1.124276516,18.2,2.073961189,12.1,0.899562805,1010111001,3243155423,2532614436,5428671459,11100111,74
male,31.55342466,science,french,7,0,-0.024223047,7.2,0.446237926,11.3,1.801380896,11.1,1.10778552,6.4,0.206268074,10.9,0.707489874,1101110010,3411532143,5542236251,7754235299,100100101,46.9
female,32.78630137,science,french,5,1,-0.420979762,11.2,0.089538752,12.5,0.272347841,13.8,0.210301358,8.8,1.359247918,9.4,0.302091222,1.1111E+11,3215321423,5113126114,5135487659,11010111,55.7
male,37.2109589,science,french,4,0,-0.39582627,17,0.35618483,36.6,1.068782069,15.3,0.96754149,11.3,0.276211879,11.4,0.4545788,1010101110,2433351243,2541456232,4528563575,11100010,91.6
female,34.43835616,other,french,6,2,-1.438529766,22.1,1.336502127,18,1.506297387,22.8,0.750318514,13.4,1.287316317,19.3,0.688380916,1.01101E+11,1132415423,5422153616,7581453685,11001010,95.6
male,38.56712329,science,french,6,4,0.277309179,6.2,-0.956960541,24.5,1.366149358,20.1,1.553886119,12.6,-15.15284495,6.9,-2.582492168,10001101000,4431152434,2431135214,5555555555,111100011,70.3
male,26.16712329,science,french,6,0,-0.114916696,8.4,-0.596190895,6,1.90242921,17.9,0.145421072,6.2,0.14715926,8.2,0.29678039,10001011010,2243415324,5243315252,5362647544,110101001,46.7
male,25.87123288,other,spanish,5,1,-4.415494561,19.6,-2.023993528,32.7,-9.982032341,4.3,-11.37692329,6.3,-15.15284495,13.7,-8.590257735,0,1111111111,3333333333,9999999999,111011111,76.6
female,28.75890411,science,french,6,1,-1.482841831,25,0.781777371,22.6,0.279316442,38,0.421012523,31.6,-15.15284495,11,-3.03071609,1.00001E+11,5514411513,6461331635,5555555555,10011111,128.2
male,47.03287671,science,french,7,0,0.41979586,20,0.20659518,26.1,0.796831889,24.9,1.550664214,29.7,1.902781659,22.7,0.97533376,11010000100,1435214354,2432612354,2864532976,1100101,123.4
female,14.70136986,0,french,2,2,-4.415494561,17.8,1.466399166,15.8,-0.740387871,17.8,0.461658365,14.4,-15.15284495,8.5,-3.676133971,0,2152422322,3425334465,6666666666,11100011,74.3
male,49.03561644,science,french,4,0,-0.865446242,16.2,-0.956960541,12.4,0.898013462,20.7,-1.223390843,13.4,-2.380639666,12.8,-0.905684766,10010011,2413323431,5254526555,5257551514,110001111,75.5
male,28.91232877,science,french,6,0,-0.301972727,16.6,0.089538752,6.1,0.911911202,12.4,0.991033544,13.9,1.006310793,7.5,0.539364313,1.0111E+11,2312543442,2441635411,5983256747,100101000,56.5
female,34.90684932,0,french,0,0,0.277309179,12.4,0.145914825,17.5,1.275327598,14.5,1.389758646,10.1,1.838789744,12.1,0.985419998,11101010001,4314524314,5423125621,5867415287,1110010,66.6
male,41.07945205,science,french,7,1,-0.610967186,11.7,1.336502127,8.8,1.554951183,15.7,0.889305329,9.6,0.888726788,14.9,0.811703648,1000111010,3254521235,5212656354,5485636195,111010001,60.7
male,27.22465753,humanities,french,5,3,0.345809681,23.4,0.145914825,11.4,-0.127606987,21.7,0.353978856,19.7,1.460816426,13.9,0.43578256,1.11011E+11,5352113521,5443122623,5463682415,101001110,90.1
female,47.84109589,science,french,6,0,1.907453695,32.4,1.336502127,12.9,-9.116666283,17,1.384035956,12.4,0.380049343,12.7,-0.821725032,11000010111,3111111111,5161423155,5784655112,11001010,87.4
female,28.98082192,science,french,7,0,0.665394272,21.1,-3.040965737,8.9,0.873353339,18,1.207274916,9.3,1.057377321,9.5,0.152486822,1011001110,4213552122,5245536152,5248655719,0,66.8
female,40.24931507,humanities,french,6,3,0.665394272,20.9,0.068744507,13.2,1.463542079,23.8,1.606476245,15.2,1.999894425,16.2,1.160810306,11100110100,1425431123,5213546112,8624917635,101010101,89.3
male,40.64109589,science,french,6,0,0.665394272,4.9,-0.596190895,8.4,1.179978913,10.3,1.230098458,5,1.943548639,6.7,0.884565878,100111100,5534521324,1533654253,4532695847,1010110,35.3
female,47.74794521,humanities,french,7,5,-0.097475919,88.7,-0.596190895,17.4,2.245875337,37.7,1.714389473,18.7,1.803081216,22.9,1.013935842,1.01111E+11,4532131245,5231646315,8397542658,11001110,185.4
male,32.29589041,science,french,7,0,0.153881601,10.9,0.446237926,25,-1.57308951,20.1,1.182346291,15.9,1.147556847,9.1,0.271386631,1101011101,4434244454,2665163462,5614253754,100100101,81
female,26.92876712,science,french,6,0,0.374697463,15.5,1.773448729,6.7,-9.116666283,14.2,-0.497579088,12.3,1.83348649,9.7,-1.126522538,1011100100,4555555555,2656324141,9684236587,110101100,58.4
male,34.54246575,science,french,6,0,1.060495216,6.3,1.773448729,10.1,0.588141514,11.4,1.04594502,6.8,2.143107142,7.7,1.322227524,11010001011,2534213221,3422561153,1524973685,110010100,42.3
male,53.56164384,other,french,6,0,1.060495216,24.1,0.145914825,20.1,1.806800135,12.2,1.703573328,12.1,1.999894425,13.2,1.343335586,11010001011,4251325412,6243162543,4953618752,1110010,81.7
female,36.00821918,science,french,6,0,1.060495216,9.3,0.145914825,11.3,-1.080919502,20.6,0.927874413,12,0.805740513,8.8,0.371821093,11010001011,3544443212,3235144622,5942456785,11100101,62
male,30.21369863,0,french,2,0,1.060495216,13.2,0.145914825,18.2,0.881523308,21.2,1.378336672,11.7,1.423278243,11.6,0.977909653,1011101001,4223544121,2432516214,4254178639,10011100,75.9
male,24.19452055,science,french,6,0,-0.273308918,15.1,-3.040965737,11,-0.659360182,17.8,0.719849081,16.9,0.438209156,11.2,-0.56311532,101110110,4212215255,6133142261,7241194636,0,72
male,35.27123288,0,french,3,0,1.435280313,21.8,-3.040965737,9.3,1.268028506,9.3,1.67865744,7,1.391660859,11.8,0.546532276,1111001011,4234321534,4521536251,8512369848,0,59.2
male,23.53424658,science,french,5,0,0.108783204,8.3,-2.023993528,2,0.362159719,4.4,-1.529932582,6.6,-3.338875031,8,-1.284371643,1.00011E+11,3321134332,3555622214,6964425555,101111111,29.3
male,28.73150685,science,french,7,0,-1.283928445,10,1.773448729,8.6,1.249952006,22.2,0.952795607,19.8,1.483446932,16.4,0.835142966,1.101E+11,4345233124,5244635226,5143832694,111100010,77
male,24.41369863,science,french,5,0,0.360140724,7,-1.556328377,7.4,2.089769509,9.4,0.973909237,6.1,1.292033906,8.6,0.631905,100111010,2431545213,1562466516,4539981753,11000,38.5
female,27.16438356,humanities,french,4,0,1.907453695,7.9,0.089538752,14.7,1.434401055,13.5,2.025333974,7.5,0.665249033,9.2,1.224395302,11000010111,2241342543,1526345213,8545669871,110000010,52.8
male,34.27671233,science,french,6,0,1.030186475,7.4,1.821416993,16,1.9318982,13.2,0.730527087,8.4,0.961488797,7.9,1.29510351,10011101000,2314524341,1244136516,1562785975,1110011,52.9
female,29.8109589,science,french,7,0,0.213536737,11.5,1.821416993,6.3,1.484750062,13.3,0.905415023,11.4,1.40926542,16,1.166876847,1011000101,4534231345,2536254165,6247569851,100001110,58.5
female,37.18630137,science,french,5,3,0.64551536,9.6,1.466399166,4.9,1.422102531,18.2,1.823515967,8.2,1.452242257,6.6,1.361955056,10001100101,3422531523,5231543261,8645352697,101101010,47.5
male,33.52876712,science,french,6,2,1.091831565,14,1.821416993,18.9,1.246365641,18.4,1.718013592,28.7,2.113637588,11.9,1.598253076,11110100110,5421342534,4523654162,5136824753,110011100,91.9
male,34.06575342,science,french,7,0,-1.155960394,6.7,0.20659518,16.1,-1.104252853,12.8,-0.306741243,8.6,0.37440684,9.4,-0.397190494,1001101010,4223243222,4411241465,5587745968,10011110,53.6
female,28.4109589,humanities,french,6,0,0.317797423,15.9,-3.040965737,9.8,1.801380896,16.7,1.682189692,13,0.93797274,8.8,0.339675003,1010011010,3421245134,3425112465,8562479941,0,64.2
female,27.51780822,science,french,6,5,-0.301972727,9.4,1.226951829,12.3,2.276310058,7.9,0.788900981,7.9,0.67706587,9.5,0.933451202,11100100100,1425334521,6655422315,1466588297,1010001,47
female,38.0739726,other,french,6,3,-0.590539089,12,0.35618483,6.6,0.923133592,19.7,2.085426695,6.2,1.442481497,7.8,0.843337505,1.10101E+11,3421233513,5243165214,5641573295,101011100,52.3
male,28.51232877,other,french,5,0,0.500223415,8.5,0.285179156,13.1,-4.064597806,12,1.367007562,10.5,0.631141592,9.3,-0.256209216,11111001000,5553422222,5423261255,5688941458,101000001,53.4
male,29.31232877,science,french,4,0,-0.251212237,9.6,0.189437849,12.5,1.242788802,21.6,-0.504223475,11,-3.5031918,11.1,-0.565280172,1.11101E+11,2235113422,2553666144,5114438888,110011101,65.8
female,32.73972603,science,french,6,0,-4.415494561,7.1,1.773448729,7.6,1.968133903,25.3,1.920774472,13.1,-15.15284495,9.1,-2.781196482,0,1324551243,5142536541,8888888888,101011000,62.2
male,64.78630137,other,french,6,0,0.290609175,17.7,-3.040965737,5.1,1.986624066,17.4,1.843225955,13.7,1.667487544,10.8,0.549396201,1001101000,2143353421,2351632254,6823479145,111111111,64.7
male,26.64109589,science,french,6,5,0.944802694,18.5,1.821416993,7.2,0.683723039,17.7,0.703983943,18.3,0.403527297,13.8,0.911490793,1011010011,2455221315,2612466311,5147545319,101011010,75.5
male,24.33972603,science,french,6,0,0.374697463,17.5,0.145914825,9.4,1.374001737,27.2,1.654179243,16.2,2.143107142,11.6,1.138380082,1011100100,3552431252,5265436142,5248639157,11100101,81.9
female,35.35342466,humanities,french,5,0,0.817983063,18,1.036960055,9.2,1.52819509,15.1,1.929194274,10.1,0.570864615,15.2,1.176639419,1110100110,3243125433,4521366541,5623654147,1010101,67.6
female,39.79178082,other,french,7,0,0.64551536,8,0.089538752,4.6,1.050077892,12.5,1.014928444,6.2,1.549572947,7.7,0.869926679,10111011001,3452121343,2324651563,8691417235,100111101,39
male,31.11780822,science,french,6,0,0.552068804,7,1.821416993,6.2,-6.210054124,10.8,0.556115634,7.4,0.380807833,7.2,-0.579928972,10000101100,2432222222,1252352645,5623417877,10100101,38.6
female,29.37808219,science,french,5,0,-0.336596018,15.5,-0.956960541,33.5,1.633781065,15.3,-0.192726484,40.3,2.06594152,8.1,0.442687908,11101001000,4534221534,1545311631,4852176985,111100011,112.7
male,26.12876712,humanities,french,5,3,0.817983063,31.7,-0.596190895,14.1,1.434401055,22.9,1.077667725,27,1.406049646,15.7,0.827982119,110111001,4254132543,5334623124,2489762437,100101011,111.4
male,31.11780822,science,french,7,0,0.626054983,9.6,0.35618483,11.8,1.149639428,14.1,1.541042959,17,1.585680762,12.7,1.051720592,1010011101,3252431524,1653126463,5736718425,100101010,65.2
female,33.09041096,science,french,7,0,0.771756741,11.2,1.773448729,7.3,-4.266566497,18.9,1.920774472,5.7,0.574769094,6.8,0.154836508,101100111,3425333333,1524536215,5654257681,1101011,49.9
female,29.46027397,science,french,7,0,0.331697441,5.3,1.821416993,4.8,1.173177489,6.5,0.718077342,6.3,-3.136556192,14.8,0.181562615,1011101011,3224531232,5463541645,8889689662,110001100,37.7
male,27.59452055,science,french,6,0,0.41979586,17.2,-0.252960072,38.1,1.401851336,15.8,0.730527087,13.9,0.322536128,16.3,0.524350068,1000010110,2113425153,6455462536,5452625937,101010111,101.3
female,29.04383562,science,french,7,0,-0.420979762,15.9,1.821416993,14.9,1.554951183,15.1,0.984587243,13.9,-0.005616988,9.6,0.786871734,1011001010,3152433152,4221643511,4626878589,100011110,69.4
male,30.40273973,science,french,7,0,0.374697463,9.2,0.20659518,20.5,0.914708044,16,1.117185036,29.8,1.439059224,9.9,0.810448989,1001110100,2533144342,2642213652,5489663475,101000011,85.4
female,36.6630137,0,french,3,3,-0.693076878,5.5,-2.023993528,8.7,-1.504733873,11.4,-1.104618284,4.5,-15.15284495,8.5,-4.095853504,1.11111E+11,2543223333,5555632146,8888888888,111111101,38.6
female,45.15342466,humanities,french,4,4,-1.417663558,18,0.723053306,7.4,1.682402919,22.2,1.920774472,14.6,-10.278987,9.8,-1.474083972,1.111E+11,4355251423,5635213645,6658888888,110110100,72
male,29.17534247,science,french,7,1,0.771756741,7.7,-0.596190895,6.2,-0.951485429,17.8,0.158394676,8.1,-0.294285638,7.2,-0.182362109,11110010110,3222124544,5444123653,5628545478,100010011,47
male,48.44657534,other,french,5,1,0.374697463,28.2,1.543792939,15.5,1.418027856,32.4,0.322966567,13.8,0.514503001,16.2,0.834797565,1011100100,1345221344,5226511433,8993618755,1101001,106.1
female,27.5890411,science,french,7,2,0.142399046,7.5,1.821416993,37.3,1.335189856,11.9,0.157210254,6.4,0.613082986,9,0.813859827,1110100010,2342115443,2215535465,5687525412,100001110,72.1
male,30.68219178,science,french,7,0,-0.79783041,15.9,0.20659518,28,1.173177489,18.3,0.118678593,12.7,-0.798272284,17.6,-0.019530287,1.1011E+11,3423552133,5624113222,5892477424,10111100,92.5
male,20.93972603,science,french,4,1,1.030186475,13.1,0.781777371,21.7,1.737996065,12.1,1.463348761,11.7,1.449211203,11.5,1.292503975,10011010001,2413254421,5246543615,5465872349,11111001,70.1
male,28.53972603,science,german,6,0,-0.5696493,9.7,1.773448729,12,1.232114936,9.4,1.392628828,6.4,1.10555237,9,0.986819112,100011011,3423114533,1125365422,5652147532,1101011,46.5
female,26.09041096,science,french,7,0,0.706482538,12.6,0.35618483,13.8,0.438587549,16.2,0.711012825,9.3,1.002697454,11,0.642993039,101101011,2313425542,2515326642,5428633916,1110101,62.9
male,19.56712329,humanities,other,4,1,-4.415494561,10.2,-3.040965737,5.2,1.550454755,12.9,1.671619683,9.6,2.171391676,11.9,-0.412598837,0,4432155432,5561342531,5243718952,111111111,49.8
male,30.14246575,science,french,7,0,-0.693076878,9.8,-3.040965737,19,-9.982032341,10.8,-11.37692329,3,-15.15284495,9.1,-8.049168641,1.11111E+11,3333333333,5555555555,5555555555,0,51.7
male,39.48493151,other,french,6,0,-1.417663558,27.4,1.773448729,20.4,0.396016563,35.4,-0.471434364,21,0.890643786,19,0.234202231,1.111E+11,2245324225,6556466131,7618575846,1101011,123.2
male,31.23561644,science,french,6,0,2.40566637,9,0.35618483,16.8,1.327559925,13.7,1.599792908,6.5,1.990685277,7.4,1.535977862,1011000111,5234351213,1425362213,5684326175,11010101,53.4
male,25.06027397,science,french,6,0,1.060495216,6.9,-3.040965737,7.4,1.043900454,10.2,1.019317338,4.9,1.147103933,6.2,0.245970241,1011101001,2453312334,2445362245,5436258874,0,35.6
female,37.85753425,0,spanish,3,5,0.891969241,23.3,-0.265943141,6.7,1.523786971,31.8,1.153008935,9.9,0.614847289,11.4,0.783533859,110001101,5134112345,5523641123,5139887443,101001101,83.1
male,40.47945205,science,french,6,0,0.345809681,17.5,-0.984117278,7.7,0.822730362,26.3,-3.186235377,17.1,-0.899873703,17,-0.780337263,1.11011E+11,1121432215,6656266665,6259666287,111111001,85.6
male,37.3260274,science,french,6,0,0.201293726,16.2,1.821416993,14,0.486616856,10.5,1.028136817,8.9,1.447560402,18.5,0.997004959,11100110110,3425412323,2545312536,8569148255,1100011,68.1
male,18.78356164,0,english,3,2,-4.415494561,14.6,0.189437849,13.1,0.623758243,19.2,1.851188679,9.1,2.054701956,8.4,0.060718433,0,3321455523,1654235165,5876934127,110011101,64.4
female,29.0109589,science,french,7,1,0.389487119,14.5,0.35618483,7,1.342863261,25.2,1.150591809,17.3,1.325212207,12.3,0.912867845,1000111011,3412235543,2236461453,4359642576,110010101,76.3
female,34.30684932,other,french,4,0,-0.280558632,36.9,0.089538752,9.5,2.261006722,18.2,1.819607204,13.8,0.970753841,14,0.972069577,10010011010,3245213425,2566143521,5562748955,101001,92.4
male,34.55890411,science,french,6,1,0.665394272,9.4,0.32143388,6.4,2.363735851,10.3,1.059452133,5.6,0.659374308,8.6,1.013878089,10011001011,4213552431,2566542314,8533296411,10111010,40.3
male,68.51780822,science,french,4,0,-0.273308918,10.2,1.269405268,24.3,1.764044828,8.7,0.879330534,7,1.000945445,8.9,0.928083431,101101100,3452122435,5625435623,8534755682,10000101,59.1
male,39.61643836,science,french,6,1,1.19276816,13.9,1.336502127,5.3,0.884257683,12.3,1.077667725,11.8,1.351346642,9.9,1.168508467,11000101110,3433524113,5324414651,4228719536,1011101,53.2
male,71.96986301,0,french,0,0,-2.429624051,38.4,-3.040965737,19,1.393835366,15.1,1.372660604,13.6,1.433871833,10.8,-0.254044397,11011111111,3421534251,5164136531,5892159763,0,96.9
male,19.86575342,science,french,5,0,-1.264208577,16.8,1.821416993,25,0.639641753,18.9,1.668114088,29.5,0.255085285,11.4,0.624009908,1.0101E+11,2314523145,5322412536,6785542256,10011101,101.6
male,29.20273973,science,french,7,1,-1.279037779,8.4,0.35618483,6.6,2.151460252,11.7,0.494447477,11,1.357690376,10.5,0.616149031,11010001010,2315443215,2456613132,5417366589,11010101,48.2
male,23.29863014,science,french,6,0,0.345809681,22.7,-1.126483048,17.1,1.275327598,23.7,2.029865597,10.9,0.803563206,8.2,0.665616607,1.11011E+11,4352112134,2635112436,5263697588,101111110,82.6
male,54.03835616,science,french,4,0,-0.043087657,5,0.723053306,14.2,0.488655734,9.4,0.790765159,7.5,-15.15284495,6.5,-2.638691683,1111100,3344121234,5244136556,5555555555,100111,42.6
male,42.79726027,science,french,6,0,1.701194572,15.1,-0.265943141,10.3,-1.723687584,12.3,-0.716289987,9.9,-0.134992728,9,-0.227943774,11100111100,2334451111,1234566655,5548754685,101001101,56.6
female,34,humanities,german,6,0,0.404517268,9.7,1.773448729,9.3,1.260768763,12.2,0.993188955,15.1,-0.669511274,8.9,0.752482488,1.1101E+11,3425112233,5336625432,5215259437,110101,55.2
male,25.90136986,science,french,7,0,0.317797423,15.4,0.35618483,27.5,1.043900454,16.3,1.421660564,9.6,1.902781659,15.2,1.008464986,11001010111,3123524152,5362541426,5612849532,110001010,84
male,61.04109589,science,french,5,0,0.517184144,8.1,-0.984117278,14.3,1.692341555,11.9,1.230098458,8.6,1.03005807,9.7,0.69711299,11000101101,3521435124,2465235516,5624875661,1001,52.6
male,34.68219178,science,french,7,3,0.345809681,14.1,0.35618483,18,-8.169085689,17.6,0.655750151,18,-5.227092696,12.4,-2.407686745,1.11011E+11,5455555555,1563564221,5555585746,10100011,80.1
male,35.26027397,science,french,6,0,-0.301972727,15.8,0.35618483,22.4,0.065004607,24.2,0.709252278,28.2,1.477547885,15.7,0.461203375,11100100100,4255223113,5312141525,8129642763,101010011,106.3
male,42.51506849,science,french,5,0,1.266754339,31.7,0.35618483,22.7,0.300441253,23.2,0.313663423,16.7,0.15143461,15.3,0.477695691,1110100001,2335243354,2654653611,6935688438,110010101,109.6
female,58.20821918,humanities,french,6,0,-1.411310723,23.4,-0.596190895,17.8,-9.982032341,17.4,-0.611902984,18.2,-15.15284495,12.4,-5.55085638,110000000,2222222222,2524246641,8888888888,11001110,89.2
male,30.10684932,science,french,7,0,0.665394272,9,1.773448729,9.3,0.817510669,17.1,0.08792641,9.8,1.242359744,11.1,0.917327965,1011000010,3431225412,5446125333,5883249638,11101001,56.3
male,48.21917808,other,french,4,0,0.588321834,14.1,-3.040965737,10.8,0.562033833,25.4,1.859197166,10.2,-14.07232956,7.2,-2.820748492,10110100111,4233543414,5214236215,5555555552,0,67.7
male,40.15890411,science,french,6,0,0.500223415,10.3,-3.040965737,12,1.271673107,14.7,0.627259633,10.9,0.631628217,6.5,-0.002036273,11100100110,2432155224,1542666132,7568643687,0,54.4
female,28.2630137,other,french,6,3,0.108783204,35.5,-0.596190895,11.5,1.489032034,28.9,0.766723225,25.8,2.054701956,16,0.764609905,1.00011E+11,4253412544,3566145335,5264781936,11101100,117.7
female,25.12876712,other,english,5,1,0.131057385,9.2,0.35618483,24.8,1.633781065,21.1,1.235221527,18.1,1.57235803,11,0.985720567,101011110,2451341543,5264156365,5217629518,11010101,84.2
female,42.37534247,other,french,6,0,0.225944088,28.9,0.35618483,12.3,0.617007958,11.8,2.123737643,12.5,-15.15284495,6.8,-2.365994087,1.00111E+11,3514353413,5413624153,8888888888,1101010,72.3
female,32.76164384,other,french,6,1,-0.693076878,24.4,1.773448729,20.9,0.884257683,16.4,0.604226498,15.1,2.141168,7.5,0.942004806,1.11111E+11,4352154354,5463543614,4368197264,11101001,84.3
female,31.02465753,science,french,7,0,0.304103338,10.7,0.285179156,13.9,0.977755599,20.7,1.560352362,8.7,1.414101655,9.2,0.908298422,1010010110,2412315343,5541632542,5745238695,1000101,63.2
male,8.42739726,0,french,1,2,-1.264208577,92.9,-1.298379402,42.4,2.230912082,48.7,1.469407349,36.1,1.532919733,22.9,0.534130237,1.0101E+11,3452312543,2345132524,4586278596,11101110,243
female,20.25753425,science,french,4,1,1.060495216,13.5,0.35618483,11.2,1.648184187,16.2,0.648993905,8.8,1.557967299,9.1,1.054365088,1011101001,4314254331,1626533465,5143528769,10001110,58.8
male,49.00821918,science,french,7,0,0.727732527,8,-0.142574845,9.4,1.286350953,9.9,1.433444761,6.8,2.141168,9.8,1.089224279,11110010000,3422455341,5231452623,8647239658,110110001,43.9
male,43.69315068,science,french,4,3,-4.415494561,46.5,-3.040965737,22.4,-0.491907081,34.5,1.710774755,43.4,1.390732856,55.3,-0.969371953,0,5134514555,4352616452,7763149782,0,202.1
male,6.320547945,0,french,0,2,-0.693076878,61.6,-0.048061521,42.5,2.201475302,59.4,1.998449417,79.2,-0.05280695,51.7,0.681195874,1.11111E+11,5432113452,6543212635,5859887651,111,294.4
male,48.46849315,humanities,french,4,1,-0.693076878,13,1.821416993,11.2,-9.982032341,15.3,1.544242669,12.1,1.902781659,9.7,-1.08133358,1.11111E+11,2222222222,5314523361,5368147528,100001110,61.3
male,47.87123288,other,french,5,4,-0.693076878,19.4,-3.040965737,13.9,-1.601478477,25.4,1.245524516,9.1,1.464982349,9.5,-0.525002845,1.11111E+11,3345211112,1563352145,8624139877,0,77.3
female,38.6739726,other,french,6,NA,-0.580153207,27.3,0.35618483,30.9,1.081397422,36,0.911504499,49.4,-15.15284495,23.5,-2.676782282,10010100010,1341254325,5521413662,6666666666,11100010,167.1
male,32.02191781,science,french,6,0,0.290609175,8.1,-0.688451355,13.9,0.566350116,13.6,-0.564050742,10.1,0.826947404,12.6,0.08628092,110110101,5155241215,1656552343,4824516172,1110,58.3
male,27.70410959,science,french,6,0,0.665394272,5.2,1.821416993,10.9,0.291598942,12.5,0.993188955,7.2,2.072312735,8.7,1.16878238,101101000,4311154323,3452165545,5632197468,100011110,44.5
male,40.25753425,science,french,5,0,0.606995879,27.8,0.35618483,19,1.697338515,41.6,0.413877469,37.3,1.28954917,17.9,0.872789173,11011110011,4135542345,6323415565,9562648529,1110101,143.6
female,19.45205479,science,french,4,3,0.290609175,4.7,-0.47314368,2.2,-0.178287627,5.1,-1.557181103,4.4,2.171391676,6.2,0.050677688,1110100100,3232453441,5252564113,8562341785,11001111,22.6
male,43.64931507,humanities,french,5,0,0.108783204,11.4,-3.040965737,29.1,0.229592534,16.3,1.143365485,13.6,0.666741953,12.9,-0.178496512,1.00011E+11,3411121433,5166345112,5447196865,0,83.3
female,39.43287671,science,french,7,3,-0.014644373,7.9,1.269405268,15.9,1.397837387,30.2,-0.582971711,8.1,0.549641387,11.3,0.523853592,11011111011,4234513423,2613165666,8625958563,100001100,73.4
female,30.00547945,science,german,6,2,-0.420979762,24.8,1.773448729,14.2,-0.013127581,42.5,1.606476245,20.6,1.150957943,12.6,0.819355115,1.1111E+11,5453221521,2414562354,5963864755,101011000,114.7
female,39.81643836,humanities,french,4,5,-0.369969093,29.9,1.336502127,9.8,-8.169085689,14.9,0.578360829,24.3,0.819784998,6.9,-1.160881366,1.11001E+11,5455555555,4545623154,6582676853,111010100,85.8
male,41.70684932,science,french,7,1,0.108783204,6.8,-3.040965737,6.7,-9.982032341,65.2,1.469407349,10.2,-7.238689615,6.3,-3.736699428,11010010110,2222222222,6421532652,8888885426,0,95.2
female,28.86575342,other,french,6,0,0.331697441,22.4,-0.956960541,9.3,0.977755599,23.4,1.032567577,23.3,0.53311361,21.1,0.383634737,1001110110,3212353411,5131436612,5542647584,11100111,99.5
female,40.53424658,other,french,5,1,-0.693076878,19.5,0.35618483,13.5,1.335189856,20.7,1.630123626,18.7,2.141168,12.6,0.953917887,10111000,4542315452,3525613462,6284971386,11010101,85
female,43.45479452,humanities,french,4,0,2.716679025,31.9,-0.179909136,41.4,1.455151528,46.2,1.384035956,74.8,1.351346642,17.8,1.345460803,1011100011,4332142345,3546134153,2593746118,100110011,212.1
female,40.87123288,science,french,6,0,1.19276816,11.7,1.773448729,8.7,-0.466046866,12.4,-0.454745865,9.1,1.454312297,6.3,0.699947291,1110011101,2343355543,1522254423,8622594178,10100111,48.2
male,36.92328767,science,french,7,0,-0.5696493,11.7,0.145914825,22.1,1.401851336,27.3,1.800226183,23.1,1.319253134,16.2,0.819519236,1001110111,2442154321,5263516423,5278961147,110001101,100.4
male,42.05479452,other,french,4,3,0.142399046,13.5,-1.298379402,15.2,1.845357998,17.6,0.308375094,8.3,1.885529545,11.5,0.576656456,111010101,3425413452,2364231321,5214962345,110101011,66.1
male,31.65205479,science,french,6,0,-0.715901094,16.7,0.781777371,12,0.923133592,15.1,1.773537787,9.4,1.480073293,8.3,0.84852419,100000101,3432353124,5235416234,7542568931,100101,61.5
female,50.60547945,science,french,6,0,0.771756741,13.9,0.35618483,20,-2.470300603,22.1,0.449923787,24.3,1.627587136,13.7,0.147030378,101100111,1111234555,5226563234,5687245932,110010101,94
male,27.17260274,science,french,6,0,0.817983063,9.2,-0.490516869,23.1,1.139676282,85.5,1.295531744,13.5,1.548104941,13.9,0.862155832,1101001,1334241251,5234142612,5341576934,10110100,145.2
female,46.18630137,other,french,4,0,0.345809681,23.4,0.189437849,15.1,0.974824849,15.7,-0.791997352,11.8,0.876513959,18.9,0.318917797,1.11011E+11,4235234512,3562563256,5646248913,10001100,84.9
male,38.09863014,science,french,5,0,1.701194572,16.5,0.20659518,8.3,0.835868798,23.6,0.33771245,16.9,0.673227983,8.5,0.750919797,111101000,5434245133,3365144654,6558993241,101001100,73.8
male,27.49589041,other,french,4,4,1.030186475,22.4,1.336502127,19.7,1.573088549,13.3,0.725177856,11.2,1.626197526,11.9,1.258230507,11101001101,2411353422,4252531542,7426539518,100110101,78.5
male,33.90136986,science,french,6,0,-0.79783041,23.8,0.189437849,12.6,-9.982032341,24.2,0.772234661,19.4,1.525382689,18.3,-1.658561511,1.1011E+11,5555555555,2565142451,4681347685,11110101,98.3
male,22.61917808,other,french,6,0,1.482692438,19.3,1.226951829,4.1,0.231276936,15.1,1.219908483,14.6,1.298762704,10.5,1.091918478,11100001101,5214514244,5245561354,5739584651,110101110,63.6
female,33.84931507,humanities,french,5,2,-0.336596018,30.8,1.218460494,17.9,1.257153515,18.6,2.355640486,14.9,-15.15284495,12,-2.131637296,100101110,3254132423,2534162543,2222222222,100110100,94.2
female,32.7260274,science,french,6,2,-0.189567147,8.4,0.145914825,16.1,0.039915066,20.6,1.67865744,6.5,2.244683152,9.7,0.783920667,1.10111E+11,3122545442,5236541245,4658237914,11100101,61.3
female,49.8630137,other,french,4,0,1.390181916,16.6,-3.040965737,10.6,1.532617685,21,1.534665498,14.5,1.529146619,14.4,0.589129196,1100111001,3435231245,5123621143,4258162549,0,77.1
male,24.69863014,science,french,7,0,-1.283928445,22.8,1.036960055,27.2,1.657872568,36.3,0.532669098,31.5,0.981803241,11.6,0.585075303,1.101E+11,1332412534,5413412642,5625715839,101010001,129.4
male,27.28767123,science,french,6,0,0.771756741,11.6,-0.252960072,13.3,0.621504387,12.5,0.22638245,13.3,-0.032668277,11.8,0.266803046,101100110,5451443155,5523215621,5211752658,101010111,62.5
female,24.15616438,science,french,7,0,1.19276816,26.6,1.821416993,24,0.243127111,52,1.075377712,34.3,0.738412782,33.2,1.014220552,11000101110,4354323135,2432152466,6857291522,11100001,170.1
male,30.75068493,other,french,6,0,-1.264208577,32.9,-3.040965737,12.5,1.031629945,21.4,0.425311157,23.6,0.042061077,10.7,-0.561234427,1.0101E+11,2145342221,6455461322,4445236971,0,101.1
male,32.93424658,0,french,3,0,0.771756741,19.1,1.036960055,22.1,-4.929283064,11.9,0.554540198,14.6,1.271285184,11.4,-0.258948177,110011100,5453555555,2454431165,9526814452,100010101,79.1
female,37.95068493,science,french,5,3,-2.429624051,7.2,1.821416993,18.3,0.542779952,22.7,1.287515578,13.1,1.40926542,10.9,0.526270779,1.001E+11,2431435233,2532462541,5298127431,10011101,72.2
male,32.43287671,science,french,7,2,2.075979669,15.6,0.35618483,25.6,1.442662916,22,0.885306839,9,0.408715357,12.9,1.033769922,111010011,2413215344,2142316525,5287543565,10101001,85.1
male,33.48493151,other,french,6,3,0.360140724,9.9,1.036960055,6.8,1.450975776,15.1,0.819031299,5.6,-15.15284495,6.9,-2.29714742,10110110001,4221345421,1524243265,3333333333,101010001,44.3
male,35.1369863,humanities,french,6,1,1.435280313,12.1,0.145914825,11.2,0.434661368,19.4,1.364189617,14.9,0.674228253,13.9,0.810854875,1011000011,1131423124,5126133152,5348524779,11100101,71.5
male,30.52054795,other,french,4,0,1.060495216,16.7,0.20659518,19.6,-2.944628702,29.6,0.707493952,10,2.244683152,9.9,0.25492776,1011101001,1454545544,2462514351,4756389214,100111010,85.8
female,51.89315068,humanities,german,4,0,0.374697463,34.7,0.20659518,8.4,1.717513859,21.5,2.01182686,7.5,1.24911721,10.8,1.111950114,1011100100,4223154523,4255136452,7545238419,101001100,82.9
male,28.2,humanities,french,4,1,0.626054983,8.1,0.35618483,10.3,0.585946438,16.2,1.534665498,18.4,-0.241238152,14.1,0.572322719,1010011101,2231543315,5226434521,5552496514,1110101,67.1
female,56.37260274,science,french,7,5,0.345809681,13.4,0.145914825,13.4,0.111995363,54.9,0.845940579,32.3,0.123153061,20.7,0.314562702,1.11011E+11,3234125254,3545661463,5246523576,101100011,134.7
female,40.64383562,science,french,6,0,-0.590539089,22.6,-0.596190895,19.1,0.632811582,33.3,0.959096174,22.3,1.678303867,11.2,0.416696328,1.10101E+11,3411125343,6335163245,2546329581,110100011,108.5
male,34.91780822,0,french,2,4,0.108783204,8.3,-0.179909136,10.9,1.823189941,12.5,1.871296863,6.1,2.054701956,6.9,1.135612566,11011001100,3241523412,5342624351,8524169732,11001100,44.7
male,41.92876712,science,french,7,0,-2.585232015,17.7,1.336502127,9.4,-2.520805596,35.6,0.861553884,18.7,1.230007422,20.3,-0.335594835,1011101010,4445555233,4652231553,4221953268,101011001,101.7
male,24.89315068,science,french,4,0,-0.693076878,8.5,1.336502127,5.6,-7.823521473,7.3,-11.37692329,6.8,-15.15284495,4.5,-6.741972894,1.11111E+11,2344444444,5555555555,5555555555,1011101,32.7
female,69.82465753,humanities,french,6,5,-2.429624051,24.4,0.20659518,35.1,0.729296225,17.8,0.154844425,18.2,2.244683152,19.6,0.181158986,1.001E+11,3415223334,3451623162,4385169274,100111010,115.1
female,35.73972603,0,french,3,5,-3.531128974,21.9,-3.040965737,11.8,-9.982032341,15.2,-0.832151046,7.5,1.04503449,13.1,-3.268248721,10101010101,5555555555,5465664565,8699423147,0,69.5
male,64.75890411,science,french,7,0,-0.635883352,29,-3.040965737,0.5,1.260768763,34.2,1.436406447,34.5,-15.15284495,35.6,-3.226503767,1.0011E+11,4241543211,5262413521,5555555555,111111111,133.8
male,35.49041096,science,french,4,4,2.922938148,8.6,-0.956960541,8.5,1.672537094,9.6,1.442348771,8.2,1.356264005,14.5,1.287425496,1111000011,3512441534,5214432536,5354816973,101101011,49.4
female,37.24931507,science,french,4,0,1.907453695,13,0.35618483,14.5,-1.775183959,14.9,0.176282893,10.6,1.209951394,11.7,0.374937771,1011100101,2454541222,2635324414,5626389645,110010101,64.7
female,32.14520548,science,french,7,0,-0.5696493,9.2,-1.126483048,15.6,0.859845913,10.2,0.518788234,7.5,0.390841043,11.7,0.014668568,1001110111,2343455123,1542456633,8577395224,100000010,54.2
female,29.48767123,other,french,5,2,0.087033171,6.9,0.35618483,17,0.505078853,22.9,1.24811221,11.8,0.347443795,9,0.508770572,11100010010,4455341213,4146213452,8875469641,11010101,67.6
female,23.05753425,humanities,french,6,0,-0.693076878,26.3,-0.688451355,28.3,1.308672111,26.3,1.292854562,35,-0.122192814,15.3,0.219561125,1.11111E+11,3545523154,3256613445,5998742544,110001000,131.2
male,33.52054795,science,french,4,0,-0.251212237,15.1,-0.596190895,6.4,0.748956123,13.9,0.728741728,7.7,1.391660859,7.1,0.404391115,1.11101E+11,2143522243,5132643435,5398641575,100101011,50.2
female,26.98082192,0,french,3,0,0.345809681,11.9,-3.040965737,25.2,-8.169085689,12.9,1.073091455,20.5,1.771226882,17.1,-1.603984681,1.11011E+11,1211111111,5264112643,5263496587,0,87.6
male,36.76164384,science,french,6,0,1.19276816,21.6,0.145914825,8.8,1.106988293,26.4,1.339081318,9.9,1.492479455,10.6,1.05544641,11101000110,2441522344,5325641562,5412658736,11100101,77.3
male,36.76164384,science,french,6,0,1.19276816,21.6,0.145914825,8.8,1.106988293,26.4,1.339081318,9.9,1.492479455,10.6,1.05544641,11101000110,2441522344,5325641562,5412658736,11100101,77.3
male,36.76164384,science,french,6,0,1.19276816,21.6,0.145914825,8.8,1.106988293,26.4,1.339081318,9.9,1.492479455,10.6,1.05544641,11101000110,2441522344,5325641562,5412658736,11100101,77.3
female,28.88493151,other,french,6,0,0.467207985,20.9,-0.596190895,16.7,1.732846234,25.8,1.162719587,30.4,1.388349119,14.7,0.830986406,1100010011,2554132245,5253163256,8663172496,1101110,108.5
male,44.03013699,science,french,6,0,0.517184144,12,1.543792939,27.4,-1.562009317,11.3,1.079961508,19.9,1.514432676,17.8,0.61867239,1101110110,3143354545,5526112546,7561524936,11010011,88.4
female,42.63287671,other,french,5,5,0.374697463,15.4,-3.040965737,9.5,1.999093406,15.7,0.909471715,13.8,1.336815676,9.6,0.315822505,1001110100,3423154321,1552635446,5625413698,0,64
female,42.66027397,science,french,6,0,0.64551536,17.1,1.336502127,7.2,2.018016608,21.7,1.576650477,12.8,0.748003316,9.1,1.264937578,11000011010,5123244531,3241456223,5628717457,1011101,67.9
male,42.65205479,science,french,4,0,0.972396797,29.8,1.821416993,18.1,1.022499883,39.5,1.699986524,35.3,1.454312297,20.2,1.394122499,11001011000,2313521445,4262516354,5674289915,10110101,142.9
female,28.02739726,humanities,french,6,3,0.317797423,11.7,1.821416993,14.5,1.149639428,17.2,1.235221527,14.5,1.331832094,11.8,1.171181493,10001101110,2315213431,2544163242,5417853148,100011110,69.7
female,43.77808219,0,french,3,0,0.108783204,21.9,-3.040965737,12.4,0.796831889,25.3,1.325325303,8.4,1.251053351,10.1,0.088205602,10010110111,5425134251,2613514613,5391792859,0,78.1
male,29.23013699,other,french,6,0,-1.482841831,16.1,1.821416993,22.2,0.746482882,15.1,-0.882454137,14.5,-0.095662615,7.5,0.021388259,1.00001E+11,2322155431,5565411152,8625366545,10100101,75.4
female,41.02739726,other,french,5,1,-0.251212237,69.2,1.821416993,18.7,0.296897358,31,0.779617316,24.2,-15.15284495,23.3,-2.501225105,1100110011,4351525333,5654216546,6666666666,10011101,166.4
male,42.50410959,science,french,6,0,-0.079699721,22.3,-3.040965737,16,-7.937874665,26.9,0.817128947,26,1.351346642,15.5,-1.778012907,1011011101,3333333355,1533122451,1625894773,0,106.7
male,10.90684932,0,french,1,1,0.918008535,13.3,-0.956960541,13.7,1.409915307,21.6,0.432505148,9.6,1.403374934,12.5,0.641368677,11010011101,3412352433,2366541145,5896324418,10010100,70.7
male,43.94520548,science,french,7,1,-1.279037779,19.2,-3.040965737,6.3,1.785252811,24.5,1.427540205,9.5,2.244683152,6.1,0.227494531,11010001010,3425431235,3512642651,5341876925,0,65.6
female,13.25753425,0,french,2,0,1.19276816,15.9,1.336502127,18.5,0.809718868,24.1,0.455778724,17.8,-0.119600106,9.5,0.735033555,11000011101,2432315431,3545561223,1444569873,11101000,85.8
female,19.74520548,science,french,4,2,0.918008535,7,1.821416993,37.7,1.697338515,15.8,2.552403477,8.6,-15.15284495,8.8,-1.632735487,10100001111,5542132543,4235163254,8888888888,101001010,77.9
female,46.26849315,other,french,4,0,0.201293726,11.7,0.145914825,10.7,1.697338515,33.8,1.389758646,12.4,2.113637588,11,1.10958866,11011001110,4352412355,1522642163,4652389745,101001110,79.6
male,53.29863014,science,french,6,0,0.238520252,16.1,0.35618483,18.2,1.692341555,17.1,1.804080883,14.8,1.549572947,13.7,1.128140093,1000110110,1352413254,2411635264,8641323957,1101010,79.9
female,52.74246575,other,french,4,3,0.374697463,12.1,1.821416993,22,1.405877286,17.4,1.583223475,7.2,0.597611579,12,1.156565359,1011010001,4331523341,5124365246,5456298873,10011101,70.7
female,61.70410959,science,german,6,2,0.331697441,17.9,0.35618483,9.9,0.980692741,23,0.056736265,17.4,-0.632567652,10.1,0.218548725,1011101011,4425433125,4143622213,5442955322,11010101,78.3
male,45.49315068,other,french,4,4,1.435280313,23.5,1.452177581,18.1,1.025536364,23.5,0.901370105,18.2,1.218938499,11.8,1.206660573,11110011000,3441234543,5246254161,8415629985,111010010,95.1
female,37.72328767,science,french,5,0,-1.616294023,19.5,-0.956960541,12.6,0.009553865,18.1,1.839261591,10.2,1.414101655,8.7,0.13793251,1.0001E+11,3443251333,1521463541,5896325745,1010010,69.1
female,52.44931507,humanities,french,4,5,-1.264208577,23.4,0.068744507,16.3,1.81224127,17,0.671072549,10.6,1.442070424,8.7,0.545984035,1.0101E+11,4423154321,5564332114,5621474569,10101010,76
female,28.3260274,science,french,5,3,-0.420979762,26.2,1.269405268,13.4,0.234652073,37.5,1.222449,30.2,1.557967299,7.5,0.772698776,1.1111E+11,5553215135,4124351256,8654397129,100001100,114.8
female,27.02739726,science,french,7,0,-1.283928445,14.4,0.20659518,9.6,1.374001737,15.8,1.703573328,11.9,0.972573078,10.7,0.594562976,1.101E+11,4345132143,5431632551,8537811964,101000110,62.4
female,40.41369863,other,french,4,2,0.142399046,12.4,-3.040965737,9.6,1.152976925,30.6,1.725290229,7.9,-15.15284495,6.4,-3.034628898,11111100,5241224315,5326541563,5555555555,0,66.9
male,37.75616438,science,french,6,0,-1.69615398,35.1,0.32143388,15,-9.982032341,23.4,0.861553884,16.1,-2.959107484,10.3,-2.690861208,10101011010,5555555555,3564631566,8588658556,101000101,99.9
female,23.74794521,0,french,3,0,-1.438529766,10.7,1.466399166,82.6,0.513366135,27.2,1.831366539,12.8,-0.039200108,12.4,0.466680393,1.01101E+11,3412544412,6245136234,4442687921,1110001,145.7
female,42.03013699,other,other,6,4,1.22902119,12.6,-2.438154003,25.8,1.596109264,23.5,2.469090631,11.4,-15.15284495,15.2,-2.459355575,1011000110,4231532244,2536415263,1111111111,111101111,88.5
female,37.57808219,other,french,7,5,-0.052377522,6.8,0.32143388,7.7,0.881523308,21.9,0.343113515,11.3,-0.087532459,15.3,0.281232144,1101111,1213254411,5542516614,5542289663,101000101,63
female,29.34246575,science,french,5,1,1.124267658,10.2,-0.956960541,18.4,0.46639607,22.2,-0.04211797,17.5,0.092285982,11.8,0.13677424,110000111,2421235544,2522344523,5264523629,1010010,80.1
male,16.99452055,0,french,3,0,1.764967014,10.2,1.821416993,33.9,1.476226748,12.9,0.865484699,10.8,2.143107142,11.8,1.614240519,1011001011,3523412451,2615624342,1528634719,10011101,79.6
male,22.88493151,0,french,3,0,0.238520252,8.7,-0.596190895,16,0.702724117,22.4,1.64726373,6,-7.238689615,8.1,-1.049274482,1010111001,3235313245,2352165341,5555553268,100011001,61.2
female,33.33424658,other,french,6,0,0.404517268,9.7,-0.678035429,25.1,1.515013786,22.9,1.36137736,21.2,1.410473061,12.5,0.802669209,1.1101E+11,5234253142,3125542623,5347126863,110110011,91.4
female,27.53424658,science,french,6,0,-0.635883352,11.9,-3.040965737,11.7,1.633781065,19.7,2.080711046,12.7,0.850503767,14.7,0.177629358,1.0011E+11,3241523513,4625513642,5246584591,0,70.7
female,42.4739726,science,french,4,3,-0.123515212,26.9,-0.596190895,19.7,0.812311129,26.5,1.442348771,21.1,-15.15284495,6.6,-2.723578232,1011010010,5341213214,5231244613,4444444444,1110100,100.8
female,29.56438356,science,french,7,0,-0.369969093,12.2,-3.040965737,8.1,1.059397508,17.7,1.089174586,11.5,1.57474468,10.2,0.062476389,1.11001E+11,2321432541,2414532513,5426158369,0,59.7
female,31.45479452,other,french,4,3,0.517184144,12.9,-3.040965737,22.7,0.909120156,61,2.123737643,38.1,-15.15284495,40.8,-2.92875375,110011101,1342421435,2561345621,5555555555,0,175.5
male,23.12328767,science,french,5,4,-0.014644373,21.5,0.20659518,24.7,-0.039574842,57,0.538883034,16.4,1.297264883,11,0.397704776,11001001,2514141253,5226441633,6542897741,11110010,130.6
male,15.46575342,0,french,2,3,-0.693076878,59.8,-0.791814807,28.2,0.626015879,33.1,1.10778552,21.1,1.213965485,8.3,0.29257504,1.11111E+11,5534325531,1146353125,5415697543,10110000,150.5
female,46.89041096,science,french,7,0,0.404517268,66.9,-3.040965737,14.9,0.79171143,18.4,-1.428238172,25.6,-1.706064947,31.5,-0.995808032,1.1101E+11,5314145532,6664563131,7957576866,0,157.3
male,NA,0,german,2,3,-2.208056913,4.3,-2.023993528,1.8,-9.982032341,3.9,-11.37692329,2.7,-15.15284495,5.9,-8.148770206,11,4444444444,5555555555,8888888888,111111101,18.6
female,9.394520548,0,french,1,0,-1.283928445,82.6,-0.265943141,36.5,0.995475316,55.6,0.643948131,38.7,1.49106464,20.4,0.3161233,1.101E+11,3233542143,2412563561,8165789536,10110010,233.8
female,43.67123288,humanities,french,5,4,-1.283928445,25.3,0.35618483,32.4,1.61953036,22.4,1.675134118,18.2,1.359118063,17.5,0.745207785,1.101E+11,3125441533,3615146312,5493287646,101010110,115.8
female,14.90684932,0,french,2,1,0.108783204,8.9,0.189437849,16.1,1.9318982,18.8,2.240138775,6.7,1.820832402,6.6,1.258218086,1.00011E+11,4231545312,3541265342,5623814758,10001100,57.1
female,21.46575342,other,french,5,3,0.331697441,10.5,0.145914825,6.7,1.823189941,17.9,1.242941618,8.8,-0.670769582,8.3,0.574594848,11011001011,4215324152,2643451542,8885523417,101001110,52.2
female,33.65205479,0,french,3,5,0.706482538,7.7,-0.596190895,18.2,1.839781679,13.5,0.919665418,8.3,-15.15284495,5.6,-2.456621243,11101001,2354311245,2546325115,5555555555,110010001,53.3
female,22.93424658,other,french,4,1,0.374697463,14.4,0.068744507,4.8,1.2356635,16,0.657444343,12.2,1.627587136,10,0.79282739,1001110100,3143421523,4143262335,5473625896,101010101,57.4
male,44.54794521,humanities,french,5,0,-1.417663558,5.1,0.561667292,3.7,-4.00428125,11.7,0.691768072,12.2,-3.148424402,10.6,-1.463386769,1111,5555444411,1552144612,5555414742,100100111,43.3
male,4.002739726,science,german,7,2,-4.415494561,10.4,0.32143388,4.9,-9.982032341,9.8,-7.01267968,8.6,-10.71221722,7.4,-6.360197984,0,3333333333,2225222222,5558888888,101000101,41.1
male,28.18356164,other,german,6,0,1.060495216,10.4,1.773448729,4.4,1.370069824,13.7,1.747350948,11.1,1.361717241,12.7,1.462616392,1011101001,2453412445,5326412556,5764882961,111100010,52.3
male,47.4630137,science,german,6,0,-0.635883352,20.4,-0.179909136,32.4,1.146310183,18,1.189778164,13.5,1.547518129,17.6,0.613562798,1.0011E+11,4435224132,6223451564,6943574265,100001011,101.9
male,22.86575342,humanities,german,6,0,-2.429624051,26.7,0.446237926,47.7,0.731738074,28.4,0.744892915,14.6,1.074565222,11.2,0.113562017,1.001E+11,2231154435,2345323654,8642985331,1001101,128.6
male,24.70958904,science,french,6,5,-0.590539089,5.1,-0.688451355,15.1,1.955946679,4,0.466084434,3.8,1.911666054,7.8,0.610941345,1.10101E+11,5432152344,4436543122,6742895462,100100010,35.8
male,24.45205479,humanities,german,6,0,0.588321834,12.7,0.35618483,6,1.937870179,9,1.541042959,6.9,2.021266031,11.8,1.288937167,11011001001,4231215324,2563541621,5624978251,10001110,46.4
male,42.53150685,0,german,3,0,0.665394272,12.4,0.35618483,38.2,0.923133592,21.5,1.174953844,29,2.066146633,18.5,1.037162635,1011001110,4315434512,2643541565,1582497518,11010101,119.6
male,43.8109589,other,german,5,3,-2.429624051,41.8,0.35618483,21.2,0.726858796,28.5,1.788725653,29.9,1.48993372,20.1,0.38641579,1.001E+11,4351445131,5142316456,5792516827,10100011,141.5
male,42.5369863,humanities,german,6,1,0.866643444,13.7,1.336502127,21.9,0.971900463,16.8,0.313663423,18,0.589854585,13.5,0.815712808,11101100100,2511435525,3453425634,5432338759,111010100,83.9
female,33.53150685,other,german,4,0,-0.526397725,21.5,1.336502127,23.8,0.639641753,32,0.709252278,17.1,2.141168,22.4,0.860033286,1.00101E+11,4321543215,5343154262,5249738645,100010111,116.8
male,NA,science,german,6,0,-1.095184175,11.8,1.821416993,14.3,-4.728684294,17.8,1.506322698,16.7,1.627587136,17.5,-0.173708328,10010100,5555255255,2153542612,6213486594,10011101,78.1
male,44.05205479,humanities,german,4,4,-0.818235958,12.5,-0.678035429,13,1.506297387,16.4,2.048140914,6.5,1.53495523,9.6,0.718624429,1.10001E+11,4213355231,2365414523,8574126258,11111100,58
male,49.30136986,humanities,spanish,6,0,-0.273308918,18.6,-0.791814807,11.6,-6.322276933,13.4,-7.264060796,5.3,-1.127709297,14.8,-3.15583415,1111110,1111333333,5555556666,4514541324,11010,63.7
male,49.90958904,0,german,2,0,-1.256703796,34.9,0.32143388,39.8,0.931612187,47.2,0.617341634,28.4,1.093476514,15.5,0.341432084,111111111,4532353125,5646335564,5189715365,10111010,165.8
male,22.66849315,humanities,german,5,0,1.060495216,21.8,-0.678035429,26.2,0.838511937,21.2,0.803884705,12.4,1.632383155,13.4,0.731447917,11010000001,4153425232,3351564232,5642815279,110111001,95
male,37.23013699,science,german,4,0,0.331697441,12.3,1.336502127,5.7,-7.823521473,12.6,0.25149075,8.3,0.748003316,9.6,-1.031165568,1010001011,2433333333,2623562246,5245759382,101110100,48.5
male,74.82465753,science,german,7,0,1.907453695,28.8,-0.729549989,36.9,1.672537094,25.1,0.879330534,17.2,0.802294525,17,0.906413172,1011100101,2421532541,5154532156,2425859324,100101001,125
female,26.22191781,humanities,german,6,0,-1.417663558,11.1,0.32143388,23.1,1.839781679,12.9,1.53785058,8.8,1.351863523,9.4,0.726653221,1.111E+11,4431254321,5523631456,8565314972,10111010,65.3
female,49.07945205,humanities,german,6,1,-0.590539089,8.4,0.568657951,8.1,1.282666466,10.4,1.174953844,9.2,0.348118925,6.5,0.55677162,1.10101E+11,3511233254,6233566124,8533177369,1011111,42.6
male,14.83835616,0,french,2,3,-1.438529766,20.2,-3.040965737,9.5,1.476226748,17.3,2.123737643,9.9,2.143107142,10.4,0.252715206,1.01101E+11,2345132413,1546325416,1578632495,0,67.3
male,47.82739726,science,german,4,1,1.22902119,8.5,0.089538752,8.8,-2.193116338,21.9,0.925817626,11.7,1.423007565,8.1,0.294853759,1011110010,1234511111,5513456122,8416795835,111010011,59
female,22.73424658,humanities,german,4,0,-0.693076878,15.7,-0.596190895,8.3,-0.875129161,19.3,1.22754397,9.7,1.429516961,15.9,0.0985328,1.11111E+11,2332145444,4254635221,6585127468,110010001,68.9
male,43.59178082,0,german,3,0,1.266754339,10.9,0.35618483,22.7,1.633781065,15.1,0.185918008,9.3,1.885894614,7,1.065706571,1110101001,3513442513,5363145515,5349612539,11100010,65
female,63.93150685,humanities,german,6,0,1.266754339,23.5,0.089538752,22.4,1.149639428,26.6,1.237790141,19.1,1.742176632,14,1.097179858,11101001100,4112251243,6224561231,5384956172,1111101,105.6
male,37.90410959,humanities,german,4,0,0.065783182,6.9,-0.179909136,15.3,0.807131588,17.2,1.781111028,7.4,1.707305978,8.2,0.836284528,1111010011,4224531321,5253162345,5648259143,1011110,55
male,29.45205479,other,german,4,0,0.866643444,7,-0.688451355,22.9,1.774607071,13.7,1.0868656,7.7,1.3890109,10.4,0.885735132,11100101000,4155235412,1266534425,1268544379,10100100,61.7
female,34.07945205,humanities,german,5,2,-0.526397725,14.7,-0.956960541,20.8,1.156322713,11.8,0.394091517,7.7,0.407451793,10.7,0.094901552,1.00101E+11,3412323541,5234521656,5864539557,110001,65.7
male,51.16986301,science,german,6,1,-0.088630552,21,0.35618483,12.8,1.573088549,25.5,2.109247326,17.2,1.341815371,11.5,1.058341105,11010001101,2432514234,2635541632,8652517962,100011101,88
male,24.34520548,humanities,german,5,1,1.58550205,13.4,0.285179156,18.3,0.33458171,27.7,0.445548672,13.7,0.905484822,9.1,0.711259282,11101011001,4333532134,5634346241,9534814647,101000001,82.2
male,40.43561644,other,german,5,0,-1.858937111,21.9,0.068744507,13.3,0.275827634,42.5,0.783323363,23.2,2.066146633,10.4,0.267021005,10100101010,2234315343,5336425466,3857961358,10101010,111.3
male,44.03013699,science,spanish,7,2,0.014702021,18.3,-0.265943141,11.4,-2.861282041,25.4,1.593141473,12.8,2.143107142,10.6,0.124745091,1010001100,3333354142,3512161432,6841397562,101100101,78.5
male,21.3260274,humanities,german,5,1,0.435331247,5.5,1.336502127,9.5,0.822730362,11.3,0.61405126,9.1,1.15152552,5.1,0.872028103,11000101,4243524154,2441346564,2236514985,1010111,40.5
male,17.40273973,0,other,3,4,-4.415494561,9.1,-0.688451355,7.5,1.712441616,19.9,1.616561738,16,1.911666054,7.4,0.027344698,0,2134254231,4632512564,5862479652,100100010,59.9
male,64.32054795,0,german,3,0,0.331697441,11.2,-0.984117278,9.5,0.909120156,25.5,1.073091455,15.4,1.803081216,11.3,0.626574598,11011100100,5142543253,5243632565,9568452739,100100000,72.9
male,25.67945205,science,german,6,0,1.00084008,7.5,-0.596190895,8.1,-9.982032341,15.4,1.421660564,10.9,-0.954744412,6.7,-1.822093401,1101011000,3333333333,1565233145,5455339868,110101001,48.6
male,38.07671233,other,german,4,0,-0.251212237,29.8,1.821416993,9.8,0.900781559,19.2,0.575161119,17.7,1.578331577,9.9,0.924895802,1.11101E+11,3254141535,3645346426,8245795214,101011010,86.4
male,24.7260274,humanities,german,6,0,0.225944088,10.5,0.35618483,6.8,1.586853702,14.6,0.763061007,9.6,0.90994563,9.5,0.768397851,1011000100,3541524123,5451532514,5251746738,101010011,51
male,51.43287671,0,german,2,3,0.685710118,9.7,0.010229046,10.2,1.582249666,16.8,1.250704719,37,1.130886735,11.4,0.931956057,11100011011,2443125421,2466535122,5265748563,110010010,85.1
male,43.72054795,humanities,german,6,0,0.345809681,16.8,-0.490516869,15.9,-1.249885634,17.9,0.369058396,12.5,0.72939975,10.9,-0.059226935,1.11011E+11,4435211113,3533161456,5218256249,1100111,74
male,39.02739726,humanities,german,6,0,1.19276816,5.6,0.089538752,4.8,0.639641753,9,0.127922228,5,-0.720280234,9,0.265918132,111111001,1234512345,5231446663,5621856256,100111101,33.4
male,43.90410959,science,german,6,0,0.225944088,22.8,0.35618483,8.6,1.422102531,21.4,0.29262947,18.4,0.603813446,13.3,0.580134873,1.00111E+11,4451223554,5354251166,6582237989,101011100,84.5
female,39.17260274,0,german,3,0,-4.415494561,16.6,0.068744507,13.1,-0.256780607,29,1.037012471,24.1,2.244683152,15.7,-0.264367008,0,4434234522,5264561653,5623987415,10101010,98.5
male,26.24657534,science,german,6,0,1.060495216,5.6,-0.791814807,2.4,1.106988293,7.2,1.006191907,4.3,1.645922953,7.2,0.805556712,11101011110,4253132134,2536145655,5624185469,111100101,26.7
male,27.22739726,science,german,6,1,1.306093628,15.6,1.821416993,16.8,-1.100496424,22.1,0.299168538,16.7,1.038477642,12.3,0.672932076,11001000011,4353215555,1536335236,8684936574,10110101,83.5
male,35.28219178,science,spanish,7,0,0.626054983,11.4,1.036960055,27.8,-1.192571493,22.5,-0.752502343,8,-1.403841392,11.8,-0.337180038,1010011101,3233334513,5232521421,5251711136,100010101,81.5
male,26.58356164,science,english,7,0,0.64551536,8.5,-0.596190895,8.2,0.281064241,11,0.819031299,12.1,1.999894425,10.5,0.629862886,10001100101,4235444212,4621123551,6289437215,100110001,50.3
male,34.11232877,science,english,7,1,0.64551536,8.4,-3.040965737,6.3,0.022482084,15,0.269339686,12.3,1.925838252,9.2,-0.035558071,11100000010,2451224544,5123366654,5862417932,0,51.2
male,37.02739726,science,other,7,0,-0.004965397,10.2,0.010229046,10.5,-8.169085689,18.4,1.389758646,8.4,0.17335232,7.4,-1.320142215,10000111011,1211111111,5236112445,5425668879,111000011,54.9
male,22.77260274,science,english,5,0,0.771756741,6.6,0.35618483,3.9,1.493327665,17.4,1.703573328,7.6,1.316092747,7.8,1.128187062,10111010001,2451214354,1543621536,5968258471,101010011,43.3
female,40.84931507,other,other,7,2,0.817983063,10.4,0.35618483,16.2,0.895251042,24.9,1.5251537,8.8,1.402306344,9.3,0.999375796,1111000101,3214532321,5415232654,5863965784,101110001,69.6
male,47.55616438,science,other,7,0,1.907453695,19.5,-0.956960541,12.9,1.476226748,17.8,0.705737842,21.5,0.648101271,9.8,0.756111803,1011100101,5231433551,1234562345,8266528794,110101101,81.5
male,21.11232877,other,english,4,1,-0.910361982,15,0.068744507,8.4,1.476226748,17.5,1.75106193,8.7,2.143107142,8.4,0.905755669,1.011E+11,5331254532,5324615245,6532941785,10101010,58
male,27.09315068,science,spanish,4,3,0.225944088,9.8,0.35618483,16.1,1.596109264,12.2,1.827435724,8.9,1.308911126,11.3,1.062917007,1.00111E+11,2435112435,5322645132,5348576891,11100010,58.3
male,27.9369863,humanities,spanish,4,1,0.435331247,5.7,-3.040965737,4.2,0.884257683,4.2,1.010553329,5.8,1.391660859,5.8,0.136167476,10000111000,1234545323,1536215652,8625419878,0,25.7
male,34.93972603,science,other,7,1,0.918008535,22.6,-0.596190895,11.5,0.646506741,23.1,0.612408982,14.7,2.244683152,12.2,0.765083303,1111011100,3553421132,3432251646,2839657142,11100110,84.1
male,28.6630137,science,other,7,0,-0.251212237,18.9,0.35618483,15.8,1.050077892,15.1,0.696990338,8.9,0.688047988,9.5,0.508017762,1.11101E+11,4221432345,5363512342,7475486931,110010101,68.2
female,27.41917808,science,other,6,0,0.841993082,8.1,-3.040965737,20.6,1.308672111,17,1.657649912,8.9,-0.464056988,11.8,0.060658476,10001011001,3215432115,4235416225,5747362962,0,66.4
male,28.67671233,science,spanish,6,3,-1.283928445,10,-0.596190895,23.7,-4.734266918,12.7,1.303594291,49.7,1.64842599,18,-0.732473196,1.101E+11,1444544444,5542346213,5173219587,1010110,114.1
male,48.35342466,science,german,4,0,1.482692438,19.2,1.821416993,19.6,1.050077892,25.6,-0.560518489,18.6,1.213965485,11.6,1.001526864,101100001,2152243542,3253431114,8658712864,110011100,94.6
male,43.5890411,other,english,4,0,0.290609175,12.3,-0.179909136,12,1.687363069,17.8,2.18833084,18.3,1.508700508,8.9,1.099018891,1110100100,4234145312,5312635142,6148596523,100110011,69.3
male,35.07945205,humanities,other,7,0,0.360140724,15.2,1.773448729,10,1.037751224,25.1,0.695247407,8.3,1.195516253,11.3,1.012420867,1001100111,2344312545,5523214642,5263931749,10100111,69.9
male,53.66575342,humanities,other,6,0,0.517184144,30.5,-0.688451355,34.8,0.494790957,43.4,0.826666787,15,0.84007245,20.9,0.398052597,1011101100,2234511221,2412535165,7642515699,101011011,144.6
male,56.84109589,science,other,7,0,-1.02368745,20.4,0.35618483,30.4,0.603608056,13.8,0.297858267,17.5,1.230365807,13,0.292865902,1010110101,4154423552,5521116425,6543674856,101110001,95.1
male,43.03013699,science,english,7,0,0.331697441,16.4,1.336502127,25.4,-9.116666283,22.5,1.550664214,19.9,1.391660859,16.6,-0.901228328,1001110110,2333333333,2153425231,5456827395,1011101,100.8
male,18.39178082,0,spanish,3,0,0.142399046,5.9,1.821416993,13.4,0.321902728,19.2,2.355640486,6.2,1.92434031,8,1.313139913,10001011100,1514121153,1532645132,5238165729,1110011,52.7
female,43.29315068,science,other,7,0,1.482692438,26.1,-3.040965737,20.2,1.896612013,42.7,1.079961508,10.8,-0.055930058,11.9,0.272474033,11100001101,4135253411,6641624356,4658626988,0,111.7
male,26.34246575,science,english,7,0,0.389487119,20.6,-0.984117278,12.7,1.010421963,38.6,-0.484941477,19.9,1.62388428,13.2,0.310946921,1000111011,1232511442,5553242231,6452178541,100111111,105
male,31.05479452,science,english,7,2,-0.189567147,11.6,1.773448729,19,1.319972981,10.8,1.284853738,12.8,-0.642847472,13.1,0.709172166,11101011011,2455341223,2544316652,5462154448,100010110,67.3
male,35.19726027,humanities,german,6,0,0.64551536,18.1,1.336502127,45.3,1.61953036,22.6,1.386894363,16.3,0.100434128,17.6,1.017775268,11001000101,4323511452,3253166243,6757389822,101011,119.9
male,60.10410959,science,other,7,0,-0.715901094,9.2,1.821416993,16.8,1.142989148,41,2.18833084,28.5,1.450037265,12.9,1.17737463,10010111011,4352321434,5341625461,5274859125,101011010,108.4
male,34.85479452,science,spanish,4,0,1.347181894,9,1.821416993,13.6,1.980432427,14.9,1.436406447,10.4,1.663213726,8.6,1.649730298,1101111001,4253122354,5436251366,5864752638,101100010,56.5
female,44.4630137,science,other,6,0,0.771756741,10.4,-0.490516869,11.2,-0.347500358,14.5,-0.456271287,10.7,-0.889899613,9.8,-0.282486277,110010111,3223455453,1155563141,8554862623,11001101,56.6
female,23.76438356,science,english,6,0,1.060495216,11.6,-0.678035429,4.8,-9.982032341,13.3,1.341848891,7.4,0.974090746,8.1,-1.456726583,1011101001,4444444444,4155265412,8541459632,110011011,45.2
male,24.12328767,science,german,4,0,0.626054983,21.1,-1.126483048,7.8,-9.982032341,17.5,0.359443463,22,1.49106464,21.9,-1.726390461,100110110,2222222222,5662355122,8457625896,111110011,90.3
male,44.6739726,science,other,6,0,1.58550205,15.2,-0.47314368,12.8,-0.652382555,14.9,0.627259633,8.8,1.37032566,11.4,0.491512222,111110011,5333234134,5226155425,5344278136,110100111,63.1
male,54.12876712,science,other,7,0,-1.264208577,12.6,-3.040965737,10.4,1.497637041,16.7,-0.422320101,4.1,1.557967299,4.7,-0.334378015,1.0101E+11,5431224315,5643666455,1475869236,0,48.5
male,26.82739726,science,other,6,3,-2.62779795,12,0.781777371,16.2,1.426189572,12.9,1.04594502,11.6,1.391660859,7.6,0.403554974,11011110010,5433251542,3544251664,8685279148,11111001,60.3
male,22.91780822,science,german,6,0,0.891969241,12.4,1.336502127,7.6,0.32551313,11,0.132567143,14.7,-0.051868786,13.7,0.526936571,11000010110,3423134241,4435531663,5378861144,1011101,59.4
female,56.10958904,science,other,7,0,-1.283928445,13.4,0.285179156,17.3,0.683723039,10.5,1.209792483,7.4,0.417165604,11.8,0.262386367,1.101E+11,3453241232,5233216524,8654857229,11111010,60.4
male,44.65205479,0,french,3,0,0.331697441,12.2,-0.678035429,12.8,1.2356635,11.1,1.314417436,7.9,1.625271812,11.4,0.765802952,1001110110,2341152441,4531521362,4361845629,11011110,55.4
male,38.93424658,science,other,7,0,-0.715901094,7,-3.040965737,8.7,-0.224729438,9.1,0.867454272,6.9,2.143107142,8.2,-0.194206971,10010111011,2343231551,4211566135,5423987164,0,39.9
male,32.13424658,science,other,4,NA,0.435331247,15.2,-3.040965737,18.6,-0.153185706,29.3,0.677936961,20.7,1.181677645,15.1,-0.179841118,101001101,2223352144,5344135221,5246323945,0,98.9
female,24.28493151,science,spanish,6,0,0.055338621,4.2,1.821416993,28.3,1.38190017,38.4,1.827435724,20.5,0.710334381,11.6,1.159285178,10011100000,4254132431,5243151426,5174468595,101011010,103
female,54.03835616,science,english,7,0,0.331697441,12,0.35618483,8.9,1.050077892,21.4,-0.055394104,16.5,1.803081216,10.3,0.697129455,1011100110,2355413211,5222143356,8456241978,1110101,69.1
male,22.91780822,science,spanish,5,3,1.19276816,9.9,-3.040965737,29.1,0.8679341,17,0.889305329,17.4,1.742176632,14.8,0.330243697,11101000110,4214511242,5253214361,7895641236,0,88.2
male,42.63835616,science,english,7,0,-1.283928445,13.2,-0.490516869,10.4,0.709919214,15.1,0.822843813,11.5,-0.783141371,10.7,-0.204964732,1.101E+11,5121455323,2553161142,5414139544,111100001,60.9
male,32.00547945,science,other,6,2,-4.415494561,25.5,0.068744507,17.8,-0.926749091,22.3,1.721647161,12.8,0.571956876,14.7,-0.595979022,0,5414155533,1524362254,5692645672,10101010,93.1
male,37.21369863,science,english,5,0,-0.350090181,6.1,0.35618483,10.9,1.633781065,9.5,2.229621948,5.9,1.012732367,8.6,0.976446006,10011110111,4231453212,3456215234,5864275865,10001110,41
male,19.8739726,science,spanish,4,0,0.685710118,15.4,-3.040965737,12.3,0.55344255,15.5,0.436839438,12.9,0.574925478,14.8,-0.158009631,10111111001,1123125431,1411533462,8582367545,0,70.9
male,22.4630137,humanities,spanish,5,5,-0.693076878,18.6,-2.023993528,21.8,-4.266566497,13.3,0.04576398,14.3,1.234433316,11.2,-1.140687921,1.11111E+11,5555553245,1542653265,9655413265,10,79.2
male,30.30958904,science,german,5,0,-0.715901094,12.9,-0.596190895,30.5,-9.982032341,12.9,0.627259633,11.8,1.214083705,10,-1.890556198,1000101101,5555555555,3132565514,8678916254,1110100,78.1
female,45.01643836,0,german,3,0,-0.876881445,12.5,1.336502127,19.3,0.841160275,14.1,-0.205561194,16.9,0.908198563,11.3,0.400683665,11001000100,3143521251,2554416163,8816545793,10100110,74.1
male,32.23287671,science,spanish,6,0,0.225944088,7.3,0.145914825,7,1.106988293,11.8,1.633534822,7.3,1.448935947,9.4,0.912263595,1000110100,3421121354,2543266153,5442738615,11100101,42.8
male,35.09315068,science,german,6,0,0.277309179,14.4,1.821416993,30.4,1.467757041,13.3,0.508086799,17.5,1.264918981,9.3,1.067897798,11101010001,5233154423,5412261322,5475896524,110011100,84.9
male,53.02739726,science,other,7,0,0.891969241,16.2,-3.040965737,22,0.562033833,21.6,0.19927602,19,-0.598897874,12.2,-0.397316903,1001010111,5334135411,5523455661,5558824965,0,91
female,50.21369863,humanities,other,6,0,-0.688443616,19,-0.596190895,28.8,1.697338515,15.2,1.521997474,11.5,0.759326708,11.9,0.538805637,10011101101,1215435124,4514236554,8969874215,100010011,86.4
male,43.90958904,science,spanish,7,5,-1.916052079,15.5,-3.040965737,11.7,1.692341555,16.4,1.292854562,11.3,1.902781659,10.4,-0.013808008,10010010101,4123543121,4535641254,5264175936,0,65.3
male,27.4630137,science,spanish,6,0,-1.829675181,6.3,0.35618483,19.7,0.530095283,18.7,1.407069091,9.5,-0.133114111,9.3,0.066111983,11000000000,2453141112,2463355641,5465589277,110010101,63.5
male,25.67945205,science,german,6,0,1.00084008,7.5,-0.596190895,8.1,-9.982032341,15.4,1.421660564,10.9,-0.954744412,6.7,-1.822093401,1101011000,3333333333,1565233145,5455339868,110101001,48.6
male,49.03287671,0,english,6,0,1.030186475,15.6,-0.956960541,17.9,1.129786306,30.8,1.284853738,26.7,0.707775916,16,0.639128379,101101110,4432154431,3155426613,5235478865,11100111,107
male,22.7890411,humanities,spanish,5,5,1.907453695,53.3,0.068744507,25.4,1.327559925,27.5,1.253302059,41.6,-1.123491608,10.1,0.686713716,11000010111,2554512435,5364261512,9536846866,101010101,157.9
female,28.62739726,0,french,3,0,-0.420979762,41.3,-0.694560743,20.5,1.999093406,14,1.823515967,17.1,1.969536655,17,0.935321105,1111111,3413524315,2316542614,4687952861,101000,109.9
female,30.29041096,science,english,4,0,1.482692438,10.9,1.336502127,21.7,-9.116666283,25.6,0.807655947,15.3,1.376879245,12.1,-0.822587305,101100001,2555555555,1525312624,5284956215,1011101,85.6
male,48.89315068,science,spanish,7,3,-4.415494561,29,-3.040965737,25,1.510648534,32.6,2.099670154,19.8,1.557967299,15.6,-0.457634862,0,2345512334,5246315246,5896324172,111111111,122
male,46.52054795,science,french,5,0,0.588321834,8.5,0.35618483,12.8,0.644214521,17,1.039240246,7.2,2.143107142,9.4,0.954213715,1101100111,2453125333,5623152334,5869423178,110001010,54.9
male,43.67945205,science,german,7,0,-1.616294023,52.6,-0.678035429,25,-9.982032341,21,1.061716103,22.4,0.819784998,32.3,-2.078972139,1.0001E+11,1111111111,5326632154,3457235495,110011011,153.3
male,44.66849315,other,english,4,0,-0.645664753,22.9,1.773448729,16.7,1.362240273,24.5,1.576650477,10.4,1.089762977,11.8,1.031287541,1011010110,2452115234,6243255136,7588649813,110010100,86.3
male,36.8630137,science,german,6,0,0.331697441,31.4,-0.956960541,10.8,1.422102531,20.9,1.599792908,22.4,0.854246358,10.7,0.650175739,1101111000,4352254133,3425261134,8862356785,101101110,96.2
male,39.62191781,science,other,7,0,-2.710075739,7.2,-0.596190895,24.6,0.945862892,15.9,1.976435169,6.8,2.054701956,8.5,0.334146677,10010110110,4251313451,3642516443,3267415896,100110001,63
male,28.93150685,humanities,english,6,3,-0.266001893,34,0.20659518,14.5,-1.523639796,12,-7.143114352,8.7,-2.665003823,8.5,-2.278232937,11001000,1244422555,5432222222,8562651111,101100001,77.7
male,57.2630137,humanities,german,6,0,-0.693076878,15.4,0.781777371,16.7,1.515013786,14.8,0.1198307,9.5,0.097330475,8.7,0.364175091,1.11111E+11,5442122345,4225515365,8563241415,1101,65.1
male,54.91232877,0,german,3,0,1.347181894,14.7,0.446237926,9.7,0.971900463,24.1,0.919665418,14.3,0.830817871,12.9,0.903160714,100110011,2342544215,5266212543,8659647855,101100100,75.7
male,31.29315068,science,english,6,1,0.944802694,12.3,1.821416993,31.2,0.568513456,30.2,1.300901588,20.3,2.244683152,10.4,1.376063577,1011010011,4245432412,5362513455,5628491735,10011101,104.4
female,49.77808219,science,spanish,6,0,-2.429624051,28.2,0.35618483,41.3,1.016447382,20.6,1.718013592,32.6,1.781430948,11.5,0.48849054,1.001E+11,5435122441,3154261564,5786923685,10001110,134.2
male,31.53150685,science,french,7,1,0.972396797,4.5,0.20659518,5.1,1.173177489,8.4,1.643818802,5.7,1.529146619,6.3,1.105026977,1110011110,3245241325,2431632453,5436194358,10111100,30
male,34.02465753,0,english,0,2,-0.189567147,27.9,-0.688451355,18.1,-1.868728202,56.2,1.091487405,42.3,0.95727749,29.3,-0.139596362,1.10111E+11,1134435555,2615426332,9173585968,101011011,173.8
male,28.18082192,other,english,6,3,-0.140475941,18.1,-0.265943141,9.1,2.043668414,18.3,1.654179243,15.5,2.244683152,12.6,1.107222345,1001101011,4251345241,5236412431,8463751928,10011010,73.6
male,27.95890411,science,german,5,0,0.201293726,6.9,1.336502127,7.7,0.705118214,10.4,0.200496759,7.3,0.710334381,10,0.630749041,111100000,4231245345,1524221132,5456299735,101011001,42.3
male,41.35068493,science,spanish,7,0,0.304103338,18,1.336502127,15.6,1.667631154,15.1,2.002894311,11,0.685778108,10.1,1.199381808,11010010100,4213245341,2451263542,5425876961,110101000,69.8
male,31.29315068,science,english,6,0,-0.526397725,6.4,-0.596190895,8.1,1.81224127,12.3,1.202253386,7.5,1.92434031,16.2,0.763249269,1.00101E+11,2435541324,2411533625,4651982761,110001011,50.5
male,78.80547945,science,english,7,2,0.41979586,14.2,0.446237926,5.4,0.644214521,14.1,0.189548421,6.1,-0.297669315,7.9,0.280425483,111110000,3432154333,5412132116,8512225637,1000111,47.7
male,59.38630137,humanities,spanish,6,5,-2.208056913,26.2,-3.040965737,18.3,-1.87085286,38.1,1.661129247,10,1.925838252,15.3,-0.706581602,11,2551521521,2463351254,5876241936,0,107.9
male,63.24657534,other,english,6,3,-0.693076878,18.6,0.189437849,24.5,-8.169085689,11.1,0.915578984,14.7,-7.361542403,13.5,-3.023737627,1.11111E+11,4344444444,1235612365,1564111111,100001010,82.4
male,45.24657534,science,english,5,1,0.706482538,22.6,-0.678035429,24,-6.210054124,18.6,1.303594291,19.9,1.988928063,14.9,-0.577816932,1010001111,3243333333,2614543146,4621578692,100000011,100
male,68.92876712,science,english,7,0,0.024694916,15.7,1.773448729,36.9,2.151460252,23,0.901370105,21.5,0.465214172,19.7,1.063237635,11100100000,3451221345,5234352615,6285682574,1101011,116.8
male,25.95068493,science,other,7,0,1.19276816,8.9,0.20659518,6,2.137504904,7.9,0.931997117,5.1,1.556343784,7,1.205041829,1101011001,2413523415,1523425655,4157628569,10111001,34.9
female,NA,0,english,1,0,0.331697441,5.6,0.068744507,5.4,-9.982032341,10.2,-1.520374874,6.7,1.395910262,7.1,-1.941211001,1011111,3333333333,5314566665,8512759685,10101010,35
male,45.36986301,science,german,7,0,0.500223415,45.3,-0.048061521,10.7,-0.737107287,17.3,0.734104683,14,1.3890109,12.2,0.367634038,1.10011E+11,4355453335,3542156663,8693325714,111000000,99.5
male,34.13972603,science,spanish,4,1,0.972396797,29.5,-3.040965737,11,-5.176393082,28.5,2.426211157,19.9,1.643423961,16.4,-0.635065381,11001111011,4443333332,5243614253,5879315867,0,105.3
male,13.46849315,0,english,1,3,-0.301972727,10.7,1.821416993,9.4,0.895251042,11.5,1.725290229,8.5,1.353415205,9.6,1.098680148,1.0111E+11,2351324321,5123421652,5162485751,10011101,49.7
male,61.37260274,0,english,1,5,-0.165347409,44.9,1.226951829,31,2.056679907,26.8,0.873379751,15.8,0.690489725,13.5,0.936430761,11111100101,4352154312,4351422652,1235952456,101010000,132
male,60.31780822,0,spanish,2,0,-0.693076878,18.7,-3.040965737,58.4,0.2078849,128.6,2.355640486,34.9,0.551642807,103.3,-0.123774884,1.11111E+11,3454213421,1625346125,2344598748,0,343.9
male,32.96164384,science,other,6,0,-0.830266503,12.2,-3.040965737,4.9,1.823189941,15.2,2.426211157,4.5,2.143107142,6.8,0.5042552,10100100010,2451234521,2541362145,5478623914,0,43.6
male,30.5260274,other,english,4,3,0.360140724,23.2,-0.596190895,21.6,1.60542888,15.9,0.986732698,44.9,1.482602832,13.4,0.767742848,10111001000,4213251433,5165312562,8647271895,110010001,119
male,38.77260274,humanities,german,6,0,-0.336596018,23,1.821416993,22,-9.982032341,29.7,0.594470522,43.2,1.509272769,37.5,-1.278693615,11101001000,4444444444,3432641554,9537185364,11100001,155.4
male,24.80547945,science,spanish,5,4,1.347181894,7.6,-3.040965737,13,1.389845203,21.3,0.725177856,9.2,2.054701956,10.4,0.495188234,111111000,4123152342,2665325144,1452368975,0,61.5
male,33.9369863,0,french,3,0,-0.251212237,27.9,1.773448729,14.5,-9.982032341,56.6,-0.715657309,18.5,0.577116522,14,-1.719667327,1.11101E+11,1111111111,4524456244,4534675954,10001111,131.5
male,23.11506849,science,other,6,1,-0.014644373,14.8,0.145914825,19.5,-6.364340118,13.3,0.425311157,8.5,1.270058877,13.3,-0.907539926,11001001,3333333511,3416414526,2861497867,11100101,69.4
male,25.73972603,humanities,spanish,5,1,-0.301972727,31.7,1.226951829,25.4,0.721997134,24.3,2.420191826,18.7,2.007577919,11.7,1.214949196,11101,3425225342,5134625314,5439765814,110101110,111.8
female,16.32054795,0,other,3,1,0.290609175,9.1,-3.040965737,6.5,1.758794611,17,0.19927602,5.6,2.073961189,7.1,0.256335052,1110100100,3154521342,1224463544,5862473968,0,45.3
female,4.002739726,0,other,3,3,-4.415494561,9.1,-3.040965737,16.7,-9.116666283,13.9,-11.37692329,5.6,-15.15284495,7.4,-8.620578966,0,4333333333,1111111111,1111111111,0,52.7
female,23.91232877,science,german,6,2,0.404517268,13.6,-1.474774505,11.9,1.022499883,16.9,0.374582577,12.1,-5.829409352,9.7,-1.100516826,1.1101E+11,2354422113,5223354116,8888666222,1010000,64.2
male,36.92328767,science,other,6,2,0.014702021,12.1,0.35618483,6.8,1.476226748,11.9,1.650717197,6.5,1.651560494,9.2,1.029878258,10100101110,4321532542,5163256231,4862954632,11010101,46.5
female,42.35890411,humanities,french,6,1,0.817983063,19.3,1.773448729,20.9,1.097334638,29.1,0.993188955,17.4,-1.519940053,10.2,0.632403066,11000100111,4135142524,3132526436,6329499988,110010100,96.9
male,50.78082192,science,other,7,0,-0.309001915,11.8,-0.678035429,11.7,1.758794611,19.8,0.915578984,9.7,1.847312966,9.4,0.706929843,10100110000,2135341254,2641326431,8524931456,11111100,62.4
female,33.48219178,0,german,0,0,0.331697441,25.1,1.821416993,49.9,1.596109264,30.9,0.78518009,16.1,1.625271812,22.8,1.23193512,1011101011,2435512431,5263321413,2485327891,101100010,144.8
male,29.32876712,science,other,4,0,0.626054983,14,1.821416993,25.3,-7.823521473,9.3,1.451310043,20.9,0.707775916,10.9,-0.643392708,1010011101,4322222222,5163544361,5125764435,101110010,80.4
male,28.37808219,0,german,3,0,0.404517268,25.6,1.336502127,27.2,0.47041601,25.3,1.839261591,13.4,1.423278243,9.8,1.094795048,1.1101E+11,5234515445,2513455612,6782495315,101011,101.3
male,42.34794521,science,english,7,0,-0.910361982,8.8,-0.596190895,19.4,1.541506688,12.4,1.25590425,7.9,1.207006491,11.6,0.49957291,1.011E+11,5234134521,1524563225,4145632985,100101011,60.1
male,27.18630137,science,english,7,1,0.374697463,4.9,0.285179156,12.4,0.84381383,18.3,1.209792483,17.5,1.137848299,9.3,0.770266246,1001110100,2432511231,4246514253,2428914623,110111010,62.4
female,23.70684932,humanities,english,5,1,0.055338621,16.3,1.821416993,22.1,0.619254296,19.1,0.154844425,21.5,0.983024528,9.5,0.726775773,1001011110,4231544333,5526333214,5477158962,110011100,88.5
female,27.68219178,humanities,german,6,1,-0.79783041,18.3,1.773448729,23.7,1.197134292,19,1.481604126,12.1,2.141168,14.4,1.159104947,1.1011E+11,1255453415,5144621352,4523186574,11010001,87.5
male,32.04109589,humanities,german,7,0,-3.087117215,18.8,-3.040965737,9.5,2.116839346,25.5,-10.44830482,16.6,1.359247918,9.8,-2.620060102,1001001001,2345141325,2666666666,8631796426,0,80.2
male,21.83561644,0,other,3,0,-0.251212237,41.8,0.145914825,21.3,1.377945163,63,0.474978973,46.2,1.030897967,21.9,0.555704938,1011110100,5242511324,1636411264,2745495176,101001110,194.2
male,34.28219178,0,english,3,1,0.045010762,11.8,-3.040965737,5.3,1.034687107,13.6,0.495956381,9.1,1.695478363,7.2,0.046033375,1101101001,4213543233,5242332513,5861426589,0,47
male,46.87671233,science,german,7,0,0.706482538,7.2,-1.556328377,15.8,2.299596155,18,0.826666787,10.3,1.24911721,9.8,0.705106863,1010010111,2314553421,2521322451,5141962487,111100111,61.1
male,19.63835616,0,french,3,2,0.014702021,18.1,1.821416993,43.9,1.246365641,21.9,1.606476245,19.4,-15.15284495,9.7,-2.092776811,10011011010,2541354235,3624315564,9999999999,11110001,113
male,29.01917808,humanities,french,7,0,-0.79783041,18.6,1.773448729,8.7,-4.677371092,16.7,1.920774472,18.6,1.562551853,14.4,-0.043685289,1.1011E+11,2224224224,5342613425,5394761855,11101001,77
male,29.68493151,other,french,6,0,0.201293726,13.5,1.269405268,8,0.28456666,22.1,0.659140597,18.9,0.715121538,15.4,0.625905558,110000110,5411124551,1452144361,5221176325,1100001,77.9
male,48.1890411,0,other,2,1,1.266754339,10,-0.142574845,15.1,0.104304428,17.4,1.93342333,6.1,1.302889209,7.7,0.892959292,101101111,2245123512,2415561423,5187452356,11011100,56.3
male,36.77808219,science,french,6,1,-1.010668449,26.2,-3.040965737,16.8,1.955946679,20.4,1.469407349,25.1,1.315966466,17.6,0.137937261,101111011,5241314523,5145243612,2478432961,0,106.1
female,61.42465753,science,other,6,4,-0.251212237,34.1,-0.694560743,38.6,0.46840454,37.3,2.123737643,23.8,1.922469921,10.9,0.713767824,1.11101E+11,1152313221,6315426153,4286917285,111010111,144.7
male,26.93150685,science,english,6,1,2.40566637,5.9,0.285179156,3.7,1.190245893,14.6,0.755765321,5.9,0.596183904,7,1.046608129,111001011,4234135152,5253652145,5414257856,1000101,37.1
female,46.69589041,humanities,spanish,6,0,-0.590539089,25.7,-3.040965737,10.5,1.81224127,15,1.355769816,9.4,2.143107142,11.9,0.335922681,1.10101E+11,3342513245,2351146536,5284719362,0,72.5
female,34.42465753,humanities,other,6,0,-0.693076878,29,0.35618483,17.2,1.992844304,18.2,1.433444761,12.1,0.907034948,27.4,0.799286393,1.11111E+11,2415312541,5336141265,5362524378,101010011,103.9
female,51.85753425,humanities,spanish,5,0,-0.590539089,26.1,-3.040965737,9.9,0.144785691,32.2,0.012288785,14.4,1.135823969,14.7,-0.467721276,1.10101E+11,1345552542,5635642363,4581233147,0,97.3
female,26.88219178,science,german,6,0,-0.189567147,11.9,0.285179156,4.8,0.316505209,12.3,-0.555558244,9.8,1.411412991,8.2,0.253594393,1.10111E+11,2344545212,5256335444,5856219758,101000001,47
female,47.27671233,other,other,6,5,-4.415494561,14.3,-3.040965737,14.7,2.151460252,15,-7.093872703,6.6,1.606568176,10,-2.158460914,0,3245112345,5555522222,5341867956,111111111,60.6
male,34.06027397,science,german,7,1,0.331697441,12.3,1.336502127,21.5,1.370069824,18.1,1.586521637,10.4,1.988928063,10.2,1.322743818,11011001011,4513243534,5625461235,5238417539,111010001,72.5
female,27.61643836,science,german,6,0,0.685710118,4.9,0.189437849,11.8,1.090937101,9.9,-0.452454597,6.1,-0.654966652,8.9,0.171732764,111001010,3241122542,5442166555,8554446273,110011101,41.6
male,41.92876712,science,german,7,0,-1.417663558,11,0.20659518,21.9,1.286350953,19.3,1.25851131,9.1,0.341380852,10,0.335034947,1.111E+11,4532143215,5221433251,9255614562,1111010,71.3
male,30.23287671,science,german,6,0,-0.123515212,27,-3.040965737,13.6,-0.647125506,16.8,-2.916351922,10.2,0.861100026,13.3,-1.17337167,10010110100,3433345231,2142222236,5476826691,0,80.9
male,44.84931507,other,german,6,0,1.532668597,22.7,0.35618483,26.5,1.687363069,58.7,1.187296467,12.7,1.083014108,16.7,1.169305414,11101000111,2341453524,2645512156,5276955412,11010101,137.3
male,59.42739726,science,german,6,0,-0.759925309,6.2,-3.040965737,9.8,1.152976925,18,1.352974483,7.2,1.316092747,11.6,0.004230622,10111010100,2345123422,1526352436,6182962475,0,52.8
female,22.32054795,humanities,spanish,5,4,-3.495939066,11.8,-0.780898258,5.7,-6.361115805,10.7,-11.37692329,10.3,-9.475925476,6.4,-6.298160379,1E+11,4444444345,6666666666,5555544444,101101101,44.9
female,28.22191781,humanities,german,6,NA,1.58550205,15.3,1.336502127,12.3,1.60076101,21.1,1.114829206,21.4,1.235631681,8.9,1.374645215,1011110011,4231253422,3511455236,4826253671,100110101,79
male,26.60273973,0,german,4,1,0.360140724,10.7,-0.596190895,18.5,0.746482882,15.8,1.367007562,9.7,-0.031400858,11.1,0.369207883,11100100101,4131214535,5365142352,5617853787,1010110,65.8
male,26.83013699,humanities,german,6,0,1.435280313,6.2,0.723053306,12.2,1.896612013,10,0.923763871,7.9,1.111736497,7.1,1.2180892,1110101100,5312543213,4245633614,5622389562,11001001,43.4
male,27.29315068,humanities,german,6,0,0.467207985,24.6,0.145914825,17.3,1.86222685,31,-0.67129387,20.4,1.999894425,9.2,0.760790043,1101110011,3241534132,3345345613,2654831679,11100101,102.5
female,26.14246575,science,german,6,5,1.060495216,19.1,1.821416993,36,1.016447382,18.6,1.541042959,14.9,1.928087889,14.3,1.473498088,1011101001,4221543415,1434251645,5347618492,11100001,102.9
female,25.90136986,humanities,german,6,2,-0.189567147,24.8,-0.490516869,26.2,1.471985236,24.6,1.457316401,18.6,1.667487544,10.7,0.783341033,1.10111E+11,2325124523,3413263542,4386732159,11110,104.9
male,23.41917808,0,german,3,3,1.19276816,16.6,0.20659518,17,1.828697838,11.8,0.48393065,15.1,2.143107142,12.2,1.171019794,1100010110,2243541523,5466132522,5381462759,110011010,72.7
female,50.9260274,science,other,7,0,-1.616294023,29.5,-0.688451355,26.2,0.873353339,30.4,-0.102363935,15,0.550718752,8.9,-0.196607444,1.0001E+11,4522143442,6366231362,8286578513,110110101,110
male,23.9369863,humanities,german,6,5,2.716679025,8.2,-0.984117278,23.9,1.239221438,14.4,0.169100027,6,0.195585181,9.2,0.667293679,1011100011,5344234512,5212332365,5711434922,100100,61.7
male,27.7890411,science,german,6,1,-0.910361982,12,-0.265943141,4.2,0.93445029,15.9,1.976435169,7.6,1.48993372,8.2,0.644902811,1.011E+11,2531243543,5341526354,8647256985,101100101,47.9
female,54.28767123,0,german,3,4,-0.189567147,21.6,-0.490516869,20,1.596109264,21.3,2.034412005,16.4,1.710725267,12,0.932232504,1.10111E+11,4351244335,5231664235,5236958423,11001101,91.3
female,19.02739726,0,other,2,5,-4.415494561,16,-1.932211616,8,2.413928458,27,0.50200839,6.7,-15.15284495,8.5,-3.716922857,0,4352112354,3154312543,5555555555,1,66.2
female,28.33150685,science,german,6,0,0.817983063,6.7,-0.490516869,6.3,1.707388405,10.1,1.728942847,6.5,1.442481497,8.1,1.041255789,1111000101,2341254235,1536241521,5432956785,110100101,37.7
male,25.00547945,science,german,6,1,-4.415494561,31,1.821416993,27.7,-0.126315208,44.7,1.079961508,47,1.312056854,16.9,-0.065674883,0,3455353423,2445213164,5641785465,1100011,167.3
male,40.18630137,humanities,english,6,4,1.060495216,33.8,0.189437849,31.9,1.974269126,32.2,0.53732695,11.5,1.57474468,11.5,1.067254764,1011101001,4213543251,2425261523,5726159863,1100010,120.9
male,47.43835616,science,other,7,2,0.165508595,16.9,0.189437849,11,-2.193116338,19.6,0.779617316,9.3,1.52885676,14,0.094060836,1.1001E+11,2345122222,5362514422,8614765824,110011101,70.8
male,34.51232877,science,other,5,1,0.866643444,18.2,-0.179909136,25.1,0.64880287,41.5,0.497466921,30.4,0.638294152,13.5,0.49425965,1001101110,1554513235,5462251422,9525486276,1011110,128.7
male,28.69589041,science,french,6,1,-2.208056913,51.2,1.036960055,28.1,-9.982032341,20.7,1.073091455,26.5,2.171391676,8.8,-1.581729214,11,4444444444,3643531463,6582479365,101010100,135.3
male,35.80821918,science,english,7,0,0.374697463,26.4,1.821416993,19.2,0.702724117,40.9,0.750318514,32.4,0.846770213,11.3,0.89918546,1011100100,4255342513,3546631461,6831675993,110001100,130.2
male,23.89315068,science,german,4,0,-0.610967186,31.6,0.35618483,19.9,0.480518676,43.8,-0.685592692,15.5,0.778920525,20,0.063812831,101011010,4435342352,3332526121,1623658456,1101010,130.8
female,32.10136986,0,german,3,0,0.665394272,16.5,1.336502127,56.7,1.2356635,24.3,1.355769816,13.7,1.30163759,16.1,1.178993461,10101100011,3214531345,3245316332,2635495748,111010100,127.3
male,25.41643836,other,german,6,0,-0.004965397,7.5,0.35618483,31.2,1.268028506,20.1,1.287515578,15.8,0.813294091,8.7,0.744011522,1000111101,4152124453,5145316214,4289667517,101010110,83.3
male,32.57808219,science,other,6,3,-4.415494561,29.3,-3.040965737,16.6,-0.50465332,35.3,2.099670154,15.9,1.661633824,9.4,-0.839961928,0,3421533332,6345216345,4265381965,0,106.5
male,28.93150685,science,english,4,1,-0.123515212,6.7,1.821416993,14.7,1.850957503,21.1,1.436406447,17.8,1.509272769,14.6,1.2989077,10100110111,3325414253,5512614351,8652493527,11100001,74.9
male,4.002739726,other,german,7,3,-0.097475919,5.8,0.561667292,8.8,0.180015927,5.9,-0.507166397,5.6,1.125518581,8.8,0.252511897,1.01111E+11,2345434322,1112256343,4526951752,111100100,34.9
male,38.77534247,other,english,7,4,1.347181894,12.3,1.036960055,7.1,1.920033109,10.9,0.781469108,7.1,0.852841825,6.2,1.187697198,1001100011,2354133254,4625221154,8572246419,10101011,43.6
male,49.60821918,science,english,7,3,0.331697441,13.9,1.269405268,17.8,0.480518676,15.1,1.633534822,9.8,1.393784101,11.5,1.021788061,11111000111,4443514324,5326123156,5319564291,11110011,68.1
male,57.03835616,science,english,4,5,-4.415494561,13.8,0.068744507,11.3,0.639641753,13.9,1.998449417,13.9,1.820832402,12.7,0.022434704,0,1352413524,6523141635,4236589145,10101010,65.6
male,36.01643836,science,other,4,NA,-0.610967186,18,-3.040965737,12,1.980432427,19.9,0.861553884,16.1,0.98424678,10.9,0.034860034,1010110100,2431523254,2152364136,5168342932,0,76.9
male,27.59178082,other,german,6,1,-3.531128974,19.9,0.068744507,9,0.768907289,24,1.484670075,16.2,1.234433316,11.9,0.005125242,10101010101,1254325423,3542321563,6842563678,10101010,81
male,49.94794521,humanities,english,5,1,0.404517268,24.7,-1.556328377,10,0.155895657,34.9,0.643948131,30.5,1.925838252,8.8,0.314774186,1.1101E+11,5515211452,2432114153,5624317894,111001111,108.9
male,43.57534247,humanities,german,6,3,-0.301972727,11.8,1.821416993,38.1,0.646506741,13,-3.690690879,10.4,0.572425224,11.4,-0.190462929,1.0111E+11,3425432132,5252522541,5824742599,100001110,84.7
male,49.70684932,other,english,4,0,0.866643444,12.1,0.20659518,17.4,-2.193116338,22.9,0.274481659,16.2,-0.106570954,19.1,-0.190393402,101001110,3412533333,2243466355,5468669533,110011010,87.7
male,38.26027397,other,english,5,3,-0.65051691,8.2,-0.179909136,5.4,1.225045738,14.3,-1.717767739,7.3,-0.388770911,8.8,-0.342383791,10001111101,1321453322,1121214512,5457628988,1011110,44
male,54.96164384,other,other,4,3,1.764967014,22.4,0.781777371,16,1.497637041,33.6,1.616561738,20.4,1.514432676,13.4,1.435075168,1011001011,1145322341,4652154336,5241263984,1000011,105.8
male,18.70958904,0,german,3,2,0.588321834,11.9,-0.729549989,9.7,1.301190542,24.4,2.099670154,12.9,1.557967299,10.5,0.963519968,11011001001,3352413552,4362514362,6758241394,100101001,69.4
female,34.98630137,science,other,6,1,0.290609175,32.9,0.20659518,8.8,1.366149358,21.5,1.469407349,9.9,-0.185732262,11.4,0.62940576,10100010011,4352221345,5264413252,5623249799,101100001,84.5
female,27.08219178,0,german,3,2,-4.415494561,10.6,0.189437849,11.4,1.489032034,21,1.871296863,11.7,1.335280554,13.5,0.093910548,0,2315332415,5623216425,5317498862,110011101,68.2
female,28.27123288,science,german,6,0,0.251269885,16.5,1.773448729,50.1,0.10124031,22,-0.528318708,19.5,1.778022105,10.7,0.675132464,11101100001,4533344132,5331546662,6895764283,101110000,118.8
male,25.40273973,humanities,german,6,4,-4.415494561,19.2,-3.040965737,9.3,1.197134292,22.6,2.01182686,18.8,1.40926542,12.2,-0.567646745,0,3342512133,2536145523,5247821398,0,82.1
male,55.96164384,0,german,3,0,0.706482538,11.2,1.821416993,6.6,2.089769509,17,1.084560433,11.1,0.053627703,26.4,1.151171435,1010010111,4125345421,5661324543,4692655772,1100011,72.3
female,61.43561644,science,english,4,3,0.944802694,25.8,-0.688451355,13.7,1.697338515,62.5,0.683107553,20.1,2.143107142,17.7,0.95598091,1110110000,3125432133,5345162426,1628473596,1001010,139.8
male,47.99726027,science,german,7,0,1.22902119,15.9,-0.956960541,8.1,1.493327665,17.6,1.314417436,11.7,1.820832402,9.9,0.98012763,1011110010,3543125433,5516224631,5719253647,111001110,63.2
male,43.06027397,other,english,6,4,0.014702021,20.2,0.145914825,10.8,1.801380896,14.3,0.883311888,7.3,2.244683152,9.1,1.017998557,1111111010,3451324521,1532624526,5431679825,100011010,61.7
female,26.47123288,science,german,6,1,-0.402179104,32.6,0.35618483,18.6,1.624263859,28.3,2.099670154,14.2,1.148576391,12.6,0.965303226,1111010101,3524153521,3516432516,9122869735,110010101,106.3
male,22.38356164,0,german,3,2,-1.283928445,22.1,-0.596190895,33.2,1.275327598,28.7,-0.090521317,21.3,1.990685277,16.7,0.259074443,1.101E+11,3132514353,4622461335,2735146952,11001110,122
female,27.40273973,science,german,6,1,1.435280313,25.4,1.336502127,17.7,0.452420031,22.8,1.10778552,18.5,0.455629043,11.4,0.957523407,11100100111,4412421531,4462356112,4286575853,101011,95.8
male,44.04931507,science,spanish,5,1,-1.279037779,11.3,-0.678035429,21.4,2.347412269,18.1,1.883502543,9.4,1.529146619,8.8,0.760597644,11010001010,3452113245,1652342115,4562378625,1000110,69
female,15.06575342,science,other,4,5,-4.415494561,21.4,-3.040965737,25,0.914708044,15.2,2.085426695,11.4,2.054701956,18,-0.48032472,0,3321452345,1563452163,1452367895,0,91
male,22.94246575,humanities,spanish,5,1,-3.531128974,11.4,0.189437849,6.7,1.648184187,18.7,1.001844094,8.6,2.244683152,9,0.310604062,10101010101,3414521435,5322164126,5623987415,1100010,54.4
male,30.24109589,science,spanish,5,0,-0.585360735,30.5,0.189437849,19.9,1.962026505,23,2.048140914,20.3,1.283231108,17.5,0.979495128,1010111011,4521533421,2653415264,5316748929,100001010,111.2
female,50.46575342,other,other,5,0,-0.189567147,34.8,0.068744507,21.6,-9.982032341,30.5,0.304421977,51.4,2.171391676,11.1,-1.525408266,1.10111E+11,4444444444,3316614225,5624719856,10101010,149.4
female,23.64657534,0,german,3,2,0.817983063,12.6,1.821416993,20.9,1.426189572,20,1.25590425,17,1.999894425,13.6,1.464277661,1110100110,2435212433,3342611536,8652391457,1110011,84.1
female,12.68767123,science,german,4,0,1.266754339,18.8,-0.179909136,11.5,1.106988293,20.1,0.978170626,11.2,0.060788874,10.5,0.646558599,1000111001,4231544345,5226413146,6514499787,110100001,72.1
male,44.84931507,other,german,6,0,1.532668597,22.7,0.35618483,26.5,1.687363069,58.7,1.187296467,12.7,1.083014108,16.7,1.169305414,11101000111,2341453524,2645512156,5276955412,11010101,137.3
female,26.14520548,humanities,spanish,7,0,0.251269885,49.7,0.35618483,24.4,1.025536364,29.2,1.430489356,22.7,1.292033906,8.4,0.871102868,11001010110,2253113415,3466532145,6829934782,10101100,134.4
female,40.11780822,science,english,5,1,0.866643444,27.3,-3.040965737,15.4,1.434401055,25.4,0.60913022,19.8,1.771226882,11.7,0.328087173,1001101110,4153254152,2454163164,7426985236,0,99.6
male,43.11506849,other,english,4,0,-0.088630552,5.4,-3.040965737,11.9,1.992844304,14.1,0.779617316,5.6,1.651560494,7.4,0.258885165,10011101001,3455214325,2325451232,5634985324,0,44.4
male,22.62739726,0,other,5,0,-0.251212237,15.5,0.35618483,90,1.523786971,103.1,1.100777259,183.7,1.549572947,32.6,0.855821954,1100110011,3412145523,3614461253,6471594685,11100010,424.9
male,25.24383562,humanities,spanish,5,0,-1.700826276,14.8,0.010229046,14,1.397837387,16.7,1.692840493,11.1,1.893948021,14.1,0.658805734,10001010101,2321435221,4143524631,7425186953,100101101,70.7
male,41.34520548,science,english,7,1,-0.79783041,32.1,0.145914825,50,1.169789616,33.3,1.369831216,20,1.925838252,13.6,0.7627087,1.1011E+11,2314534133,2463134263,2756183496,10110001,149
male,53.43013699,science,german,6,0,0.345809681,22.4,-0.490516869,9.6,0.478492071,36.3,1.395504934,19.9,0.314982762,16.2,0.408854516,1.11011E+11,2434551544,4542166324,5624518998,101100110,104.4
female,48.53150685,0,spanish,3,4,-0.052377522,31,-3.040965737,32.6,0.32010115,15,0.842064434,26.8,1.943548639,10.7,0.002474193,10001110000,3145341333,5526113543,5413286734,0,116.1
male,35.50136986,other,german,6,0,-1.283928445,11.1,1.336502127,10.4,1.257153515,13.3,1.976435169,12.3,1.64842599,13.2,0.986917671,1.101E+11,2431254345,2516342551,6478245697,111010001,60.3
male,33.26575342,science,english,7,1,0.374697463,15.3,-0.596190895,9.9,1.214511038,26.6,1.415805627,32.7,1.150844452,19,0.711933537,1011100100,4323115443,2352646215,5262415987,110100011,103.5
female,20.01917808,humanities,spanish,5,0,0.517184144,29.5,1.773448729,29.1,1.484750062,23.8,1.457316401,26.1,1.351346642,26,1.316809196,1011101100,2145524231,2533216435,5336817294,1101011,134.5
female,20.63561644,science,german,5,0,-1.616294023,16.8,0.35618483,25.9,0.870640994,23.2,1.070808944,18.1,1.925838252,13.7,0.521435799,1.0001E+11,4315312432,5262451361,6148753298,11100010,97.7
male,27.58630137,science,german,6,0,1.306093628,10.2,-0.252960072,14.2,-9.982032341,14.1,1.100777259,8.8,1.902781659,9.3,-1.185067973,1111011001,1111111111,4314624152,6184326598,10100010,56.6
male,29.76164384,science,english,5,3,-2.429624051,9,0.20659518,22.2,1.743165665,21.8,1.114829206,21.5,1.887173035,41.8,0.504427807,1.001E+11,2415324312,3645125526,2846157263,100001101,116.3
female,50.44109589,other,german,4,0,-0.427162619,13.7,0.35618483,30.1,0.426843181,19.8,0.845940579,9.2,0.723707072,10.9,0.385102608,11011001101,3423543235,4335162236,7584268436,10101001,83.7
male,NA,0,other,0,5,0.626054983,18,0.723053306,25,-9.982032341,20.2,0.442639542,31.1,1.315966466,11.2,-1.374863609,100110110,5555555555,2362446211,3215947845,111001000,105.5
male,32.02191781,science,german,6,0,0.626054983,11,-3.040965737,13.2,-9.116666283,15.3,0.065576725,6.8,1.659740069,12,-1.961252048,1010011101,3444444444,2533144465,8563261475,0,58.3
male,20.18082192,humanities,german,6,0,0.177283707,19.9,-3.040965737,14.1,0.873353339,20.4,0.413877469,12.5,1.841803015,12.4,0.053070359,11110010010,4251253445,6555413254,5946728364,0,79.3
female,31.14520548,science,german,7,0,-2.438059094,25.2,-0.490516869,18.1,1.221525007,42.1,0.412454832,13.5,0.326659643,14.5,-0.193587296,11010101010,4524315435,5643136323,7571259543,110011000,113.4
male,29.89315068,humanities,spanish,7,NA,-4.415494561,14.7,0.20659518,9.5,0.766397169,23.5,-1.149367753,8.9,1.516012755,12.6,-0.615171442,0,3325135123,6453645354,4576431978,10111100,69.2
male,54.15342466,science,german,4,0,0.500223415,23.6,-0.791814807,18.1,1.019470232,20,1.675134118,8.6,1.316597975,6.9,0.743922187,1.10011E+11,4352142514,6423512632,5398224537,10011000,77.2
male,43.43835616,other,english,6,3,-0.526397725,19.6,-3.040965737,13.5,1.682402919,17.3,1.375495748,14,0.744159961,17.6,0.046939033,1.00101E+11,3455251324,5133642536,2426351759,0,82
male,27.95068493,science,spanish,6,2,-1.858937111,12.6,-0.956960541,19.9,1.268028506,15.3,1.563596771,9.2,2.007577919,8,0.404661109,10100101010,2124355314,2513462255,1584379214,100010010,65
female,27.27123288,humanities,german,6,2,-0.273308918,14.2,0.20659518,14.1,0.761390921,15.6,1.773537787,18.6,2.054701956,12.7,0.904583385,101101100,4221534342,3153462154,5421763982,101001100,75.2
male,44.84931507,other,german,6,0,1.532668597,22.7,0.35618483,26.5,1.687363069,58.7,1.187296467,12.7,1.083014108,16.7,1.169305414,11101000111,2341453524,2645512156,5276955412,11010101,137.3
female,28.01369863,humanities,german,6,1,-0.189567147,11.7,0.35618483,9,1.133074901,10.3,1.274256935,8.6,1.15152552,10,0.745095008,1.10111E+11,3142115452,2512634112,5416859733,10101100,49.6
female,36.28767123,0,german,3,4,-0.088630552,24.1,-0.596190895,22.3,1.268028506,17.1,1.509443579,16.3,1.707305978,9.5,0.759991323,11010001101,1325411354,5256143621,5348659741,100101011,89.3
,44.03013699,0,other,0,NA,4.803904085,7.6,0.35618483,16.6,1.159676834,11.5,0.869426634,7.5,1.771226882,6.7,1.792083853,110100111,3453145231,5235623416,5624785231,1101010,49.9
female,29.08493151,science,spanish,7,0,0.213536737,11.5,-3.040965737,9.4,1.823189941,14.1,0.936132055,8.8,0.453458866,12.7,0.077070372,1001011101,4351425312,5354651352,8346786719,0,56.5
male,36.46849315,science,german,7,0,-1.283928445,10.9,0.20659518,23.8,0.272347841,17.5,2.256064353,12.5,1.57474468,11.9,0.605164722,1.101E+11,4215243524,2641345261,5694876218,10111001,76.6
female,33.10136986,humanities,german,6,0,0.866643444,33,0.35618483,10.5,1.834228356,27.2,1.916583573,21.2,1.557967299,12.9,1.3063215,11101110001,4521324512,2644152346,5314572698,101010011,104.8
male,33.2109589,science,english,6,0,-0.683787013,23.4,1.821416993,16.2,1.999093406,17.2,1.054935199,9.4,0.437493531,6.2,0.925830423,1011101101,3241534251,3524113524,8685433569,1100011,72.4
male,59.13150685,science,german,7,0,0.119853202,18.7,0.20659518,15.6,-3.253395261,35.1,2.168135226,20.1,1.241396798,15.1,0.096517029,1001101001,3444442211,2534612135,5423865495,110011010,104.6
male,27.24109589,other,german,5,3,0.404517268,6.9,0.35618483,16.7,-0.988780464,7.1,1.433444761,8.4,1.740015555,14.5,0.58907639,11011100101,4443235554,2543621125,4158395648,1101010,53.6
male,4.002739726,science,other,7,0,0.972396797,6.4,-0.265943141,17.3,2.018016608,12.9,1.292854562,12.4,1.356264005,17,1.074717766,11110000011,2342155432,4521164332,6564172385,111010,66
female,23.74794521,science,german,5,0,1.19276816,8.6,1.336502127,25,1.61953036,23.2,1.630123626,16.9,2.244683152,6.9,1.604721485,1110010111,3251423411,5546251364,5364129875,101110100,80.6
male,60.34246575,science,german,6,0,0.317797423,16.9,-3.040965737,16.2,-0.436604538,23.7,1.64726373,14.4,2.143107142,14.6,0.126119604,101011001,3511112354,6325412664,7465321978,0,85.8
male,NA,humanities,english,5,4,-0.706838925,14.1,0.068744507,26.4,0.909120156,24.4,0.913540252,13.1,1.264430357,10.6,0.489799269,1010111000,2545115524,4426153132,5213627513,10101010,88.6
female,57.55890411,humanities,german,6,0,-0.097475919,52.4,0.35618483,10.6,2.208774394,34,2.099670154,31.1,0.498940104,8.8,1.013218713,111101,1542345312,1234561235,1234586958,10101001,136.9
female,48.75616438,science,german,7,0,1.1578835,9.8,-0.490516869,18.3,-1.106751331,8.2,0.212763325,7.3,-0.030238145,12,-0.051371904,111111010,2355222234,2335255361,5231117549,1100111,55.6
male,26.76438356,humanities,german,6,NA,1.060495216,11,1.336502127,7.3,-0.598865086,16.8,0.274481659,9.7,0.918320079,9,0.598186799,11100100001,5454352151,6535321466,8574863268,100110101,53.8
female,33.34520548,humanities,english,6,0,0.225944088,13.3,0.010229046,18.4,0.59254243,28.4,0.973909237,17,0.167212814,25.7,0.393967523,1000110100,2452235422,1664421364,7584568853,101101001,102.8
male,10.83835616,0,french,1,0,-0.251212237,21.2,1.821416993,20.7,2.050158446,26.5,1.170047244,9.5,2.244683152,12.2,1.40701872,1100110011,4315232145,2653254326,5698234175,101110010,90.1
female,40.69315068,humanities,french,4,3,1.19276816,9.2,1.821416993,7.8,0.46840454,18.5,2.025333974,15,1.988928063,15.1,1.499370346,11010011,3213425125,2561345623,1257489235,10110101,65.6
male,39.98082192,science,other,4,0,0.345809681,6.2,-0.956960541,15.4,0.113538835,15.4,-0.516688194,6.8,0.094003847,9.9,-0.184059274,1011100,1124335111,5542353111,5852754199,111001110,53.7
male,46.35342466,science,german,6,0,1.266754339,17.4,1.773448729,36.7,1.18339255,24.7,0.018705403,12.5,0.766833437,17.2,1.001826891,101101111,2312243152,1412325221,5472826251,1010011,108.5
male,56.89589041,0,english,3,1,0.665394272,15.4,-3.040965737,10.7,2.005371641,19.6,-0.089529874,10.8,0.885186595,10.8,0.085091379,1011001101,5341232145,1541326322,4235298718,0,67.3
male,50.14246575,science,french,6,0,0.665394272,12.2,-0.956960541,16.8,1.493327665,22.4,0.560852657,8,1.428837619,7.9,0.638290335,100111001,4123553424,5541362213,8517462328,100010010,67.3
female,64.51780822,humanities,german,6,0,-1.616294023,17.2,1.821416993,8.1,1.377945163,17.1,1.541042959,13.9,1.50241957,20.4,0.925306132,1.0001E+11,4221435213,2432565342,5498923654,110011100,76.7
male,28.02465753,science,german,6,0,-0.369969093,29.8,0.35618483,56.8,1.856580389,16.1,0.454312682,15.1,1.356264005,10.3,0.730674562,1.11001E+11,4153251431,3554622114,6562381475,100101010,128.1
male,40.02739726,science,french,7,0,-3.531128974,12.9,1.336502127,18.5,-2.193116338,19.8,1.384035956,19.5,1.3890109,11.8,-0.322939266,10101010101,5142355555,3652413446,8157793642,111010100,82.5
male,62.7260274,science,german,7,0,0.467207985,25.1,0.35618483,23.2,-0.507577705,20.2,1.671619683,22.5,-0.080588055,18.5,0.381369347,111011001,2432211555,1543614265,4145399868,11010101,109.5
female,33.43561644,humanities,german,4,3,-4.415494561,21.7,0.446237926,6,-8.169085689,14.6,-0.385918397,7.8,-1.314953488,11,-2.767842842,0,2122222222,1523655252,5852627878,101001001,61.1
female,46.13150685,humanities,german,6,0,-0.693076878,38.3,-0.142574845,32.1,-2.636452547,66.3,0.640594404,34.2,-0.14209106,22.8,-0.594720185,1.11111E+11,2253453453,3624434266,8875686458,100011011,193.7
male,39.79452055,humanities,german,4,0,0.165508595,6.9,1.821416993,20.2,1.068782069,15.9,-0.253106241,6.3,1.130214696,10.1,0.786563222,10101110,2431244532,2556324441,5587147956,101110010,59.4
male,41.09041096,other,german,4,0,-1.417663558,28.2,1.773448729,66.7,-9.982032341,26.1,0.012288785,53.8,1.008068895,12.9,-1.721177898,1.111E+11,4444444444,3341153215,2785635114,11101001,187.7
male,48.76438356,science,english,6,0,0.374697463,22.7,0.145914825,15.2,1.943868759,32.3,1.138568672,25.5,2.174028829,8.8,1.155415709,1011100100,5423152145,5231542514,5724163975,10110001,104.5
male,42.86027397,science,english,4,5,-0.759925309,12.7,0.35618483,71.4,-1.831722287,24.9,1.292854562,29.1,1.136723344,11.3,0.038823028,1010111010,1211144433,5245162243,5942148658,100101010,149.4
,42.5890411,humanities,english,6,4,-0.688443616,28.9,-3.040965737,13.7,1.515013786,24,1.583223475,12.2,2.143107142,16.8,0.30238701,10011101101,2354123421,2516365124,8245796183,0,95.6
male,30.22739726,science,spanish,5,0,-0.251212237,10.1,0.35618483,24.4,0.256799097,15.9,0.686565304,11.5,1.335280554,9.8,0.47672351,110110100,2423212253,5245216432,8219637745,10101100,71.7
male,37.48767123,science,english,7,0,0.866643444,13,0.35618483,19.9,1.748355186,10.6,1.25590425,7,-0.182573424,11.1,0.808902857,1001101110,3154251423,4563651643,6688473352,110010101,61.6
male,27.03287671,science,french,7,0,-1.438529766,14.7,-0.596190895,18.3,-9.116666283,9.7,1.998449417,15.7,1.33438577,18,-1.563710351,1.01101E+11,2333333333,1241356214,5523471963,110001011,76.4
male,25.69315068,humanities,german,4,0,-0.79783041,33.1,1.821416993,35.1,0.626015879,21.1,1.500101826,31.8,0.063482886,150,0.642637435,1.1011E+11,1442535223,4661524631,8656449233,100001110,271.1
male,49.03287671,other,german,6,0,0.345809681,23.9,0.35618483,49.5,-9.982032341,33.7,1.24811221,25.6,-0.522830048,25.1,-1.710951134,1.11011E+11,2222222222,2532661243,5249636356,1110101,157.8
male,23.72876712,humanities,spanish,5,1,1.390181916,9.7,0.561667292,13.6,2.005371641,12.2,1.386894363,9.3,1.324069329,12.9,1.333636908,1011010111,2445321354,4125236654,1457396225,100100111,57.7
female,50.46575342,other,other,5,0,-0.189567147,34.8,0.068744507,21.6,-9.982032341,30.5,0.304421977,51.4,2.171391676,11.1,-1.525408266,1.10111E+11,4444444444,3316614225,5624719856,10101010,149.4
male,51.53972603,science,german,7,0,-0.004965397,12.7,-0.596190895,68.5,1.463542079,14.8,1.762254544,25.3,2.143107142,14.7,0.953549495,1000111101,4121534235,2532146513,6748251963,110001011,136
male,16.84383562,0,other,2,4,0.165508595,97.3,-0.596190895,19.1,0.12751027,23.2,0.991033544,14,1.24911721,12.7,0.387395745,1.1001E+11,3421353232,6251533644,4252917536,110100011,166.3
female,22.7890411,other,german,4,NA,-3.495939066,30.4,0.068744507,13.2,1.249952006,26,0.568783657,12.5,-15.15284495,5.9,-3.35226077,11111111111,5435245314,6345322123,8888888888,10101010,88
female,40.13424658,science,other,7,0,0.004816004,14.1,0.35618483,15.7,1.119968432,27.7,2.148228131,10,1.374910251,11.9,1.00082153,1110101,3241521542,1452263541,1426763258,1110101,79.4
female,17.0109589,0,english,2,1,0.685710118,11.9,-3.040965737,8,-1.720526365,16,2.085426695,7.4,1.925838252,5.8,-0.012903407,10110111,4345433434,3612543651,6415287935,0,49.1
female,25.32876712,science,german,6,1,-0.486817755,28.6,0.35618483,26,1.393835366,20.9,1.544242669,14.8,2.054701956,18,0.972429413,1111100101,2431213544,5264156334,5193674289,101010110,108.3
female,27.20547945,0,german,4,2,-1.372248554,18.5,0.35618483,8.9,0.635084459,15.6,0.235118986,13.6,2.143107142,8.6,0.399449373,11101101101,3534213555,5352366113,6958427319,100101010,65.2
female,26.64109589,humanities,german,6,0,1.19276816,7.7,-0.596190895,13.1,1.271673107,11.4,-0.618703744,6.2,0.858373698,10.6,0.421584065,1110011101,3255412132,1421452652,5684174195,100110001,49
female,63.01917808,0,english,3,5,-0.475190761,19.7,-3.040965737,20.4,0.601387645,21,-0.099412703,15.7,0.763296319,18.5,-0.450177047,1000110001,2551212453,6313315162,6389157754,0,95.3
male,62.12876712,science,english,6,0,-0.610967186,35.8,0.20659518,33.5,1.409915307,17.3,1.640382368,39,1.708607673,19.4,0.870906668,1101000100,2411534223,2463252143,5238496831,11110010,145
male,17.26575342,0,other,3,3,-1.69615398,5.8,-3.040965737,5.9,0.736635094,8,1.0868656,4.8,2.171391676,7.2,-0.148445469,10110101010,2435432123,5623345623,5648923156,0,31.7
male,70,science,german,7,0,-0.301972727,15,-3.040965737,27.9,-0.525952786,22,1.463348761,21.2,1.093476514,16.2,-0.262413195,1.0111E+11,5551342555,1522436561,8594258768,0,102.3
female,47.96164384,humanities,spanish,5,2,-1.256703796,29,0.068744507,15.1,2.165561732,29.9,2.513331583,27.5,2.007577919,13.9,1.099702389,111111111,1354233145,4625135642,8617329487,10101010,115.4
female,66.12328767,other,english,4,5,0.817983063,15.5,-3.040965737,16.1,0.658026735,16.8,1.172498385,15.3,0.391396499,12,-0.000212211,11101001110,3435243211,2235214625,6254576258,0,75.7
male,NA,science,german,6,0,-0.088630552,6,1.821416993,6.5,-9.982032341,12.3,1.5799331,6.7,-15.15284495,6,-4.364431551,1111011011,1111111111,2362152346,5555555555,10110101,37.5
female,33.60273973,humanities,german,6,2,-0.469321956,22.7,1.466399166,29.2,1.040822329,9.7,0.604226498,16.6,0.545185994,11.9,0.637462406,10011101010,4123421353,6521415341,4526614478,101101010,90.1
male,75.51232877,0,english,0,5,-4.415494561,14.5,-3.040965737,18.2,0.630542535,18.2,2.062006431,19.5,0.685442113,18,-0.815693844,0,2451223211,5543621453,5647585693,0,88.4
male,62.32876712,0,english,3,5,0.251269885,14.7,-0.596190895,25.6,0.542779952,30.2,0.370437389,21.8,0.656486509,10.9,0.244956568,11100110000,5221421554,5112144165,5368845892,1010110,103.2
male,61.80547945,science,german,6,0,0.665394272,15.9,0.35618483,18.6,0.032623878,35.9,-0.864940157,17.3,0.483237482,19.8,0.134500061,100111001,3441212231,2414633323,5874682332,101010110,107.5
male,40.80821918,science,french,7,0,-0.414755268,11.3,-0.596190895,4.2,1.050077892,11,1.079961508,9.2,1.193998432,15.2,0.462618334,1011011011,3342354513,5425213542,5345714283,110101001,50.9
male,24.39178082,humanities,english,5,0,0.517184144,14.7,0.35618483,29.6,1.401851336,15.5,1.150591809,26.3,1.486263932,17.3,0.98241521,10010111001,3532154351,5124226514,8246529385,101110001,103.4
female,34.24109589,other,english,4,5,-0.693076878,32.2,1.336502127,15.5,-0.767152021,22,1.261123256,24.3,1.902781659,11.2,0.608035629,1.11111E+11,5322311133,5334266451,8245617895,101110,105.2
female,39.6,0,german,3,0,0.891969241,17.4,1.336502127,11.5,1.126505722,32.1,0.803884705,12,-1.572069808,11.1,0.517358398,1001010111,2254413214,5526231454,5588821565,101011001,84.1
female,23.18630137,science,english,5,4,-0.043087657,11.3,0.35618483,31.5,1.629014055,18.8,1.847201629,24.2,1.742176632,10.7,1.106297898,1100011010,4432215423,5265413524,5247816398,110010101,96.5
male,48.83013699,science,french,5,0,-2.710075739,27.4,1.821416993,19.1,0.498896689,51.2,2.408230612,20.4,1.480635055,13,0.699820722,10010110110,5213314445,5134624315,4658729425,101100010,131.1
male,43.49589041,science,german,7,0,1.58550205,14.5,-0.678035429,20.5,1.253547947,19.5,1.93342333,27.6,1.073701274,17.3,1.033627834,110100011,2445121432,2461135246,5267853364,1000110,99.4
male,32.37260274,humanities,english,6,4,1.1578835,9.5,-3.040965737,9.9,0.2078849,15.2,1.089174586,22.4,0.805740513,7.6,0.043943553,11001110000,3431443522,4511634542,5652471875,0,64.6
male,47.35342466,science,german,4,0,-1.264208577,20.3,-2.023993528,10.8,0.639641753,14.8,-11.37692329,19.6,1.315966466,13.7,-2.541903436,1.0101E+11,2543125431,1111111111,1475421896,111110111,79.2
female,24.81917808,science,german,4,0,-0.301972727,26.6,0.189437849,28.3,0.974824849,19.3,0.684835356,20,-0.360761885,9.7,0.237272688,1.0111E+11,3225345143,1442661143,7685538573,10100001,103.9
female,23.50958904,0,german,3,0,-0.683787013,22,-0.956960541,32,0.251655823,42.4,0.861553884,24.2,-0.810577751,10.8,-0.267623119,1011101101,4244324531,6213146613,6652866339,1010010,131.4
female,21.24109589,humanities,german,4,0,-0.693076878,48.8,0.145914825,19.4,-9.982032341,31.8,1.093804069,26.9,2.072312735,9.6,-1.472615518,1.11111E+11,5555555555,4354626532,8523647951,110001101,136.5
male,61.72328767,other,german,7,3,-0.693076878,10.4,-3.040965737,11,0.583754934,20.8,0.072244073,14.2,2.143107142,13.5,-0.186987293,1.11111E+11,3251234555,5661423666,5241789632,0,69.9
female,28.5369863,science,german,6,2,1.532668597,26.9,0.20659518,20.8,1.779919421,21,1.091487405,16.1,1.742176632,13.9,1.270569447,1011011100,2514324315,5243616145,5398156472,110000101,98.7
male,21.97808219,science,german,4,0,1.907453695,24.2,0.20659518,70.8,0.588141514,47.6,0.579963443,24.6,0.756949825,22.9,0.807820731,101111001,1442145234,4266143354,3153744863,11000101,190.1
female,28.29041096,0,german,3,0,-1.144687892,9,-3.040965737,9.2,1.022499883,13.5,1.237790141,9.9,1.925838252,9.8,9.49E-05,1001010010,3254312543,2441526436,5471685932,0,51.4
female,30.7260274,humanities,german,6,3,-0.683787013,27.6,-3.040965737,5.6,1.968133903,29.2,1.859197166,23.4,0.486631134,17.4,0.117841891,11010100000,1543245134,5143623164,9545637828,111111111,103.2
male,44.92876712,science,english,7,0,1.306093628,9.4,-3.040965737,9.3,1.845357998,28.7,1.583223475,6.6,1.925838252,8.2,0.723909523,1101001110,3243115423,1536254365,8562948173,0,62.2
male,52.10958904,other,german,6,0,1.306093628,12.9,-0.490516869,16.1,0.954486267,19.2,0.491434561,13.7,0.610680359,10.4,0.574435589,11110100111,3455113442,6231233415,8636415765,10110100,72.3
male,40.80821918,science,german,6,0,-2.429624051,13.2,0.35618483,11.8,1.366149358,15.1,1.025926709,7,2.112791718,5.2,0.486285713,1.001E+11,3514423124,6433522615,5764391685,101010110,52.3
male,27.49589041,science,german,6,0,0.360140724,13,0.35618483,16.9,1.779919421,18.3,1.355769816,11.9,1.718569295,20,1.114116817,11100100101,4231532415,5236541552,8569254187,10101100,80.1
male,37.85479452,other,german,7,0,0.517184144,18.2,-3.040965737,3.9,1.633781065,11.3,1.350184746,16.3,1.27226693,11.5,0.34649023,1011101100,4231523214,2413261451,8525714635,111111111,61.2
female,45.17808219,science,german,4,0,1.19276816,10.3,0.35618483,6.4,1.60542888,12.7,0.739488359,8.4,2.143107142,10.7,1.207395474,101100011,2445314225,3552614455,4285693147,10101001,48.5
male,32.82739726,science,german,6,0,-0.79783041,15.7,1.773448729,5.3,0.881523308,14.4,0.635578899,9.3,2.112791718,7.5,0.921102449,1.1011E+11,2435433214,5212446323,8527643298,11101001,52.2
female,25.76986301,science,german,6,0,1.22902119,13.3,1.821416993,14.5,1.484750062,13.3,1.541042959,14.6,1.335280554,13.4,1.482302352,1011110010,3453241254,2511634522,5328479961,110001100,69.1
male,47.33972603,science,german,6,0,0.500223415,15.4,0.145914825,11.2,0.911911202,23.4,2.163131727,19,1.171408117,9.1,0.978517857,1.10011E+11,4133144253,1336524613,8665378291,110001101,78.1
male,42.59452055,science,german,6,0,-0.079699721,9.9,0.35618483,11.9,-0.547865981,14.6,1.725290229,5.9,1.376353935,8.4,0.566052658,1011011101,2345124444,2415236254,5264154732,10101001,50.7
male,44.44109589,science,german,6,0,-0.014644373,12.1,1.773448729,14.6,1.106988293,20.4,1.439374442,6.6,1.54883877,10.2,1.170801172,11011001111,5521433523,5314256533,4389857624,10100111,63.9
male,30.26849315,science,german,6,0,-0.585360735,9.4,-0.791814807,4.9,1.013431303,18,0.322966567,8,1.707305978,9.3,0.333305661,1010111011,4213234532,2411521652,5348759142,101001111,49.6
male,61.30958904,science,german,6,0,0.055338621,11.5,-0.956960541,5.2,0.95737304,15.6,0.664241785,10.9,1.398039351,12.6,0.423606451,110100100,1233443154,5131541245,8592674548,101101011,55.8
male,22.75342466,science,german,4,0,-0.822263563,6.4,1.773448729,18.7,1.856580389,16.3,0.370437389,15.6,0.026735711,12.3,0.640987731,1000001101,3244531342,5211325655,1458966585,110010100,69.3
female,61.8739726,0,german,3,4,-0.693076878,25.5,0.068744507,20.4,-0.015936089,54.8,-0.133460856,49.2,1.050555303,25.1,0.055365197,1.11111E+11,4223522342,1165646116,3267892695,10101010,175
male,34.80547945,other,german,4,0,0.552068804,13.4,0.145914825,9.1,-0.225930222,17.4,-0.07055718,12.8,1.549572947,15.5,0.390213835,10000101100,2221342252,3552163535,3265857419,11100101,68.2
male,39.66027397,0,german,3,0,-2.321899973,14.3,-3.040965737,8.3,1.308672111,11.5,1.472446549,7.8,2.054701956,7.6,-0.105409019,10010101010,3432154324,4526621346,4258693175,0,49.5
male,37.41369863,science,german,7,0,-0.114916696,4.8,1.336502127,7.5,0.256799097,11.4,1.630123626,6.1,-0.173829107,6.4,0.586935809,10001011010,2341222454,1532265421,5245563878,10001011,36.2
male,39.65205479,science,german,6,0,0.685710118,15.6,1.336502127,12.2,1.72260528,23.8,0.997509805,21.3,2.244683152,12.4,1.397402096,1010011110,2441534312,2415662535,5617498325,1010111,85.3
male,31.90410959,0,german,3,0,-0.414755268,8.2,-1.126483048,12.8,1.968133903,16.7,1.472446549,16.4,0.614285701,23.6,0.502725567,1011011011,1432254231,5332416355,8595142337,110111101,77.7
female,38.0739726,other,german,4,0,0.225944088,10.5,1.821416993,12.1,1.366149358,18.1,1.616561738,9.5,1.708119409,11.7,1.347638317,10001001110,4352132512,2561143516,5361874582,110001100,61.9
male,33.22739726,0,german,3,0,1.060495216,41,-3.040965737,22.4,0.199628105,31.2,0.927874413,32.7,0.112563458,18.5,-0.148080909,1011101001,4315112311,3431625326,6246585957,111111111,145.8
male,43.48493151,science,german,6,0,0.665394272,6.1,0.723053306,7.6,-6.361115805,11.4,1.082259074,4.6,1.585530428,8.3,-0.460975745,1110010101,3454444444,2522143265,4236965182,100110110,38
male,29.13972603,0,german,3,0,0.331697441,6.8,0.145914825,16.1,1.908271645,12.2,0.867454272,8.4,1.483446932,8.7,0.947357023,1011101011,3254132453,5143552616,4862595473,10011100,52.2
male,35.08767123,science,german,7,0,0.201293726,41.8,-0.596190895,9.9,-9.982032341,17.2,0.660838919,10.5,0.879177285,15.1,-1.767382661,110000110,5555555555,5451563624,1658676294,110101001,94.5
male,25.70684932,science,german,6,0,0.665394272,10,1.773448729,6.3,0.599170889,8.8,0.997509805,9,1.441796436,8.8,1.095464026,1011001110,3432235132,1156243562,5562394718,100010110,42.9
male,37.99452055,other,german,4,0,0.225944088,6.5,1.821416993,15.8,1.968133903,17.6,1.3811834,8,2.054701956,7.8,1.490276068,1111001010,4233551342,5331644125,1473259168,1110011,55.7
female,32.56712329,humanities,german,6,0,0.727732527,8.7,0.35618483,9.1,0.585946438,16.9,0.849827535,8.9,1.143711295,13.1,0.732680525,11010111,3244532411,5325214665,5628454712,101110001,56.7
male,34.56986301,science,german,6,0,0.552068804,19.1,0.35618483,47.2,-9.982032341,21.8,1.006191907,18.3,1.411681647,18.5,-1.331181031,1001100001,1111111111,5214362466,1483679623,10101001,124.9
male,34.00821918,science,german,4,0,1.091831565,9.5,-0.596190895,18.2,1.697338515,20.9,0.9465234,18.3,1.326991698,7.7,0.893298857,11010011100,2152435521,1446214352,5486145893,1011100,74.6
male,29.36164384,science,german,6,0,-0.070681759,13.8,1.821416993,18.7,1.806800135,15.5,2.029865597,8,2.143107142,10.9,1.546101622,10110100101,3415324531,2463164523,5294617382,110001100,66.9
male,66.45753425,other,other,6,1,-0.369969093,21.9,-3.040965737,10.1,-0.563836551,14,0.923763871,14,0.763649667,12.7,-0.457471569,1.11001E+11,4453332211,2253664165,6635889417,111111111,72.7
male,41.71780822,science,german,4,0,-1.04918793,14.2,0.010229046,7.4,1.834228356,13.1,0.865484699,9.1,0.648757296,8.2,0.461902293,10101011001,3214352314,1546566123,5258474536,11000111,52
male,50.06575342,science,german,6,0,-1.616294023,9.9,-0.179909136,19.9,0.79171143,24.3,-0.007837741,18.5,1.603979799,9.3,0.118330066,1.0001E+11,5352122531,2135552466,2564175428,1011110,81.9
male,31.81369863,science,german,6,0,-0.336596018,5,0.20659518,6.1,-0.668031681,26.7,0.556115634,13.2,0.540131632,10.6,0.059642949,100101110,3212321445,6225264156,5472965866,110000101,61.6
male,28.61917808,other,german,4,0,-0.590539089,18.8,-0.791814807,15.1,1.316195478,20.9,-0.542721658,12.9,1.33438577,8.9,0.145101139,1.10101E+11,2443152245,3411156456,5394715288,10011000,76.6
male,48.70410959,science,german,6,0,0.345809681,9.8,0.446237926,8,-6.773994584,16.5,-0.183485913,9.8,0.728017781,14.5,-1.087483022,1.11011E+11,1112222222,2221452331,6934571917,101100100,58.6
male,34.07123288,0,german,3,0,1.22902119,18.2,1.773448729,13.3,1.290045548,17.1,2.355640486,8.8,1.999894425,8,1.729610076,1011000110,2441325413,2641536241,6428759123,1010011,65.4
male,31.60821918,humanities,german,6,0,1.124267658,10.5,1.336502127,23.7,-9.116666283,22,1.616561738,11.1,-1.10824355,19.3,-1.229515662,1110100011,4111111111,5114336251,5651917333,110101000,86.6
male,31.06027397,other,german,4,0,-2.575634693,11.8,1.036960055,9.1,2.151460252,15.9,1.308995355,7.4,2.143107142,10,0.812977622,11011101010,4235143125,5316451364,5289617354,10101011,54.2
male,31.59726027,humanities,german,6,0,-1.417663558,28.9,1.466399166,9.9,1.785252811,15.1,1.732605065,12.9,1.557967299,7.1,1.024912157,1.111E+11,4235125345,2541655231,5321569874,100011100,73.9
male,43.58630137,science,german,4,0,-1.256703796,21.3,0.089538752,9.2,0.612526493,22.3,0.022999622,12.5,1.319253134,11.3,0.157522841,100111011,3242145442,5113622241,5342896674,1111101,76.6
male,40.83561644,other,german,6,0,1.390181916,11.4,0.189437849,7.5,1.327559925,19,1.418730021,15.9,1.079000547,8.5,1.080982052,1010000110,2144341254,1524166315,1528457966,11110101,62.3
male,38.79178082,0,german,3,0,0.817983063,18.7,-0.252960072,34,-7.823521473,20.7,2.062006431,28.7,1.742176632,15.6,-0.690863084,110111001,3422222222,2526341562,5247856319,10001010,117.7
male,40.57534247,science,german,6,0,-0.369969093,8.1,-0.956960541,6.9,1.999093406,11.9,1.85518717,7.9,0.756949825,9.9,0.656860153,1.11001E+11,4352134251,1563452116,5297745165,111100011,44.7
male,45.84931507,science,german,7,0,-0.079699721,17.3,0.35618483,26.9,1.61953036,25.5,0.648993905,21.8,2.054701956,17.1,0.919942266,1011011101,4231354121,3262411524,4825673419,10101001,108.6
male,42.50136986,0,german,3,0,4.803904085,27,0.446237926,18.7,0.444498367,15.4,0.296549227,12.9,0.506851622,12.5,1.299608245,110100111,2431224321,5521236112,9685265158,101001001,86.5
male,40.17534247,0,german,3,1,-0.79783041,11.6,0.781777371,33.2,1.687363069,18.9,1.250704719,12.8,0.637235439,11.5,0.711850037,1.1011E+11,1522143152,6254114633,6889144752,111110010,88
male,25.83013699,science,german,6,0,1.907453695,15.4,0.145914825,10.9,-3.544613602,24.6,2.080711046,16.9,1.302889209,10,0.378471035,1110001101,5233313333,4126635142,7539581645,10011100,77.8
male,50.8,science,german,4,0,0.866643444,11.4,0.089538752,10,1.097334638,16.1,1.077667725,13,0.670896533,11.2,0.760416218,11100101000,3145312425,1524146551,5462998557,1111101,61.7
male,28.55616438,science,other,6,0,-0.693076878,22.9,-0.490516869,20.1,1.727716022,28.1,1.392628828,22.5,1.302889209,17.2,0.647928062,1.11111E+11,4153552431,5362514363,6524788539,10110100,110.8
female,38.64109589,science,german,6,0,1.390181916,11.3,-0.179909136,12.6,1.629014055,15.7,1.560352362,14.6,1.606568176,10.9,1.201241475,1011100010,1342513124,5246514632,7261748352,1011110,65.1
male,28.07123288,science,german,5,0,-0.251212237,11.1,-0.956960541,7.6,1.506297387,24.9,1.509443579,43.2,0.246714813,15.9,0.4108566,1011110100,4521234542,5235413621,5277154996,111001110,102.7
female,25.9890411,science,german,4,0,-1.771100506,6.5,0.35618483,28.2,1.955946679,8.1,1.487742783,6.2,1.678303867,5.6,0.741415531,10101010001,5425314325,2421352634,4385276182,110001010,54.6
male,51.8,other,german,4,0,-0.818235958,9.4,0.781777371,14,1.573088549,16.4,1.433444761,6.6,0.604929239,11.8,0.715000792,11101111101,3145234435,1245136221,5415893757,100101,58.2
male,33.02191781,science,german,6,0,-0.309001915,5.1,1.821416993,3.1,1.489032034,12.3,1.478544909,3.5,0.831556202,9.9,1.062309645,10111111010,4243521423,1523644221,7251529618,100001110,33.9
male,40.02739726,science,german,4,0,0.374697463,7.2,-0.490516869,8.7,1.393835366,12.7,0.418154116,6,0.477499996,7.3,0.434734014,1001110100,2431524351,5211322612,8542583364,10011001,41.9
male,30.59452055,science,german,7,0,0.389487119,18.4,0.145914825,8.4,2.037209509,17.7,1.457316401,9.7,1.127529455,7.9,1.031491462,1010001101,3125432451,6243512261,5263514528,11100101,62.1
male,45.60821918,humanities,german,6,0,-0.189567147,20,0.20659518,10.6,0.676666189,25.9,1.415805627,5.2,0.95727749,14.8,0.613355468,1.10111E+11,4524152315,3462133561,6534686972,101000011,76.5
male,31.75890411,humanities,german,6,0,1.532668597,12.9,0.781777371,7.7,1.071924845,11.3,1.057191836,7.2,0.899299811,10.5,1.068572492,1110110011,4313542313,2456253116,5439745518,11000001,49.6
male,62.8,science,german,6,0,0.517184144,13.5,-3.040965737,11.5,0.639641753,27.6,2.355640486,21.9,2.244683152,11,0.54323676,1101110110,4231542315,5314623514,5924673185,0,85.5
female,25.77808219,humanities,german,6,0,0.500223415,11.8,0.35618483,16.8,2.347412269,11.9,1.875353555,7,1.92434031,8.3,1.400702876,1.10011E+11,5243115324,6345142315,4683274165,100011101,55.8
male,41.77534247,0,german,3,0,-0.414755268,6.2,-3.040965737,7.9,0.059058994,11.3,0.956992818,9.6,1.999894425,9.2,-0.087954953,1011011011,2353132325,5241662124,4587126593,0,44.2
male,28.29589041,humanities,german,6,0,0.866643444,8.4,1.036960055,5.1,1.828697838,15.3,1.298214079,9.9,0.95727749,9.9,1.197558581,1001101110,5532143542,6321532246,5642585391,110101010,48.6
male,35.13150685,humanities,german,7,0,-0.336596018,15.5,0.145914825,6.9,1.920033109,28,0.388489608,17.7,1.52798751,13.4,0.729165807,1110010010,2315451213,5344326612,5281263958,101100011,81.5
male,44.30410959,science,german,6,0,1.00084008,10.2,0.35618483,10.3,-9.982032341,17.8,1.721647161,9.8,1.207006491,8.9,-1.139270756,11000101001,4444444444,5134525613,5429675131,110001010,57
male,32.91506849,science,german,6,0,0.014702021,14.9,1.821416993,18.1,0.639641753,13.4,1.295531744,14,1.902781659,10.1,1.134814834,110101101,1234512345,1533624143,4927381457,1100011,70.5
male,55.70410959,other,german,4,0,0.500223415,15.5,1.821416993,11.2,1.523786971,15.5,1.271620277,11,0.972573078,12.3,1.217924147,1001110011,2435213435,3354156245,5628544179,10100101,65.5
male,29.09863014,science,german,4,0,-0.706838925,17.1,-0.596190895,24.3,1.221525007,32.2,1.082259074,16.9,1.016057192,18.2,0.40336229,1010111000,4133542152,2445413265,5468535147,1101110,108.7
male,36.65205479,science,german,5,0,1.482692438,27.2,-0.956960541,8.6,1.136371547,20.2,0.160766546,18.2,0.707775916,11.4,0.506129181,11101000011,3241553541,3422314341,5285491175,11101101,85.6
female,30.3890411,other,german,6,0,1.22902119,20,-0.47314368,7.8,-9.982032341,16,0.763061007,9.7,-0.285973164,9.6,-1.749813398,1011000110,3333333333,1522413445,5242257865,1101111,63.1
male,25.58630137,science,german,6,0,-0.061574949,18,-0.47314368,12.7,0.778994819,30.5,1.369831216,41.7,0.558126694,10.5,0.43444682,10010111000,5334143451,1312546631,6394575884,111101100,113.4
male,29.88493151,science,german,6,0,-0.590539089,11.5,-0.596190895,16,0.753916272,19.4,1.518848382,18.5,0.810832851,14.7,0.379373504,1.10101E+11,4215425311,5531426521,5759763485,110101001,80.1
male,59.11780822,other,german,4,0,1.390181916,16.9,0.20659518,14.6,-9.982032341,17.9,1.214841303,10.5,2.141168,11,-1.005849189,1011100111,4444444444,5323614524,5621489675,101001100,70.9
male,24.70958904,other,german,4,2,-0.251212237,11.9,-0.47314368,6.8,1.662743022,13.2,0.262938789,7.3,1.41195035,8.4,0.522655248,1011110100,2433514231,4413265662,7246132147,11001111,47.6
male,50.57260274,humanities,german,5,0,0.891969241,17.1,0.20659518,7.2,1.692341555,15.9,1.369831216,9,1.916127467,11.4,1.215372932,11100101001,3452132454,1563251636,4592781542,110000101,60.6
male,34.88767123,science,german,6,0,-0.123515212,5.1,-0.596190895,7.3,1.624263859,9.9,1.232657638,5.5,1.748343974,6.3,0.777111873,11100110111,3254123251,5326512254,5624874136,110100011,34.1
female,35.36986301,0,spanish,2,0,0.360140724,29.9,-3.040965737,8.2,1.667631154,18.3,1.295531744,14,1.820832402,5.3,0.420634058,10110110001,2533541532,1544326164,4368579145,0,75.7
male,51.25479452,science,german,6,0,0.866643444,9.5,0.189437849,13.3,1.732846234,26.4,0.78518009,12.8,0.585754377,11.7,0.831972399,101001110,2334511324,5224636544,4262395756,10100001,73.7
female,50.95890411,humanities,spanish,7,NA,-1.172615508,24.9,0.35618483,21,0.639641753,18.1,1.077667725,22.8,1.480073293,9.1,0.476190419,1.01011E+11,4512345123,6341536346,9854612317,10101100,95.9
female,40.01917808,science,spanish,6,3,-1.438529766,31.9,-1.210243675,7.1,1.275327598,23,-1.03643902,12.1,1.236711004,7.8,-0.234634772,1.01101E+11,5235431453,4645564466,1965327588,100010,81.9
male,32.65205479,science,german,6,2,-1.283928445,11.1,-0.265943141,6.9,-9.116666283,10.4,1.148178868,8,0.897564726,9.2,-1.724158855,1.101E+11,5444444444,5265354623,7523512954,10111000,45.6
male,34.44383562,science,german,6,0,1.060495216,20.3,1.336502127,32.9,1.434401055,20.5,1.347400584,20.8,1.146424809,10.6,1.265044758,1011101001,3153241534,2645254632,3518265451,101110,105.1
male,18.32054795,0,german,4,0,-0.258636645,13,-1.126483048,29.3,1.350580641,21.6,0.399716037,9.5,1.302889209,10.3,0.333613239,1001111010,4245533124,6653241511,1493755482,110111101,83.7
male,28.52328767,science,german,5,0,0.918008535,9.5,0.35618483,8.2,1.506297387,10,2.099670154,5.2,1.893948021,7.5,1.354821785,1010011100,3452215124,1236541256,5268714983,101110001,40.4
male,35.37534247,science,german,6,0,0.944802694,7.4,0.189437849,8.2,0.302216703,10,1.075377712,8.7,1.83348649,8.2,0.86906429,10001001111,4543453214,2254614354,8569375462,10100001,42.5
male,51.34520548,science,german,6,0,-0.79783041,9.3,-0.956960541,9.9,-3.963313348,19.3,-0.560518489,12.8,0.45751233,15.5,-1.164222092,1.1011E+11,1211511111,3353136232,7481313265,101101110,66.8
female,59.47945205,humanities,german,6,0,-0.580153207,13.1,0.20659518,21.4,1.434401055,12.6,0.735896932,10.1,-0.279056815,7.8,0.303536629,101110101,2545214235,5266422541,5581493633,11000101,65
,62.4630137,0,other,0,NA,0.087033171,43.4,-3.040965737,24.7,1.430289055,28.2,1.891699466,22.7,1.383856506,15.8,0.350382492,1000101110,2433145233,1535462135,4826671459,0,134.8
female,27.37260274,0,spanish,3,3,0.866643444,106.8,-3.040965737,49.6,2.096486127,59.4,0.725177856,65.6,1.083448631,62.3,0.346158064,10111100101,2345141532,2545133646,5645238462,111111111,343.7
male,46.78630137,0,german,3,0,0.345809681,25.4,-3.040965737,13.1,0.992505791,17.2,1.998449417,13,1.585680762,14.4,0.376295983,1.11011E+11,3415325354,4352613453,7625984187,0,83.1
female,36.98356164,humanities,german,4,4,-0.857743415,13.2,0.010229046,9.3,-0.210235891,17,1.054935199,15,1.442481497,11.9,0.287933287,11010010010,5415245452,5163156231,5198357465,1101101,66.4
male,49.72054795,science,german,6,0,0.404517268,12,1.773448729,12.4,-9.982032341,17.2,1.941920143,14.9,0.119653963,16.7,-1.148498448,1.1101E+11,3333333333,5215341625,5249564756,111001010,73.2
male,40.23287671,0,german,4,0,0.404517268,13.1,1.821416993,4.7,1.316195478,11.5,0.167906474,9.8,0.999915778,14.9,0.941990398,1.1101E+11,2315423515,2466224315,7355176238,10001101,54
male,34.13150685,science,german,6,0,1.19276816,10.7,0.35618483,25.7,1.633781065,18.9,0.849827535,13,1.404979206,17.2,1.087508159,1100010110,2435112434,6255143614,5618994723,1101010,85.5
male,50.55068493,science,german,6,0,1.030186475,20.9,0.20659518,19.1,0.911911202,33.5,0.115227977,33.8,0.486631134,9.4,0.550110393,101110010,3453124123,5234413416,5458961217,100001101,116.7
female,31.79452055,science,german,5,3,0.817983063,9.2,0.20659518,9.9,1.097334638,16,1.059452133,11.6,1.718569295,10,0.979986862,1110011001,2314325452,2541226541,5624861753,10111001,56.7
male,25.2109589,science,german,5,0,0.771756741,17.9,1.036960055,27.6,1.225045738,14.4,1.544242669,13.7,0.786612884,14.1,1.072923618,1100001101,4351321142,1332415632,1145837299,110101010,87.7
male,27.23561644,other,german,6,0,1.22902119,10.5,1.773448729,21.6,-9.982032341,18.5,1.333562606,15.4,0.724912859,13.1,-0.984217391,1011110010,4444444444,5124532364,5218765546,110010100,79.1
male,20.20547945,0,german,2,0,-3.531128974,7.7,-0.252960072,13.9,1.834228356,9.5,2.099670154,6.5,0.970551835,14,0.22407226,10101010101,1234543212,1234561234,2346826589,101010,51.6
male,49.28219178,humanities,german,6,0,-0.21316844,15,1.821416993,13.6,0.639641753,17.3,0.04576398,6.9,2.073961189,8,0.873523095,11000000011,1234512345,2564135413,5412368714,11100001,60.8
male,45.59178082,science,german,7,0,-2.789938338,39.1,1.773448729,17.4,1.748355186,23.6,0.652367933,11,0.159303587,25.9,0.308707419,10000,2354132215,3141552116,2434745825,10100111,117
female,48.2739726,other,german,6,0,1.390181916,17.7,-3.040965737,12.9,-6.061145726,13.5,1.457316401,11,0.663426308,8.8,-1.118237367,1011100010,4523333333,4325514264,8126168345,0,63.9
female,25.86849315,humanities,german,4,NA,-1.616294023,36.8,0.35618483,14.7,2.024383897,26,1.153008935,23,0.414343721,12.9,0.466325472,1.0001E+11,5343214253,3351243661,5835671169,100011101,113.4
female,26.40821918,science,german,6,0,1.060495216,34.7,1.036960055,21.6,1.374001737,31.2,1.851188679,34.6,1.08943574,23.4,1.282416285,1011101001,2521345421,3162153462,2546125798,11101010,145.5
male,32.69315068,science,german,6,0,1.030186475,14.4,0.189437849,27.2,0.178394399,19.3,0.695247407,9.5,1.514432676,6.3,0.721539761,101101110,2444354211,5331422366,8564537196,10001100,76.7
male,20.09041096,humanities,german,4,0,-0.590539089,12,-0.956960541,14.4,1.559462675,16.9,1.606476245,11.8,0.727672482,9.8,0.469222354,1.10101E+11,5244132521,1224613425,4294817225,11101101,64.9
female,38.21369863,other,german,4,0,1.701194572,10.2,0.446237926,7.7,1.817704479,18.5,0.230119974,8.1,-1.113447928,10.1,0.616361805,1011101000,3243154233,1552463233,8452525768,1000111,54.6
male,40.03835616,other,german,5,1,0.225944088,10.5,-0.688451355,16.3,1.275327598,10.5,1.347400584,6.2,1.413563548,8.9,0.714756892,1.00111E+11,4223541232,1452133652,8625417996,110001000,52.4
male,59.4,other,german,4,0,1.306093628,11.4,1.336502127,17.5,0.623758243,15,1.010553329,8.2,1.990685277,11.4,1.253518521,111010111,4254451223,4332462145,8593745168,11101000,63.5
male,22.8109589,0,german,3,0,-0.220903496,21.7,0.189437849,10.3,0.519615237,17.6,1.418730021,17,1.756381682,8.5,0.732652259,11110101001,4314332514,4566233156,6482791428,10001100,75.1
male,41.10684932,0,german,3,0,-1.283928445,16.8,-3.040965737,5.5,0.796831889,24.7,0.867454272,18,1.298762704,10.5,-0.272369063,1.101E+11,2453124534,5243521462,5438517659,111111111,75.5
male,38.10958904,science,english,6,0,0.665394272,9,0.35618483,7,0.995475316,10,1.308995355,8.9,1.847312966,9.9,1.034672548,1011001110,3413534213,5214266125,6251375824,100101010,44.8
male,49.60547945,other,german,7,0,-1.616294023,21.7,0.145914825,12.5,0.260238892,22.1,-1.705381231,20.5,1.710725267,11.8,-0.240959254,1.0001E+11,3334525313,3523111166,2651839268,101100011,88.6
male,44.76986301,humanities,german,6,0,-0.079699721,12.8,-0.179909136,16,-0.693716103,15.8,0.202941449,12.1,-2.704552613,12.8,-0.690987225,101011000,2325522211,4221131541,5834222299,110011001,69.5
male,20.46575342,humanities,german,4,0,-2.040248589,10.3,1.821416993,18.1,1.405877286,14.1,1.64726373,12,2.244683152,12.8,1.015798515,11011011101,2443514423,2433162513,6428573916,110011100,67.3
male,26.35342466,humanities,german,4,0,-3.531128974,11.5,0.20659518,10.6,0.639641753,11.7,2.099670154,7.5,1.925838252,15.5,0.268123273,10101010101,1234512345,1234561234,1475826935,11110010,56.8
male,43.94246575,science,german,6,0,-1.664386806,7.7,-0.47314368,7.4,1.748355186,12.4,1.490822283,11.3,2.244683152,12.4,0.669266027,1.01E+11,3145241523,5214433261,7415396827,1101111,51.2
male,46.75068493,science,german,6,0,0.685710118,16.9,-1.126483048,13.1,-8.169085689,12.5,1.389758646,12.4,0.683931037,12.9,-1.307233787,10111011,2322222222,1136564253,7813579455,11110111,67.8
male,34.39726027,humanities,german,6,0,-0.526397725,6.1,1.036960055,8.3,0.862536582,12.7,1.823515967,5.8,1.295020868,9.7,0.898327149,10010110000,2435132335,5316214526,5345867359,100010101,42.6
male,42.28767123,other,german,4,0,1.347181894,9.8,-0.596190895,14,-8.169085689,19.4,1.25851131,8.2,1.62388428,14.5,-0.90713982,1110110001,4344444444,1655325426,5862754689,100110001,65.9
female,58.93150685,science,german,7,0,0.517184144,14,-0.956960541,18.5,1.142989148,12.7,0.460186127,10.8,1.336815676,14.5,0.500042911,110011101,2453121314,1642235224,3629175825,110101101,70.5
male,32.92876712,humanities,german,6,0,-3.531128974,13.9,-3.040965737,8.9,1.339021093,16.1,1.250704719,8.8,1.557967299,8.2,-0.48488032,10101010101,2453134145,3156241565,5321784698,0,55.9
male,54.67671233,other,german,7,0,-0.720399077,11.7,0.145914825,7.9,0.544905728,16,1.138568672,9.9,1.441248606,12.7,0.510047751,1011011010,5121444312,5141264132,8521649234,110001101,58.2
male,54.93972603,science,german,6,0,2.716679025,26.1,0.145914825,7,1.246365641,15.6,0.068906411,17.9,-4.319943586,15.1,-0.028415537,1011100011,3453321254,2353545643,5645645456,101001110,81.7
female,NA,0,other,2,3,-3.495939066,21.1,-0.688451355,10.2,-2.818554086,34.1,-11.37692329,5.2,-10.90759827,9.4,-5.857493213,1E+11,4512322222,5555555555,9999999899,111110001,80
male,56.31506849,science,german,6,0,0.706482538,10.1,0.145914825,32.7,2.144464501,17,1.303594291,12.4,1.514145562,12.9,1.162920343,11010001111,5413523415,6255412263,5618593642,100011010,85.1
male,46.5890411,science,other,6,4,-0.251212237,14.4,1.821416993,14.8,-0.094934859,21.2,0.153663015,15.9,0.988634467,10.4,0.523513476,1000010011,4353135155,1355165446,5963619856,101100010,76.7
female,22.28219178,science,german,4,5,-0.693076878,17.3,-0.694560743,16.8,1.010421963,22.2,1.189778164,16.8,1.423278243,11.3,0.44716815,1.11111E+11,3425432445,6533425134,9263145875,10000010,84.4
female,20.92876712,science,german,4,2,-0.932027047,33.5,0.189437849,20.5,0.58156699,19,1.675134118,23.6,2.244683152,13.4,0.751759013,11010010101,5235351324,5241365326,9583174629,101011110,110
male,66.37808219,humanities,german,6,4,0.331697441,36,1.773448729,17.4,1.193685689,30.5,0.826666787,44.3,1.414101655,16.8,1.10792006,1011101011,2245113142,4266143242,8249658738,10100111,145
male,60.31780822,0,spanish,2,0,-0.720399077,42.5,-0.179909136,27.6,0.799399438,32.7,0.849827535,56.6,1.742176632,19.7,0.498219078,1011011010,1354235421,5362534416,1234567895,1100110,179.1
male,28.68767123,other,german,6,0,-3.531128974,16.1,-0.956960541,14,-5.786447283,9.5,2.355640486,5.2,1.356264005,6.5,-1.312526461,10101010101,5122222225,3246512346,5341789656,110001111,51.3
male,32.20273973,humanities,german,6,0,0.213536737,10,-3.040965737,9.8,1.801380896,15.3,0.743089066,8.6,1.24911721,12.2,0.193231634,10001011011,1323554132,1526523341,1454268579,0,55.9
male,36.89315068,0,french,3,1,0.238520252,27.3,-0.956960541,7.2,1.331369487,18.4,0.684835356,15.9,-0.093837053,15,0.2407855,1000110110,4522115345,5212644322,6473619636,101101011,83.8
male,49.00547945,science,german,6,0,-0.645664753,11,1.336502127,7.7,0.432702562,7.2,0.451385216,8.7,0.699278144,10.7,0.454840659,1011010110,2431225312,5212352621,5428325158,100110101,45.3
male,24.65479452,science,german,6,0,1.060495216,11.8,1.821416993,13,-6.061145726,10.2,1.619939856,17.4,1.477547885,11.5,-0.016349155,1011101001,3254444444,5163432512,8594357426,101001010,63.9
male,31.64657534,science,german,5,0,0.626054983,14.7,0.089538752,21.5,1.955946679,16.4,1.867251946,16.8,1.361717241,11.8,1.18010192,1010011101,2154324451,2563215346,4365887162,11000010,81.2
male,29.25479452,0,german,3,0,1.482692438,20.5,0.189437849,12.7,1.152976925,21.8,1.692840493,19,1.074565222,10.3,1.118502585,11000101100,4152341233,6431544261,1553267942,1100010,84.3
male,37.8109589,humanities,german,6,0,0.866643444,37.7,0.35618483,13,0.846472625,12.6,0.41530156,10.8,-0.084676774,6.1,0.479985137,10111100101,4315413412,1434641353,6836963265,101010011,80.2
male,42.03013699,other,german,5,0,0.360140724,22.8,0.20659518,24.3,0.809718868,29.6,1.02151698,17.6,1.268098806,7,0.733214112,11011000110,4315435514,5635263415,8349758315,10011110,101.3
male,44.03013699,science,german,6,0,0.108783204,42.3,1.821416993,52.3,2.063233102,28,1.710774755,35.8,-0.323163598,30.9,1.076208891,100101101,5132431552,1523442653,7358865826,10110101,189.3
male,39.19178082,humanities,german,6,0,0.841993082,17.4,1.773448729,22.7,-9.982032341,19.5,1.22754397,18,0.082701046,16.4,-1.211269103,10001011001,1111111111,5245314226,2784537445,100101110,94
male,66.79178082,humanities,german,6,0,0.771756741,12.2,-0.956960541,18.4,1.806800135,23.7,1.330811424,9.3,1.524515389,15.7,0.89538463,101100110,3413252341,4312256631,7254917284,100010010,79.3
female,29.93424658,science,other,6,NA,0.588321834,7.8,1.336502127,14.4,1.568531255,11.7,0.915578984,6.5,1.063156904,6.2,1.094418221,11011001001,3254152325,5346645265,3585741978,101110100,46.6
male,54.93424658,science,german,7,1,0.213536737,11.2,1.336502127,18,1.925952587,22.3,0.512663069,17.5,2.054701956,14,1.208671295,110111011,3551243154,5336411264,4765812936,100110101,83
female,54.65205479,humanities,french,6,0,-4.415494561,27.3,-1.210243675,31.4,0.917510707,34.3,1.084560433,14.3,1.661633824,17,-0.392406654,0,3214524152,5561234614,9428756128,1010,124.3
female,28.88219178,science,german,6,0,-0.590539089,32.5,0.145914825,16.2,1.471985236,28.3,1.534665498,28.3,1.351346642,20.2,0.782674622,1.10101E+11,3425321451,3525166432,6425198337,1110010,125.5
male,46.3260274,science,german,6,0,-0.043087657,5.8,0.20659518,10.2,0.639641753,17.3,1.240363499,6.7,1.404979206,8.4,0.689698396,111010110,3421534215,5234612366,5472336891,110000101,48.4
male,32.61917808,science,spanish,6,0,-3.381537794,29,1.452177581,16.9,1.405877286,18.4,1.384035956,7.6,1.03405165,8.7,0.378920936,1010101010,5243215231,5142615421,5934758459,101101,80.6
male,27.79178082,science,spanish,7,0,1.030186475,5.8,0.35618483,6.2,1.257153515,13.9,0.807655947,10.3,1.737525752,10.1,1.037741304,10000110111,4352231412,2521436416,5476285963,100011101,46.3
male,41.83835616,science,german,6,0,0.345809681,6.5,0.35618483,21.4,-9.982032341,15.3,-2.159954032,8.2,1.769194124,5.7,-1.934159548,1110000001,3333333333,6636525222,8526324158,101010110,57.1
female,33.57534247,science,german,5,0,-0.715901094,15.9,1.336502127,17.9,1.463542079,20.1,1.347400584,21,1.217634496,20.2,0.929835638,1000101101,4312145352,1152636452,4548367492,100010111,95.1
male,58.81917808,science,german,6,5,-4.415494561,21.5,-0.596190895,68.4,-9.982032341,17.1,2.54581494,13.4,2.143107142,12.4,-2.060959143,0,4444444444,2536416325,5412369874,11100110,132.8
male,57.74246575,science,german,4,0,0.404517268,24.6,-0.956960541,19.6,1.366149358,23,1.93342333,25.4,1.008068895,31.5,0.751039662,1.1101E+11,4425512314,5136642513,7516436228,111100011,124.1
male,28.5369863,science,spanish,6,NA,-0.251212237,31.1,-3.040965737,18.5,1.278992033,19.3,1.835308474,30.4,-2.876778122,10.7,-0.610931118,1100110011,3245111324,1234564351,9787899878,0,110
female,21.72876712,other,german,4,0,1.701194572,102.2,1.821416993,101.8,1.476226748,62,0.635578899,67.4,1.308911126,36.5,1.388665668,1011101000,3255431521,5425332136,5384521496,1110011,369.9
male,31.17534247,humanities,german,6,0,1.532668597,9.9,-3.040965737,13.7,0.110453658,11.8,2.203671981,13.5,2.244683152,9.6,0.61010233,10111000111,2333421353,2516341532,5426813975,0,58.5
female,33.54794521,other,german,6,0,0.944802694,15.8,-0.265943141,19.1,0.486616856,25.8,-11.37692329,6.7,-15.15284495,9,-5.072858368,1101001101,4335122234,1111111111,5555555555,101001101,76.4
male,46.2630137,0,german,4,0,1.347181894,9.3,0.35618483,20.3,0.761390921,20.7,1.424597284,11.3,1.820832402,10.9,1.142037466,11000010011,3523425121,2166315241,4761389543,110001010,72.5
male,41.94246575,humanities,german,5,0,-0.5696493,5.3,1.466399166,6.3,-1.098614273,19.9,1.409975188,9.5,0.974394459,14.5,0.436501048,100101001,2435111211,5442163526,8568178326,110001110,55.5
female,29.06575342,science,german,6,0,0.866643444,12.7,-0.688451355,15.2,1.52819509,27.3,2.076011302,7.3,1.144163217,10.4,0.985312339,11100101000,5233145232,5314462153,5285417568,10100100,72.9
female,28.19726027,humanities,german,6,0,-0.590539089,8.6,1.821416993,3.9,1.019470232,12.4,1.22754397,10.4,2.143107142,8.8,1.12419985,10111010,3234154531,5234512664,8542631795,10011101,44.1
male,64.61369863,other,german,7,0,-1.283928445,9.5,-3.040965737,18.5,1.510648534,28.3,1.129024299,10.2,-0.311042281,14.1,-0.399252726,1.101E+11,3422455132,2561325413,5388532948,0,80.6
male,48.50684932,science,german,7,0,0.866643444,11,0.20659518,11.4,1.653019665,16.6,2.143295479,7.3,1.990685277,9.3,1.372047809,11101100100,5341123545,1524663214,7584325617,10011110,55.6
male,46.58082192,science,german,7,0,0.374697463,11.6,-0.956960541,13.6,0.644214521,17.2,1.386894363,9.2,0.440071332,6.5,0.377783428,11101001011,4432352442,2526154325,5264825642,101101110,58.1
male,18.70410959,science,german,4,0,0.74948256,7.1,1.821416993,11.1,-0.065512696,15.9,0.683107553,8.6,1.441796436,13.9,0.926058169,1101010001,4255312333,5623145552,2257463189,10011101,56.6
male,36.38630137,science,german,6,0,-0.693076878,7.6,-3.040965737,3.9,0.041378052,26.9,-7.929532631,14.9,-15.15284495,9.6,-5.35500843,1.11111E+11,1122334455,1111111611,1111111111,111111111,62.9
male,35.30136986,humanities,german,6,0,-1.279037779,19.2,-0.688451355,7.2,1.471985236,10.7,2.099670154,7.5,1.636261777,9.7,0.648085607,11010001010,2431234541,1524631524,5429723841,100011111,54.3
male,42.56986301,humanities,spanish,7,0,0.467207985,13.2,-0.596190895,12,0.931612187,34.3,1.012739169,27.2,1.627587136,16,0.688591117,111011001,2411453245,5235154635,6214586975,100010011,102.7
male,45.3369863,science,german,5,0,-0.294889675,8,-0.596190895,7,1.366149358,12.8,1.295531744,8.9,1.057377321,9.9,0.565595571,110001001,3412225431,5322664325,5268155743,1101110,46.6
female,50.55616438,humanities,german,6,0,-0.033703477,5,-0.09938208,21.1,0.846472625,9.6,-1.536619294,6.7,1.678303867,11.9,0.171014328,111011011,3421542333,6334111125,2391426385,101,54.3
male,55.70136986,science,german,6,0,0.331697441,19,0.20659518,22,1.471985236,36.3,1.547449743,34.3,2.007577919,23.8,1.113061104,1010001011,4452314512,4516226351,7361947823,1111010,135.4
male,61.24383562,0,german,3,0,1.060495216,21.5,0.20659518,20.5,1.239221438,28.3,0.129082006,15.5,0.525066925,15.7,0.632092153,1011101001,5342134533,2636255415,1456233575,101001100,101.5
male,38.51780822,other,german,4,0,-4.415494561,19.1,0.145914825,12.1,-2.8375009,15.4,1.675134118,16.3,1.190734332,7.1,-0.848242437,0,2454222224,2364136512,6487358714,10011100,70
male,38.27945205,science,german,6,0,1.482692438,6.1,0.20659518,6.1,1.493327665,8.8,1.395504934,5.6,2.113637588,10.7,1.338351561,11000101100,3411532435,4523321652,5683217596,100001101,37.3
male,54.43013699,science,german,4,1,-0.526397725,5.1,-0.688451355,19,0.244828538,24.2,0.917620703,7.4,0.970753841,9.8,0.1836708,1.00101E+11,4121354443,2526613422,8865247988,1110,65.5
male,32.69589041,science,german,6,0,-1.402771782,10.3,-0.596190895,6.9,2.069818343,9.1,1.358570767,6.3,1.737525752,8.3,0.633390437,10010101011,2431542321,1536514532,8536475126,100011001,40.9
male,46.41917808,science,german,5,0,-0.818235958,12.2,0.010229046,6,0.830598032,15.6,1.253302059,8.8,1.403374934,11.9,0.535853623,1.10001E+11,5232135434,1512465326,5622814753,11000111,54.5
female,51.08219178,other,german,6,0,-4.415494561,23.4,-3.040965737,2.9,1.385866827,34.3,0.907441893,18.2,0.766302353,14,-0.879369845,0,4145213345,6533641215,5851426541,111111111,92.8
female,66.66849315,humanities,german,6,0,-0.590539089,19.6,-0.729549989,32.9,1.476226748,28.5,0.934063052,14.4,2.143107142,12.3,0.646661573,1010100110,4253124512,6246513465,8296431785,100101001,107.7
female,47.75068493,other,german,4,0,-0.301972727,17.2,1.336502127,16.8,1.748355186,16.1,1.25851131,11.3,1.990685277,11.2,1.206416235,1.0111E+11,3425221453,3523614524,8325749158,110101000,72.6
male,35.60821918,science,german,6,0,1.532668597,7.5,0.089538752,18.1,1.712441616,9.9,0.97178342,8.7,1.156870954,7.5,1.092660668,1011011100,2435121435,5213256213,8543994758,1111101,51.7
male,53.50136986,science,german,6,0,0.055338621,9.1,-0.694560743,9.1,0.229592534,14.3,0.441187251,9.4,0.974394459,9.9,0.201190424,1001011000,1521153145,1512614561,4524814762,101111101,51.8
female,33.02191781,science,german,6,0,-1.674032116,6.8,-3.040965737,10.2,-0.241443754,13.5,0.252758119,11,0.452591648,10.6,-0.850218368,110110110,3444553112,2256521452,5684269624,0,52.1
male,39.02739726,science,german,6,0,1.060495216,15,1.773448729,26.2,-9.982032341,12.7,0.809545402,17.5,0.762589865,22,-1.115190626,1011101001,5555555555,3554326213,8598226458,101110000,93.4
male,30.21917808,other,german,4,0,0.517184144,8.3,-0.956960541,4.3,1.319972981,12.2,0.792631834,8,-3.284161685,9.8,-0.322266653,1101110100,2345312343,5366144232,5685574444,110101101,42.6
male,28.10136986,science,german,4,0,0.290609175,18.2,-0.596190895,8.7,2.056679907,17.3,0.04576398,8.8,1.181214627,8.6,0.595615359,1001101000,3142353241,1542653265,5186452539,11001110,61.6
male,27.16712329,science,german,6,0,0.108783204,9.7,1.773448729,15.3,-0.02432664,13.8,1.777319263,3.7,1.678303867,7,1.062705684,11100111111,4254421343,1225635214,5218653297,10001111,49.5
male,52.02191781,science,german,6,0,0.685710118,5.6,1.036960055,5.5,-9.982032341,5.8,0.774076661,6.8,1.398039351,11.6,-1.217449231,1001100101,2222222222,1424556322,8624175658,1010101,35.3
female,50.33972603,humanities,german,6,0,-1.616294023,12.5,-0.956960541,30.9,-0.426300899,12.2,0.645628027,9.5,1.316092747,12.6,-0.207566938,1.0001E+11,3432114112,2114531556,5324874198,10010100,77.7
female,19.79178082,0,german,3,0,0.331697441,15.2,1.336502127,25.3,1.61953036,19.8,1.490822283,16.4,1.661633824,13.1,1.288037207,1011101011,4352231415,5365243152,6258143958,110101000,89.8
male,55.85205479,science,german,6,0,-1.046038579,9.4,1.773448729,13.7,-4.266566497,24.8,-0.162938353,9.9,1.299012482,9.4,-0.480616444,11011011,5341555555,6233533414,6481354567,110101,67.2
male,47.34246575,humanities,german,6,0,-1.172615508,10.3,0.145914825,6.8,-0.26380067,12.6,-0.121880681,8.3,1.712356161,5.3,0.059994825,1.01011E+11,3433251121,5362555153,3971568935,11100101,43.3
male,45.56164384,humanities,german,7,0,-0.79783041,13.6,0.20659518,5.4,0.639641753,15.4,0.865484699,10.8,1.837373764,13.1,0.550252997,1.1011E+11,3451234512,3215462146,8614735429,100001101,58.3
male,48.60821918,science,german,6,0,1.00084008,9.9,-0.490516869,7.3,0.277570908,19.6,0.243910642,7.9,1.01855551,13.1,0.410072054,1001111101,3341354553,5526253442,5435765248,11001101,57.8
male,31.79178082,humanities,german,6,0,1.060495216,11.2,0.35618483,16.9,1.72260528,11.6,1.487742783,17.4,2.021266031,8,1.329658828,1011101001,3125431425,4153462241,5176249758,10001110,65.1
female,29.72054795,science,german,7,0,0.727732527,11,0.723053306,31,-5.731632552,33.4,-0.218278767,12,-0.033301597,8.5,-0.906485417,10011110,5555545555,6635545521,8854427511,111100000,95.9
male,48.03287671,science,german,6,0,-0.181564207,8.9,0.35618483,5.3,-2.797204387,14.7,1.110129461,9,0.949287546,9.9,-0.112633351,1101011,3345233333,1532462256,4526845369,11010101,47.8
male,25.8739726,science,german,6,NA,-0.79783041,53.4,-3.040965737,20.7,1.133074901,22.5,1.2689886,22.6,1.480073293,19.5,0.008668129,1.1011E+11,3431521425,5245631521,3576514298,0,138.7
male,54.70958904,other,german,4,0,-1.046038579,14.4,0.20659518,13.4,-9.982032341,16.3,1.0868656,14.4,1.484150701,15.1,-1.650091888,110011001,2222222222,4255146351,8961744258,110000101,73.6
male,49.19726027,science,german,6,0,-0.585360735,13.3,0.35618483,9.5,1.515013786,18.2,1.739958501,14.5,2.143107142,13.7,1.033780705,11001110010,3124512345,1254326452,8574123695,100101010,69.2
male,41.63013699,0,german,3,1,-0.123515212,39.3,-0.956960541,26.8,2.110020704,25.2,1.685730922,26.1,1.564181904,14.9,0.855891555,1011010010,3114523415,3514236411,6248741653,11100111,132.3
male,26.01917808,0,german,3,0,1.390181916,8.2,-0.678035429,21.3,-9.982032341,15.7,-0.064511735,10.5,-1.327616462,12.5,-2.13240281,11111011000,1111111111,2444531662,5234255534,1000110,68.2
female,27.36164384,other,german,6,0,1.532668597,16.8,-0.252960072,13,1.908271645,16.4,-2.987175395,12.7,-4.081033695,14.1,-0.776045784,1011100001,2413521345,1111543666,5555111463,10100010,73
male,49.42739726,science,german,4,0,0.045010762,8.2,1.821416993,12.1,1.999093406,18.8,1.728942847,7,0.748353186,8.4,1.268563439,11010010011,1345214325,5436125415,5479425658,110001100,54.5
male,34.1369863,humanities,german,6,1,1.22902119,14.6,1.336502127,10.3,0.986586313,26.5,1.245524516,13.4,0.668568593,13.9,1.093240548,1011110010,1324315414,1522163456,6279896454,101110100,78.7
male,26.03835616,other,german,6,0,1.19276816,16,0.20659518,21.4,-8.169085689,21,2.229621948,15.7,2.007577919,16.1,-0.506504496,1101011001,4244444444,3245621435,4251793641,10011110,90.2
female,43.20547945,science,german,7,0,1.060495216,12.7,0.35618483,29.6,1.648184187,25.3,1.253302059,16.3,0.337217945,12.2,0.931076847,11010001011,3525142531,6133243152,5328497284,1110101,96.1
male,24.8739726,science,german,6,0,1.091831565,9.8,-0.956960541,13.3,-0.050556995,25.1,1.032567577,13,1.042281458,12.5,0.431832613,11110100110,4421355544,5536252431,6394682918,101101011,73.7
male,26.35342466,humanities,german,5,0,1.060495216,9.5,-3.040965737,2.9,0.920319215,16.9,0.605859156,11.1,1.081819798,11,0.12550553,1011101001,4223454121,2254236612,5267451189,111111111,51.4
male,55.14794521,science,german,6,0,0.451132209,14.3,1.821416993,14.3,-9.982032341,20.2,0.255296322,23.8,0.589538798,18.9,-1.372929604,101110111,4444444444,2236141544,5228167995,1100011,91.5
male,41.64383562,science,german,7,0,2.716679025,10.4,1.773448729,8.3,1.753564782,12.5,0.147770943,8.5,1.636261777,13.5,1.605545051,1011100011,2544123145,6241553655,1543649857,1101011,53.2
male,34.68767123,humanities,other,6,0,-1.256703796,9.9,1.773448729,13.1,0.288078211,15.9,1.114829206,14.1,1.636261777,9,0.711182825,1000110111,3124533344,2254613365,1536234758,1101011,62
male,33.50136986,science,german,6,0,-0.014644373,9.2,-0.490516869,10,0.583754934,19.2,0.845940579,15.6,0.775889883,11.7,0.340084831,10111111011,1412131544,5233514226,8654936869,101001011,65.7
male,55.05753425,other,german,4,0,1.306093628,17.9,1.773448729,11.8,-0.436604538,30.3,0.114079668,19.5,1.877701333,16.8,0.926943764,11100101100,1234555523,4362553153,6275891563,100010110,96.3
male,36.13424658,science,german,6,0,0.225944088,7.6,1.821416993,5.7,0.263687496,13.2,1.596463222,10.4,1.298762704,12,1.041254901,1.00111E+11,4454341425,5334162653,5423568751,101100010,48.9
male,53.43835616,humanities,german,6,0,0.588321834,65.8,0.35618483,59.5,1.377945163,29.3,0.790765159,26.4,1.10478109,17.3,0.843599615,110100101,1322451425,2535462612,1586529543,10100011,198.3
male,21.55890411,science,german,4,4,1.764967014,6.5,1.821416993,5.3,0.18489226,8.2,0.299168538,5,0.584180264,5.8,0.930925014,1011001011,2413245324,5244136536,8524579885,11110001,30.8
male,39.58082192,science,german,4,0,0.727732527,21.1,-0.490516869,29.1,1.455151528,24.8,1.119544855,16.7,1.707305978,15,0.903843604,11010010001,2352134254,3613264311,5342759148,100110010,106.7
male,37.02465753,science,german,6,0,-0.369969093,30.3,0.145914825,13.8,0.886997621,16.9,1.063983757,14.3,0.723018472,13.1,0.489989116,1.11001E+11,2221531423,2536415645,5388746933,110001101,88.4
male,33.49041096,science,german,6,0,1.58550205,12.9,0.20659518,17.4,1.129786306,10.4,1.895816081,5.7,-0.0288629,10,0.957767343,110100011,3423153251,2541326245,4528551952,1100101,56.4
male,34.09863014,0,german,0,0,-1.324486369,28,1.269405268,15.3,0.054616948,22.4,1.481604126,33.9,0.148820492,15.9,0.325992093,10101100110,1324353444,1126534623,5178886245,11110011,115.5
male,47.46575342,other,german,6,0,-0.197501391,13.3,0.089538752,31.7,1.078232487,16.1,0.391287747,28.5,0.051285152,23.6,0.28256855,1001000110,4254115223,2265326612,5434757853,101100,113.2
male,28.88493151,science,german,6,0,-2.052010079,15.5,0.145914825,11.2,1.071924845,18.8,1.788725653,17.4,0.7920024,17.8,0.349311529,11000000,5334231225,5236142561,5268945422,11100101,80.7
male,47.52054795,science,german,7,NA,0.467207985,8.9,1.773448729,20.6,1.697338515,23.8,1.478544909,20.9,1.911666054,11,1.465641238,1101100010,3412543123,1525432561,8654937584,110101100,85.2
male,43.60273973,science,german,6,0,0.500223415,11.9,1.336502127,6.2,1.370069824,9.9,1.290182513,7.9,0.368647986,11,0.973125173,1.10011E+11,5234315232,3435114623,1252657286,100110101,46.9
female,41.71232877,other,german,6,0,0.331697441,7.6,-0.596190895,22.4,0.596957775,17.7,0.984587243,15,1.065732558,20.7,0.476556824,1001110110,2455344531,5326445526,4665914258,1010110,83.4
male,37.33424658,humanities,german,6,0,0.201293726,13.4,-0.688451355,5,1.856580389,11.4,-0.439399092,12.3,1.999894425,8.5,0.585983619,11010100010,4235132452,1153114266,5617829643,100011111,50.6
male,45.8630137,science,german,7,0,1.1578835,5.4,0.446237926,12.7,-0.998959492,12.4,-0.255749567,6.3,0.078044174,7.7,0.085491308,10001111000,3432333123,1544455632,5412361239,110110010,44.5
male,50.15616438,other,german,6,0,-0.818235958,36.2,1.821416993,34.4,-9.982032341,24,0.442639542,45.5,0.047611156,16.6,-1.697720122,1.10001E+11,1111111111,3335451236,8856255879,110011100,156.7
male,37.07671233,science,german,4,0,0.238520252,13.2,0.781777371,7.4,0.253368066,23.7,1.253302059,5.8,-0.857543171,7.4,0.333884915,1000110110,4412243454,5261542313,5452575899,111011010,57.5
male,23.70410959,science,german,5,0,0.331697441,13.4,1.773448729,15.4,0.45440775,14.7,1.503208791,16.6,1.893948021,11.7,1.191342146,1010001011,4253412341,1623314263,4518625973,100010110,71.8
male,45.01643836,science,german,7,0,0.345809681,20.5,1.218460494,14.9,0.023926244,21,0.53732695,25.6,1.494178943,25,0.723940462,1.11011E+11,4225254341,2423255413,6275614925,11001011,107
male,32.16986301,science,german,6,0,-0.336596018,7.3,-0.596190895,7,1.732846234,14.1,1.589827624,13.8,1.902781659,9,0.858533721,11101001000,4253142355,4225163462,7296345786,1101110,51.2
male,40.29863014,science,german,6,0,-1.256703796,14.7,-0.956960541,5.4,0.639641753,20.1,0.312339458,14.8,0.298677221,9.6,-0.192601181,1000110111,3451234512,2653552433,5526851744,11100111,64.6
female,33.14246575,humanities,german,6,0,-0.688443616,23.1,0.20659518,19.5,-9.982032341,22.1,1.375495748,12.3,1.678303867,6.5,-1.482016233,10010001101,4444444444,3256412246,1658743257,101000110,83.5
male,48.56986301,humanities,german,5,0,0.665394272,12.4,1.821416993,18,1.515013786,12.5,1.454309986,24.3,1.406049646,11.3,1.372436937,110101110,3251355432,2533614153,5621759821,10011101,78.5
male,47.5260274,science,german,4,0,1.701194572,5.7,1.821416993,4,0.724425771,11.7,1.279545263,7.2,0.767364703,17.6,1.258789461,111101001,3345123125,5143531654,4519528912,101011010,46.2
male,35.16986301,science,german,6,0,0.435331247,20.2,-0.596190895,4.8,1.610112986,16.6,1.059452133,8.3,0.192284751,8.7,0.540198045,11000101,3245123245,1254665334,5558964175,11001110,58.6
male,NA,0,german,3,1,-4.415494561,14.3,-0.252960072,10.3,0.066495121,20.9,1.012739169,14.2,1.183415201,11.4,-0.481161029,0,1123354111,4266113242,4793542182,10001010,71.1
male,24.3890411,other,german,4,2,0.665394272,5.1,0.145914825,5.1,1.413965472,8,1.174953844,5.8,1.641240652,5.3,1.008293813,1011001101,4312544332,2264135221,4576285639,10011100,29.3
male,47.19178082,0,german,3,0,-4.415494561,21.4,0.20659518,9.2,-9.982032341,11.3,-0.006785667,18.5,1.925838252,10.9,-2.454375827,0,2222222222,1641364162,5987365214,11000101,71.3
male,23.84383562,0,german,4,1,-3.531128974,7.9,0.068744507,7.8,0.639641753,14.9,2.099670154,5.4,1.189337538,9.6,0.093252996,10101010101,1234512345,1234561234,1452685415,10101010,45.6
male,19.79452055,0,german,3,3,-2.208056913,28.4,-0.596190895,7.5,0.28632129,14,0.12098376,10.3,1.381351602,8.6,-0.203118231,11,4521445221,4635464356,8652478659,110101001,68.8
male,30.0109589,science,german,4,3,-2.851891884,13.8,0.068744507,5.8,-6.548177343,9,0.086800371,8.9,2.113637588,7.1,-1.426177352,10101010000,2525252521,1245123623,5143269754,10101010,44.6
male,34.31232877,humanities,german,6,0,-2.429624051,20.6,1.218460494,16.5,-9.982032341,18.3,0.705737842,25.4,0.797410768,18.1,-1.938009458,1.001E+11,5555555555,6155623613,4468356254,111010000,98.9
male,36.87671233,science,german,7,0,-0.251212237,16.1,0.35618483,11.8,1.758794611,19.2,0.04576398,16.3,1.887173035,12.9,0.759340844,1011110100,3155221345,1542635263,8456324795,10100011,76.3
male,32.02191781,science,german,6,0,-0.273308918,12.1,0.35618483,5.2,1.727716022,23.4,2.062006431,10.6,1.295020868,7.2,1.033523847,11011101000,4234512453,3352146532,4572195375,101010011,58.5
male,40.29863014,other,german,6,0,1.347181894,7.8,1.336502127,7.2,2.096486127,18.1,1.460329317,10.1,1.943169702,9.2,1.636733833,11000011110,2315425321,5241365134,5628341586,11101000,52.4
male,36.03561644,science,german,4,0,-1.417663558,27.8,-0.490516869,10.2,1.563989331,17.6,2.355640486,14.6,2.073961189,10.6,0.817082116,1.111E+11,3452314415,5421635142,8347952143,111100001,80.8
male,34.75068493,science,german,6,0,0.290609175,24.8,0.089538752,11.1,1.366149358,18.9,2.148228131,26.3,1.820832402,13.3,1.143071564,10101110011,4352411332,3512264153,6745869237,1101000,94.4
male,23.38356164,science,german,6,0,0.317797423,8.6,-0.678035429,3.5,-7.823521473,11.8,1.355769816,7.3,1.359247918,9.7,-1.093748349,11000100101,2433333333,3516324335,5345816957,110011011,40.9
male,28.52328767,0,german,3,0,0.201293726,28.9,-3.040965737,15.7,1.717513859,19.6,2.240138775,13.6,1.204772109,12.7,0.464550547,100010110,2351134152,6245132641,7844693874,0,90.5
female,31.51780822,other,german,6,1,-0.61600444,12.2,0.145914825,8.6,1.955946679,15.6,1.976435169,7.8,1.442481497,7.2,0.980954746,1000110101,5235412435,3615324631,8649837518,11100101,51.4
female,31.9890411,science,german,5,2,-0.258636645,27.7,-3.040965737,9.5,0.330946946,18.5,0.956992818,12,0.791102842,8.4,-0.244111955,10111011011,4352434212,6154654321,5696328755,0,76.1
male,23.24109589,0,german,3,0,-4.415494561,9.9,-3.040965737,5.9,0.444498367,18.8,2.099670154,6.2,2.171391676,6.2,-0.54818002,0,2454513251,5346215346,5471892354,0,47
male,35.02465753,science,german,4,0,0.213536737,16.5,-0.688451355,9.8,1.282666466,16.3,1.240363499,10.7,1.70584288,12.2,0.750791645,1000100111,3224351233,1152434526,4925165742,101011011,65.5
male,28.97260274,science,german,4,1,1.907453695,7.1,0.20659518,4.3,0.307557143,14.4,1.754782821,6.2,1.659266992,6.7,1.167131166,1111010110,2312442522,2564412354,7452632895,110000101,38.7
male,29.01917808,other,german,6,0,-0.590539089,14.9,0.35618483,16.1,0.590340175,14.2,1.386894363,12.7,1.916127467,9.4,0.731801549,1.10101E+11,4345212411,3516642123,6483926584,101010011,67.3
male,44.63013699,science,german,6,0,-0.336596018,28.3,-1.556328377,44.6,1.090937101,30,-1.206585824,24.1,1.109083128,14.7,-0.179897998,11101001000,3413125345,4546664456,4582674586,10010,141.7
male,26.9890411,0,other,3,0,1.306093628,9.2,0.189437849,11.3,1.943868759,24.1,0.853725364,11,0.776067992,14.7,1.013838718,11100101100,2415344125,2543511626,1367799258,110011101,70.3
male,32.67671233,science,german,4,0,0.665394272,19.7,-0.688451355,10.3,0.617007958,14,0.126763415,15.5,0.673227983,9.7,0.278788455,110110010,5244131355,1413655521,7645881223,11011101,69.2
male,47.34246575,0,german,2,1,-4.415494561,13.3,-0.688451355,6.6,1.582249666,15,0.178685433,7.3,2.143107142,7.4,-0.239980735,0,2423512134,5236241666,5863214978,110001000,49.6
male,41.77808219,0,german,3,0,-0.693076878,7.2,-3.040965737,5.2,-2.193116338,20.2,2.420191826,7.8,-15.15284495,6.2,-3.731962416,1.11111E+11,3421533333,5326415236,5555555555,0,46.6
male,33.75342466,other,german,6,0,0.331697441,19.3,1.773448729,17.3,1.64336601,15.8,-2.318082904,10.9,1.943548639,10.7,0.674795583,11011001011,5312235142,6554645464,4651986742,101011000,74
male,32.41917808,humanities,german,6,0,-1.264208577,9.6,1.543792939,3.7,0.756403215,16.5,2.332889402,7.5,1.778022105,9.7,1.029379817,1.0101E+11,3453245512,2534661235,5719356478,1101001,47
male,31.43013699,humanities,german,6,2,0.331697441,15.4,1.821416993,17.4,0.876071159,18.6,1.194754859,21.7,1.395910262,11.3,1.123970143,1001110110,4132534342,2566412335,5864537158,10001101,84.4
male,30.57260274,other,german,4,1,-0.693076878,23.4,0.010229046,12.8,0.562033833,28.8,1.60313057,19.9,2.244683152,13.4,0.745399945,1.11111E+11,5435254321,6531243264,8623974158,111000110,98.3
male,21.14246575,science,german,4,NA,1.030186475,12,0.35618483,10.7,-9.982032341,13.3,-0.111180313,15,1.111736497,11.2,-1.51902097,100111101,4444444444,1334523636,8562398856,1101010,62.2
female,37.91780822,science,german,6,0,1.347181894,11,-1.932211616,5.6,1.758794611,16.2,0.999675265,8.3,0.391535394,12.6,0.512995109,1101111001,4532415123,5315426564,5685139717,11111111,53.7
male,23.85479452,other,german,4,0,0.331697441,17.6,0.32143388,31.6,1.081397422,11,0.568783657,10,0.52992029,13.6,0.566646538,1010001011,2335424313,4235256165,5628458354,101000101,83.8
male,21.5369863,science,german,6,4,-0.693076878,24.5,0.35618483,19.1,-9.982032341,22.5,0.179888258,14.9,-0.072686701,7.2,-2.042344566,1.11111E+11,5555555555,5561231214,7659811132,110001010,88.2
female,41.90684932,other,german,4,1,-4.415494561,15.5,1.773448729,14.7,1.430289055,19.3,0.794501014,10.1,1.069173451,7.8,0.130383537,0,2413425113,4252413632,7542654897,11101001,67.4
male,21.21917808,science,german,4,0,1.030186475,11.7,1.821416993,14.3,1.839781679,15.5,1.883502543,17.8,1.335280554,10.1,1.582033649,11101001101,2435134522,6244153216,5987412236,101001010,69.4
male,34.82739726,humanities,german,6,2,-0.079699721,32.2,0.781777371,17.3,1.519393234,24,1.692840493,30,1.27743135,16.2,1.038348545,1011011101,3235113425,3526315643,2751592637,111011010,119.7
male,23.91506849,other,german,4,0,-4.415494561,21.2,-3.040965737,7.2,1.727716022,17.4,1.762254544,6.4,1.255904337,11.9,-0.542117079,0,3452354123,4261254321,5486214872,0,64.1
male,22.98356164,0,german,2,0,-1.305621759,5.8,0.20659518,3.9,-2.445590202,12.5,-5.125662146,3.8,1.441248606,7.8,-1.445806064,101101010,2414444423,5555554236,5624589217,11000101,33.8
male,25.92328767,0,german,2,0,-0.693076878,6.9,-0.179909136,4.2,1.257153515,10.6,-1.161368588,5.6,2.244683152,8.5,0.293496413,1.11111E+11,3453214554,2665656345,5862397415,110100001,35.8
male,41.53424658,humanities,german,4,1,-0.088630552,9.6,1.226951829,12.9,-4.270502937,17.9,0.97178342,11.1,1.423278243,11.6,-0.147423999,11110100101,3124555555,3261235261,4274165389,11101011,63.1
male,25.92328767,humanities,german,4,0,0.685710118,11.6,-0.688451355,16.9,1.712441616,11.3,1.129024299,31.9,0.754664422,20.9,0.71867782,11100011011,1214453241,4124335246,2518224961,1001010,92.6
male,31.05479452,humanities,german,6,0,0.177283707,14.3,1.336502127,14.1,1.925952587,19.2,0.676217685,11.8,0.930868973,11.5,1.009365016,1001010011,2143523413,4151365236,7718547925,11001010,70.9
male,40.03561644,other,german,4,0,-0.79783041,15.2,0.35618483,11.5,0.937294386,15.5,0.401125721,12,1.019389181,7.9,0.383232742,1.1011E+11,1533241322,5211355265,6758521327,10001110,62.1
male,36.07123288,0,german,4,0,-0.258636645,16.1,-0.179909136,13.9,0.157490304,18.8,1.172498385,12.3,-0.58529581,7.5,0.06122942,10010111010,2331154354,5323614216,5668432329,110011001,68.6
male,38.13150685,humanities,german,6,0,-1.438529766,13.2,1.466399166,17.6,1.249952006,12.3,1.560352362,9.3,1.593367193,10.5,0.886308192,1.01101E+11,3154342533,5136244213,9241523791,10010101,62.9
male,30.40547945,science,german,6,0,-0.251212237,7.4,0.20659518,10.6,1.418027856,14,1.05043286,9,0.908198563,6.7,0.666408444,1011011000,3122425321,4366124341,7742515639,101000011,47.7
male,38.17260274,humanities,german,6,1,-0.014644373,12.7,1.821416993,10.3,1.257153515,17.7,1.401275016,13.4,1.50241957,10.5,1.193524144,1001101100,2154253125,4125323664,5423267854,11110001,64.6
male,40.49589041,science,german,6,1,-0.492576862,25.5,1.036960055,11.7,0.58156699,32.1,-0.281046484,20.2,1.198673419,11.8,0.408715423,10000100010,3455312244,3346452464,5617364179,11101010,101.3
male,23.01643836,humanities,german,5,0,-1.264208577,14.9,0.068744507,8.5,0.639641753,13.5,2.153178307,12.2,1.302889209,11.3,0.58004904,1.0101E+11,5432154321,6145321436,9517534285,10101010,60.4
male,37.69863014,humanities,german,4,0,0.74948256,11.8,-1.474774505,5.3,-7.823521473,10.9,0.779617316,11.5,-0.814403212,12.6,-1.716719863,11001111,3422222222,5422165563,5229977441,110101111,52.1
male,32.38630137,humanities,german,4,0,0.517184144,11,0.20659518,17.2,1.908271645,15.4,-0.07857719,8.3,1.147103933,11,0.740115542,1011101100,3245134521,1536614442,5621853396,101000110,62.9
male,31.75068493,science,german,4,1,1.907453695,14.6,0.35618483,32.3,1.149639428,23.4,0.627259633,15.3,0.621924699,14.5,0.932492457,1011100101,3442551213,5523216442,5641195866,10101100,100.1
male,19.33424658,science,german,6,3,-0.818235958,42.1,-0.688451355,19.2,-9.982032341,27.4,0.46313216,42.4,-5.814423282,15.7,-3.368002155,1.10001E+11,4444444444,2236425232,5632632632,110110101,146.8
male,31.45205479,0,german,4,0,-1.256703796,15.9,-0.596190895,26.1,0.55344255,33.1,1.084560433,10.6,0.791282712,12.9,0.115278201,100111011,2541125441,5362241125,6728553643,11001110,98.6
female,45.94246575,humanities,german,7,1,-0.251212237,16.6,0.20659518,8,-2.193116338,17.6,0.883311888,9.8,0.445239862,12.1,-0.181836329,1.11101E+11,2222245312,2433624163,6252639651,11110010,64.1
male,42.98630137,0,german,3,2,-0.114916696,18.8,1.821416993,7.4,-1.024407194,27.6,1.920774472,10.7,1.778022105,6.4,0.876177936,10110100010,5532145555,5243615346,8247586921,101001010,70.9
male,19.95890411,science,german,4,0,0.213536737,13.2,0.35618483,15.1,1.156322713,32.3,0.952795607,20.5,1.509272769,8.5,0.837622531,10001011011,4251525431,5242315443,7534815369,101110001,89.6
male,47.60547945,science,german,4,1,0.251269885,15,0.35618483,13,-4.270502937,27.8,0.737691488,9.8,0.876513959,11.1,-0.409768555,11001010110,1111112435,2154366651,8454657321,101010110,76.7
male,33.15616438,other,german,5,0,-1.438529766,22.6,-0.596190895,11.8,1.697338515,16.1,0.735896932,15.5,1.6759114,10.8,0.414885237,1.01101E+11,3534124351,4132543234,5176824578,11001110,76.8
male,34.93972603,science,german,4,0,-1.402771782,14.5,-0.596190895,20.3,0.702724117,20,1.847201629,23.3,1.388349119,12.1,0.387862438,1010101101,2435241344,1532346451,4265837441,1110100,90.2
male,41.68767123,science,german,6,0,0.213536737,21.8,-0.596190895,10.9,1.610112986,15.3,1.395504934,10.3,1.447560402,8.3,0.814104833,1001011101,3421542453,1533446513,5521634951,11001110,66.6
male,36.61369863,science,german,6,0,-1.527003245,12.1,0.35618483,7.8,-0.696257807,14.7,1.314417436,13,1.441796436,8.6,0.17782753,1.01001E+11,2311444452,3164233165,5591372648,100011101,56.2
male,35.9890411,humanities,german,6,4,0.404517268,23.3,1.336502127,16.2,0.909120156,21.8,1.155430261,17.6,1.454312297,9.3,1.051976422,1.1101E+11,4541335442,4356133455,8766392458,101110100,88.2
female,31.02191781,humanities,german,6,0,-1.083140568,6.7,1.821416993,9.5,1.974269126,16.8,1.718013592,6.3,1.447010526,8.9,1.175513934,10100101101,2531423152,5321643241,5196573246,1110011,48.2
female,35.6630137,other,german,4,0,-3.495939066,20.3,0.781777371,18.4,-0.363850366,40,0.171490204,11.8,0.568526652,12.7,-0.467599041,1E+11,4331522232,2522143361,5416625877,1111011,103.2
female,29.85479452,science,german,6,0,-4.415494561,11.2,0.068744507,6.7,0.796831889,12.6,1.815709375,9.2,2.244683152,6.5,0.102094873,0,2345123453,1235246125,7589632417,10101010,46.2
male,36.84657534,science,german,7,0,0.64551536,6.7,-3.040965737,6.1,1.790607406,8.7,1.222449,6.7,0.017547437,9,0.127030693,11111101,3524145324,5324155433,8565411332,0,37.2
male,43.32876712,science,german,4,1,-0.301972727,32.7,1.036960055,11.1,0.95737304,33.9,1.487742783,13.8,0.680913307,11,0.772203292,1.0111E+11,4154345324,5332166435,5245368841,100010101,102.5
male,32.54246575,humanities,german,6,0,-0.772733834,8.2,-0.596190895,22.8,1.225045738,15.7,1.165157861,12.3,1.524515389,9.8,0.509158852,11001010010,5245135231,5365121452,5832465812,1110100,68.8
male,27.42191781,science,german,6,0,-0.526397725,21.3,-0.596190895,13.4,1.278992033,10.7,1.469407349,5.3,0.081109317,7.7,0.341384016,1.00101E+11,4254132243,4235166521,2698555421,110001011,58.4
male,32.92876712,humanities,german,6,0,-0.664922403,22.1,0.35618483,10.2,1.568531255,28,-0.393115691,35.8,0.776602441,8.7,0.328656086,10010001010,1542345154,4214165416,9537343168,101010110,104.8
male,30.29863014,other,german,6,0,0.817983063,13.2,-0.956960541,6.6,0.688448234,10.8,1.541042959,7.3,1.298762704,7.2,0.677855284,11100010011,4523331454,5321456334,8523654795,110001111,45.1
male,39.02739726,science,german,7,0,0.500223415,4.9,-3.040965737,16.7,0.671982084,14.1,0.526482748,10,1.371503257,11.4,0.005845153,1001110011,2411512355,2445321125,4538962361,0,57.1
male,33.23561644,science,german,6,0,0.251269885,12.2,0.35618483,10.7,-0.339801886,20.9,0.991033544,11.4,0.741022489,12.6,0.399941772,11110010001,2143211515,5426156144,4754265836,101110001,67.8
male,27.76986301,science,german,6,0,-0.301972727,15.5,-1.556328377,12.2,0.812311129,20,1.114829206,9.9,1.085840693,9.8,0.230935985,1.0111E+11,2533143342,4155463612,2369564174,11000,67.4
male,30.60547945,other,german,4,0,-0.590539089,31.5,-0.596190895,14,0.39983152,26.6,0.942357559,20.1,-0.54867965,11.4,-0.078644111,1.10101E+11,4334143245,4462356131,6768498466,11100110,103.6
male,24.49041096,0,german,3,0,-3.531128974,12.9,-0.252960072,8.3,-0.464036897,19.7,1.796382117,14.2,2.072312735,13.7,-0.075886218,10101010101,3223334154,1563421562,5426398741,10101000,68.8
male,34.49041096,science,german,6,1,0.404517268,7.6,1.821416993,20.1,0.971900463,15.7,0.792631834,12.3,-0.728178067,13,0.652457698,1.1101E+11,5342255145,4542263351,6521566698,10001101,68.7
male,33.41917808,humanities,german,4,0,0.331697441,11.5,-0.596190895,12.2,0.761390921,17.3,1.576650477,12.4,0.654180148,8.4,0.545545618,1010001011,4245352131,4213165224,9625684698,100010011,61.8
male,33.69863014,science,german,4,0,0.225944088,12.4,0.20659518,30.1,-0.034049997,17.8,0.824753989,12.4,1.141002534,9.9,0.472849159,1.00111E+11,3555342341,5166352443,5676245187,10011110,82.6
male,43.34794521,science,french,7,0,-1.482841831,15.4,-3.040965737,9.1,0.180015927,19.2,1.788725653,8.7,0.26734198,11.2,-0.457544801,1.00001E+11,4352351444,6256341523,9584775586,0,63.6
male,32.28767123,humanities,german,4,0,0.034797025,13.1,1.821416993,5.6,1.446812932,17.1,1.773537787,8.5,2.06594152,8.4,1.428501251,10110111010,4121523143,1524663154,7542169354,101011010,52.7
male,33.02191781,humanities,german,6,0,1.060495216,14.1,-3.040965737,8.8,1.856580389,23.5,0.147770943,16.2,1.105111592,11.7,0.22579848,1011101001,4325214253,1314462566,4827556287,0,74.3
female,35.12876712,other,german,4,0,-1.324486369,32,0.35618483,15.4,1.046985631,19.7,0.523399842,23.9,1.450037265,8.6,0.41042424,10110101101,5543253452,5334664124,5643758965,110001010,99.6
male,39.50410959,science,german,4,0,-0.123515212,14.8,-3.040965737,14.1,1.9318982,30.5,1.303594291,17.4,0.727154677,19.9,0.159633244,1110000010,5423511324,5226451634,6922319751,111111111,96.7
male,43.76712329,science,german,6,0,-0.033703477,15.6,-0.688451355,21.4,-0.442749092,37,-0.977395601,29.6,0.348253987,11.1,-0.358809108,11101000010,4453145333,1641232324,2564752855,11011101,114.7
male,34.5260274,other,german,4,2,-0.420979762,25.1,-3.040965737,9.5,0.744014176,35.7,0.144247621,33.8,0.603176211,23.7,-0.394101498,1.1111E+11,4453425324,4234545663,5758453268,111111111,127.8
male,48.88219178,0,german,3,0,0.360140724,9.8,0.145914825,20.3,1.992844304,12.9,1.55711549,10.7,1.578331577,10.3,1.126869384,11100001111,2453122435,4211563624,5142962548,101100011,64
male,34.5260274,humanities,german,6,0,-1.000782432,3.6,-0.09938208,6.3,-8.169085689,8.1,-11.37692329,4,-15.15284495,5.4,-7.15980369,1000100,1211111111,6666666666,9999999999,11111011,27.4
male,26.69589041,science,german,4,0,1.764967014,6.7,1.821416993,10,-0.167049628,17.5,0.938204134,10.9,1.841803015,11.1,1.239868306,1011001011,1332342542,5415365312,8231754913,1110011,56.2
male,41.90136986,humanities,german,6,NA,0.972396797,20.5,1.821416993,12.3,1.358342501,20.2,0.190760664,18.5,-0.934550062,17.9,0.681673379,110101111,4312542344,1554513325,5958768111,10001101,89.4
male,40.51232877,0,german,0,0,0.165508595,16.3,1.821416993,28.2,0.980692741,18,1.439374442,10.3,1.085840693,11.1,1.098566693,1.1001E+11,4241524325,2213624153,5345619628,10011101,83.9
male,39.19178082,other,german,6,4,-0.258636645,30.4,-3.040965737,4.5,1.152976925,22.5,1.908239399,24.6,1.877701333,19,0.327863055,10111010010,3345134251,5641315462,8654975136,111111111,101
male,32.8109589,other,german,4,1,-1.664386806,22.9,0.189437849,21.6,1.282666466,24,1.64726373,14.5,0.621441118,13.5,0.415284471,1.01E+11,4412314522,4355122634,4677215363,10001100,96.5
male,42.63561644,science,german,6,0,-1.482841831,26.8,0.35618483,12.4,-1.78464766,35.5,1.367007562,21.1,0.991498274,13.5,-0.110559765,1.00001E+11,3433443233,3615334165,6339564271,1110101,109.3
male,41.08219178,science,german,6,0,-0.266001893,6,0.568657951,9.3,-0.415917817,14.9,0.588004278,9.9,1.5516305,12.7,0.405274604,10110100,1215112343,2422656413,5326734186,1011,52.8
male,39.86027397,science,german,6,0,0.918008535,16.6,0.189437849,33.4,1.727716022,14.2,0.615695476,9.2,1.094351585,8.6,0.909041894,11110101,5432143523,6456314316,8274918285,1100010,82
male,39.6109589,science,german,4,0,-0.79783041,26.9,-1.126483048,4.8,0.786610367,16.3,1.747350948,11.8,1.255175718,14.8,0.372964715,1.1011E+11,3542315415,5244365214,9578615628,11111101,74.6
male,26.83287671,science,german,6,0,1.19276816,8.7,1.336502127,5.3,0.104304428,12.8,-0.364100747,7,-0.062157415,7.7,0.441463311,111111001,3243251232,5216313613,4682472468,1011101,41.5
male,37.11780822,other,german,4,0,-2.062574009,13.4,0.20659518,13.5,-0.338698503,23.7,0.828582214,14.9,0.123853832,14.5,-0.248448257,11011010111,4241243241,5312146221,5126855611,110000101,80
male,34.4630137,science,german,6,0,-1.256703796,15.1,0.20659518,10.1,0.070976586,13.5,0.398307777,17.8,0.201470062,13.1,-0.075870838,1000110111,3432225114,2514415134,4533764543,11110010,69.6
male,28.72054795,science,german,6,0,-1.279037779,10.8,0.35618483,22.3,0.664986332,18,0.098101916,14.4,-0.119600106,9.4,-0.055872961,11010001010,3121154452,4151462663,4777862315,11100010,74.9
male,32.2739726,science,german,4,0,1.347181894,10.6,1.821416993,21.6,1.116711649,23.1,1.253302059,14.1,1.268098806,73.4,1.36134228,1110110001,3423512315,6255316424,4923574917,100001110,142.8
female,30.00273973,0,german,3,0,0.918008535,19.7,1.773448729,19.9,0.8679341,21.9,0.313663423,15.5,1.524515389,12.4,1.079514035,10011011111,5425351454,3313642566,5869725839,1101011,89.4
male,37.59178082,other,german,6,0,-1.264208577,18.1,0.20659518,15.3,-0.418000847,25.5,0.038134465,12.9,0.744683493,9.7,-0.138559257,1.0101E+11,5355143555,4522236155,8654563175,100001101,81.5
male,39.94246575,science,german,6,0,2.282238792,11.3,-0.596190895,6.7,-9.982032341,21.5,0.830500277,19.5,0.659126571,29.4,-1.361271519,100110111,3333333333,4522561433,8837545827,11001110,88.4
male,32.56438356,science,german,4,2,-0.033703477,12.6,1.821416993,5.9,2.103236412,5.2,2.229621948,4.2,1.988928063,6.3,1.621899988,10011100101,5412532451,5316432156,8529714562,10110101,34.2
male,34.45205479,0,german,3,1,1.347181894,25.6,0.35618483,25.8,1.677460972,34.4,1.112477352,22.9,0.632601927,12.5,1.025181395,1110011011,2415345432,5465311632,6896481945,100101010,121.2
male,35.02465753,0,german,3,0,0.165508595,12.2,0.35618483,32.3,0.18489226,19.3,1.0237201,10.9,-0.072686701,14.8,0.331523817,1.1001E+11,2454231353,6255436254,8661968583,10001110,89.5
male,50.19726027,science,german,6,0,0.500223415,22,1.821416993,16.4,1.228575699,31.3,0.599339972,12.3,1.424632347,9.2,1.114837685,1.10011E+11,4325441513,3352634642,6125693518,10001101,91.2
male,36.5260274,0,german,3,2,-3.087117215,16.3,-0.729549989,8.1,0.639641753,20.3,0.842064434,9.7,1.222500469,14.1,-0.22249211,1001001001,3542135421,3564213233,8665139856,11000110,68.5
male,23.31232877,science,german,4,0,0.331697441,29.3,-0.596190895,16.9,1.393835366,30.9,1.150591809,31.1,1.627587136,9.1,0.781504171,1010001011,4324413542,4254114362,5376815948,100011001,117.3
female,33.29041096,0,german,3,1,-1.283928445,12.1,1.269405268,14.3,1.193685689,20.7,1.819607204,11.9,1.742176632,13.1,0.94818927,1.101E+11,5312532451,3653146253,8564287139,101000010,72.1
male,40.02739726,science,german,4,0,0.626054983,11.1,0.145914825,26.6,0.909120156,14.9,1.150591809,23.6,0.795966686,13.8,0.725529692,10001101011,4243512355,1152542615,5848539674,10110001,90
male,33.10684932,science,german,6,0,-0.475190761,15.3,1.821416993,11.7,1.218013456,20.1,1.386894363,16.5,-0.005831849,10.3,0.78906044,1000110001,2415344253,2411631426,3515658842,101100010,73.9
male,54.27123288,science,german,7,0,-2.585232015,16.2,-0.490516869,10,0.980692741,20.5,0.630581382,38.2,0.252417035,14.2,-0.242411545,1011101010,4212325543,1516625313,4525611465,11001101,99.1
male,30.19178082,0,german,2,1,-1.438529766,13.3,1.466399166,15.5,1.591473532,22.3,1.941920143,11.3,1.778022105,11.2,1.067857036,1.01101E+11,4254431245,2452635142,8256489123,10010101,73.6
male,31.96438356,humanities,german,6,0,0.64551536,12.1,1.821416993,28.3,-9.116666283,12.7,0.752131752,28.9,-0.792857694,13.3,-1.338091974,1111010000,2444444444,1146243235,5417858553,11110001,95.3
male,37.02465753,science,german,6,0,0.41979586,30.9,0.145914825,28.1,0.989542799,34.5,1.001844094,70.8,0.819052264,11.8,0.675229968,1011111010,5145312153,5366315261,4281517449,11100101,176.1
male,22.02465753,science,german,4,0,-3.531128974,11.6,-0.791814807,34.7,2.208774394,15.8,-1.143328355,10,2.072312735,10.9,-0.237037001,10101010101,1234554321,1616154235,8346517932,11010,83
male,38.02739726,other,other,4,0,-4.415494561,6.5,-0.179909136,12.8,-1.144896459,9.7,-11.37692329,5,-15.15284495,6.3,-6.454013681,0,3334234323,6666666666,5555555555,11001100,40.3
male,28.45753425,science,german,6,1,-1.144687892,12.9,1.821416993,23.2,0.26196209,21,-0.25926622,16.5,-0.205684159,14.6,0.094748163,10010100100,2355213221,1114364635,8641568855,10100101,88.2
male,33.09863014,science,german,4,0,1.030186475,19.6,0.35618483,15.2,1.331369487,15,0.913540252,14.8,1.198439333,12.9,0.965944076,10011010001,4345212344,5452351652,6251892656,11100010,77.5
female,39.79452055,humanities,german,6,0,0.331697441,14.6,0.35618483,13,1.087749693,28.7,0.679658361,22.1,0.241411646,17,0.539340394,1001110110,3243545232,5244123626,5587563968,1110101,95.4
male,48.42465753,0,german,3,0,0.345809681,9.2,-0.490516869,12.3,-2.440036878,21.6,-4.801292947,5.9,-0.815549007,10.3,-1.640317204,1011100,4533333423,2222436666,5782366644,100110010,59.3
male,31.1369863,0,german,2,1,-2.208056913,16,-0.47314368,10.5,-9.982032341,27.6,-1.319354699,29.7,-0.555018607,16.8,-2.907521248,1.1E+11,4444444444,3533523255,5625679953,110100111,100.6
male,29.2739726,science,german,4,1,-0.772733834,4.9,0.35618483,18.7,-2.193116338,11.4,1.703573328,5,0.982515541,9.4,0.015284706,11001010010,4231544444,4251634216,5162547649,100011101,49.4
male,31.23287671,science,german,6,0,-3.531128974,22.9,1.036960055,26.8,0.639641753,13,1.871296863,18.6,2.054701956,15.9,0.41429433,10101010101,1234512345,1234565432,1478562397,10101011,97.2
male,56.67945205,0,german,3,0,-0.273308918,9.1,0.561667292,8.4,0.102771498,15.9,1.2689886,12.5,1.626197526,16.9,0.657263199,101110110,1224221534,3532643162,8341675692,1001111,62.8
male,31.29315068,humanities,german,4,0,0.165508595,16,0.145914825,6.8,1.480481662,19.2,1.0237201,13.5,2.054701956,9.2,0.974065427,1.1001E+11,4531425235,4355246613,9564837912,11100101,64.7
male,31.02191781,0,german,3,0,-1.191674612,11.1,0.35618483,10.6,1.484750062,18.7,0.711012825,10,1.427615555,10.1,0.557577732,10001000101,2143543214,4223354122,7475269847,10101001,60.5
male,29.81643836,0,spanish,3,4,0.142399046,23.2,1.036960055,5.6,0.484581059,18.6,0.800123642,12.1,1.503274561,9.3,0.793467673,10001011100,3414324145,5165356254,5426587412,11101010,68.8
male,33.43013699,science,german,4,0,-4.415494561,24.9,0.189437849,7.6,-0.714751818,18,-2.240201178,12.4,-1.885418115,15.9,-1.813285564,0,3442351351,4566456455,4687878984,101011110,78.8
male,66.90684932,humanities,german,6,0,0.213536737,13.9,-0.490516869,16.8,1.110221617,10.3,1.804080883,8.4,0.918320079,27.6,0.711128489,1001011101,3235314253,1243516534,4215243974,101001011,77
male,31.9260274,science,german,6,0,0.304103338,14.2,-0.596190895,9.4,-8.169085689,15.1,1.490822283,15.9,1.742176632,11.5,-1.045634866,1010010110,3433333333,5135241652,4627543918,100101011,66.1
male,30.93424658,0,german,4,3,-0.693076878,35.3,1.336502127,11.6,0.409416465,18.1,1.609829972,19.4,1.847312966,14,0.90199693,1.11111E+11,3325144541,4131265346,8524679453,111010001,98.4
male,29.94794521,science,german,6,0,-1.672431538,14.1,-0.490516869,18.5,0.911911202,14.9,2.05274744,14.5,2.244683152,17,0.609278678,11111101111,2545325154,1643526153,1475896321,11110,79
female,47.81917808,science,english,7,4,-3.531128974,22.1,-3.040965737,8.2,1.393835366,28.1,1.815709375,9.9,2.171391676,8.4,-0.238231659,10101010101,4325134251,2564352156,5632974156,0,76.7
male,30.47123288,humanities,german,6,0,0.165508595,21.5,1.336502127,12.6,1.426189572,22.4,0.88730465,21.2,1.467905187,8.3,1.056682026,1.1001E+11,3254435231,5663142245,1465887219,11001010,86
male,35.32054795,science,german,6,0,-0.79783041,28.4,0.145914825,32.6,2.056679907,16.3,-0.104327956,27,-1.908185406,22.9,-0.121549808,1.1011E+11,3251443521,2414156641,3755773717,10011100,127.2
male,26.07671233,0,german,3,2,-1.527003245,22.3,1.336502127,10,-1.965461432,13.8,1.339081318,13.2,2.143107142,13.1,0.265245182,1.01001E+11,5143332332,6531453623,8541796235,111010100,72.4
male,41.10958904,science,german,6,0,1.19276816,16.1,1.036960055,31.8,1.624263859,16.4,0.643948131,12.8,2.143107142,8.2,1.328209469,11001010011,4135524134,6462536613,6417852963,101010001,85.3
male,29.40821918,science,german,6,0,-1.674032116,9.2,0.20659518,7.9,0.889743145,11.8,1.138568672,8.9,0.988838849,12.5,0.309942746,110110110,4321124554,5263445265,5265414982,100001101,50.3
male,26.64657534,science,spanish,7,3,-2.321899973,11.8,-3.040965737,7.9,1.264393743,7.7,-1.796285584,6.5,-0.390698434,7.6,-1.257091197,10010101010,4251232454,5335556366,7577826545,0,41.5
male,34.13424658,science,german,4,0,-1.417663558,13.5,0.446237926,9.5,-0.274262623,16.1,1.129024299,12.4,-0.104758233,11.6,-0.044284438,1.111E+11,5233341211,5532154536,9655264826,1000111,63.1
male,31.05753425,humanities,german,6,0,0.165508595,13.8,1.543792939,7.7,-6.056616045,21.9,-3.714432872,8.7,-1.663743982,11.4,-1.945098273,10011,3333331333,5455525255,5661414123,111101,63.5
male,29.12876712,science,german,6,0,0.817983063,12.8,1.821416993,7.2,1.446812932,18.5,-0.318571891,10.5,0.252417035,7.2,0.804011626,1110100110,5144223511,2232455652,6822352711,101100010,56.2
male,31.88767123,humanities,german,4,3,-0.693076878,24.5,-3.040965737,7.4,-9.982032341,13.6,2.426211157,8.7,1.999894425,6.6,-1.857993875,1.11111E+11,2222222222,5346214356,6754918253,0,60.8
female,50.98356164,other,german,4,0,-1.283928445,13.3,1.466399166,15.3,1.806800135,14.3,1.303594291,11.6,1.636261777,10.8,0.985825385,1.101E+11,4532415243,5233612254,5482673649,100011100,65.3
male,37.2109589,science,german,7,1,-0.21316844,11,-0.688451355,15.6,1.90242921,15.6,1.172498385,6,1.893948021,6.3,0.813451164,1001110101,2455113245,5221653215,7539825641,100011,54.5
male,45.6,0,german,3,0,-0.590539089,8,-0.265943141,10.1,0.626015879,15.4,1.839261591,9.2,1.492196388,10,0.620198326,10111010000,3153223155,5364416523,7469323647,101000111,52.7
male,41.78082192,humanities,german,6,0,-0.251212237,13.7,-1.556328377,7.8,-0.014532567,14.9,-0.298228859,16.6,-1.661646922,15.7,-0.756389792,1.11101E+11,3444133241,2215216422,6276256552,111100111,68.7
male,30.74520548,other,german,4,0,-0.683787013,15.5,1.336502127,8.8,0.683723039,19.5,1.436406447,12.8,2.06594152,14.1,0.967757224,1011101101,2412543525,5536425314,5248317526,111010100,70.7
male,76.99726027,science,german,6,0,1.907453695,20.6,0.089538752,15.9,1.968133903,17.8,1.174953844,12.4,2.143107142,14,1.456637467,1011100101,2135431253,1356412462,7541689325,110010111,80.7
male,42.83835616,science,german,6,1,-0.590539089,16.3,0.35618483,25.4,1.523786971,19.1,1.788725653,12.5,1.183415201,12.9,0.852314713,11001010100,4525314521,5365142631,5692854314,10100011,86.2
male,31.21369863,science,german,6,5,1.22902119,6.1,-3.040965737,7.5,1.823189941,19.1,0.433948414,6.9,1.050448947,13,0.299128551,1011000110,2514235124,1652215421,4258456173,0,52.6
male,35.87671233,science,german,6,0,-0.301972727,23.8,-0.265943141,27.9,0.660342607,23.4,0.034877417,37.5,0.346903903,13.2,0.094841612,1001001110,2433241542,5224123211,5488756233,10011010,125.8
male,33.02191781,science,german,6,0,1.19276816,13.2,1.821416993,12.7,1.591473532,16,1.762254544,12.7,1.946203798,10.7,1.662823405,101100011,1342325145,3422153641,4256182754,1110011,65.3
male,33.34520548,science,german,4,3,0.108783204,21.8,0.35618483,34.1,1.370069824,15.3,1.407069091,25.9,1.627587136,12,0.973938817,1.00011E+11,5243112153,4413645216,7451678291,10001110,109.1
male,33.26575342,other,german,6,0,0.944802694,35.1,-0.490516869,10.6,0.653406905,20,1.61319179,28.1,2.244683152,13.7,0.993113535,101101001,4342215445,3465331264,5743186295,101001011,107.5
male,40.68219178,0,german,0,0,0.74948256,12.3,-3.040965737,12,1.834228356,15.3,2.355640486,11.3,1.427887042,10,0.665254541,10111000110,4325124352,4235613425,5341974985,0,60.9
female,35.02465753,other,german,6,0,1.390181916,13,1.773448729,13.3,0.833230836,25.1,-0.060466818,22,0.842115913,15.4,0.955702115,1011100010,1134332511,1336466554,8651882396,10001111,88.8
female,26.58630137,other,german,6,1,-0.445466857,23.9,1.336502127,25.8,0.712326148,23.1,1.699986524,24.3,2.113637588,13.7,1.083397106,11101001001,2312245243,5231562135,4152738645,110101000,110.8
male,51.03561644,0,german,3,0,-1.675629927,6.1,-3.040965737,6.5,-0.731346964,5.8,1.242941618,5.6,1.48993372,7.9,-0.543013458,100010000,5435415554,2652214635,5398561783,0,31.9
male,25.54246575,humanities,german,4,1,-1.283928445,19.2,-1.126483048,38.7,1.239221438,21.5,-0.360839252,13,1.922469921,13,0.078088123,1.101E+11,2441533224,5543253636,1539682534,11110111,105.4
male,35.93424658,0,german,3,1,0.817983063,9.1,0.20659518,9.3,0.717152959,14.3,0.423876805,8.6,1.047792432,11.1,0.642680088,1110100110,5415341223,2624431354,5812657874,11110010,52.4
male,57.70136986,humanities,german,5,NA,-0.693076878,20.1,0.068744507,8.2,0.758894759,11.6,0.798246911,13.4,1.803081216,10.1,0.547178103,1.11111E+11,5235431545,5231321614,7893482567,10101010,63.4
male,36.75890411,science,german,6,0,1.58550205,5.6,-0.791814807,11.3,0.540657526,9.5,2.469090631,7.8,1.464982349,11,1.05368355,10001111100,3452334455,2563145236,8246719855,11010,45.2
male,31.13972603,humanities,german,6,0,0.331697441,8.9,1.821416993,9.4,1.591473532,13.8,1.121908677,15.1,1.099392877,7.5,1.193177904,1001110110,3512143524,2364231546,4358496451,10011101,54.7
female,43.50958904,other,german,4,0,1.907453695,20.2,1.821416993,15.3,0.12751027,23.9,1.796382117,12.6,2.06594152,13.8,1.543740919,1011100101,4345123512,5323146235,5482617549,11110001,85.8
female,54.87671233,science,german,6,0,-1.527003245,30.9,-3.040965737,5.8,0.903555359,17.3,-0.354293272,17.3,-0.950143426,10.1,-0.993770064,1.01001E+11,4355111234,5322461114,3266547771,111111111,81.4
male,40.02739726,science,german,6,NA,0.918008535,9.2,1.821416993,22,0.980692741,18.2,0.645628027,6.2,0.625314008,9.1,0.998212061,11101111001,5241253122,4313513265,6174964575,101011010,64.7
male,33.71506849,other,german,6,4,2.282238792,8.1,1.336502127,9.2,1.186814862,28.4,1.583223475,14.6,1.125965216,12.2,1.502948894,11010001110,3541232354,1456623144,5541263582,110100010,72.5
male,64.32054795,science,other,7,0,-2.208056913,9.1,1.821416993,21.3,0.763891718,6.8,0.212763325,8.6,0.797410768,12.7,0.277485178,1.1E+11,4321112541,3361211665,6346239654,1100011,58.5
male,38.33424658,science,german,6,0,-2.169575618,5.5,0.010229046,7.7,-4.270502937,5.3,-11.37692329,3.7,-15.15284495,5.5,-6.591923551,10100000000,3415222222,1111111111,8888888888,1111000,27.7
male,30.16986301,other,german,6,1,-0.693076878,18.8,0.781777371,15,1.480481662,21.6,1.322590321,14.3,1.229171514,9.9,0.824188798,1.11111E+11,3452133455,3465423143,8531956286,110000100,79.6
male,38.66575342,0,german,3,0,1.390181916,10.9,0.145914825,9.6,1.037751224,12.1,1.401275016,14.1,1.990685277,11.3,1.193161652,1011100010,2443152311,2514263314,4527685134,11100101,58
male,34.85479452,other,german,4,0,-0.693076878,24.6,-0.678035429,5.2,-8.169085689,11.3,-11.37692329,13.5,-14.07232956,8.3,-6.997890169,1.11111E+11,5455555555,3333333333,8555555555,110011011,62.9
male,25.01369863,0,german,3,0,0.360140724,8.1,1.821416993,5.2,1.692341555,13.7,2.029865597,6.2,1.916127467,7.7,1.563978467,11100100101,3512435231,5361244153,8562478365,101001010,40.9
male,36.88219178,other,german,6,5,1.030186475,22,1.821416993,15,1.142989148,17.1,-0.062490744,20.2,1.448935947,18.5,1.076207564,101101110,5452132255,5121234436,1362897441,10011101,92.8
male,40.55616438,0,german,3,0,0.64551536,40.1,1.821416993,10.7,-0.081640782,35.2,1.098448983,22.7,1.017722289,12,0.900292569,111111101,1543555334,5654241364,6141574216,101011010,120.7
male,32.05479452,0,german,3,0,0.345809681,14.6,0.561667292,21,1.319972981,12,0.41530156,8.8,0.77535568,7.8,0.683621439,1.11011E+11,4254512234,4332644234,8853147758,100100111,64.2
male,28.08493151,science,german,6,3,0.404517268,16.8,-3.040965737,10.6,0.900781559,11.2,0.901370105,7.9,1.893948021,7.8,0.211930243,11010011001,3512331423,2651526342,5374986241,0,54.3
male,44.38082192,other,german,4,1,0.817983063,11.2,-0.490516869,6.4,1.106988293,16.9,0.712775599,8.5,0.192284751,11.9,0.467902967,1110011001,5124424531,5515362465,5326814555,10110100,54.9
female,72.16986301,humanities,german,7,0,-0.258636645,32.2,-0.47314368,18.2,0.833230836,30.4,0.965425358,39.4,0.741370783,42.2,0.36164933,10111010010,2253344153,1563222416,4513485699,11001111,162.4
,32.02191781,0,german,3,1,-4.415494561,10.5,-3.040965737,5.6,1.301190542,13.8,1.317136408,11.2,2.244683152,7.9,-0.518690039,0,3425412321,1234565253,5417823695,0,49
male,34.92876712,science,german,6,0,-1.702378474,17.8,1.821416993,10.4,-9.982032341,15.5,1.0868656,30.7,1.393784101,22,-1.476468824,1101010101,5555555555,3611435214,3749386194,1110011,96.4
male,34.42739726,science,german,6,0,-0.79783041,23.4,-0.490516869,23.6,1.434401055,13.1,0.204165404,17.1,1.771226882,8,0.424289212,1.1011E+11,3451253452,1453266611,5426972531,110011,85.2
male,46.51506849,other,german,5,0,0.685710118,16.9,-3.040965737,5.8,1.249952006,13.6,0.472007814,15.8,0.264780477,16.5,-0.073703064,1001111001,3413532411,1155413512,6482561569,111111111,68.6
male,29.36712329,science,german,6,0,-0.880661956,6.1,-0.596190895,17.4,2.103236412,8.1,1.04594502,7.6,1.441796436,9,0.622825003,10011010010,3512342531,1524232153,6829471533,100011001,48.2
male,56.97534247,science,german,4,1,-2.429624051,27.2,0.189437849,6.4,1.657872568,24.3,0.940279299,27.5,1.925838252,16,0.456760783,1.001E+11,2532144351,5242156463,5632875419,101011110,101.4
male,47.11506849,0,german,3,0,-4.415494561,28.4,1.773448729,11.8,-9.982032341,29.5,-0.256629562,30.3,0.167212814,10.3,-2.542698984,0,5555555555,3433635422,5786315565,10001111,110.3
female,37.8739726,science,german,7,0,-0.79783041,25.8,1.821416993,35.9,1.418027856,26.6,1.308995355,31.1,1.356264005,20.8,1.02137476,1.1011E+11,3255214312,2451265531,5459387164,10100101,140.2
male,36.34246575,other,german,6,0,-0.189567147,8,1.336502127,8.2,1.113462724,10.4,2.05274744,6.5,-0.448644925,10.9,0.772900044,1001010001,2223415432,5614352316,8258641417,1010111,44
male,56.29041096,science,german,6,0,-2.588805474,15.7,1.269405268,16.3,1.350580641,12.9,0.927874413,9.3,1.707305978,15.2,0.533272165,10100110110,2431453452,5326553412,6491268593,101111010,69.4
male,32.03561644,humanities,german,6,0,0.277309179,6.2,0.189437849,11.7,-2.355348281,14.5,1.916583573,7.2,1.893948021,13.1,0.384386068,101100010,3555551452,5322461532,8413954627,10100001,52.7
male,51.50958904,science,german,7,0,0.290609175,11.3,0.010229046,7,0.892494277,14.8,-0.186264524,12.5,0.189722612,12.7,0.239358117,1001011100,3352453255,5661516461,5619545135,111001,58.3
female,26.52876712,humanities,german,6,0,-1.664386806,12.3,0.446237926,8.3,0.116631096,16.4,-0.261897897,6.8,1.092601938,7.6,-0.054162749,101,5134445435,4453536456,8543576548,111000100,51.4
male,34.29863014,science,german,4,0,2.282238792,13.9,0.20659518,5.4,-0.185727862,9.2,1.398386989,11.5,1.42517432,6.3,1.025333484,100110111,5255534154,4266513644,8472263187,1100101,46.3
male,33.88493151,science,german,6,0,0.817983063,9.1,0.723053306,6.7,0.954486267,17.7,0.235118986,6.9,0.094347649,9.8,0.564997854,110111001,4412213241,5442212366,5447711265,11001001,50.2
male,62.5260274,science,german,4,4,-0.205368109,12.3,1.821416993,13.7,1.05317727,22.3,1.475492393,14.7,1.073701274,19.5,1.043683964,1010110111,4233145214,2316652433,6251967754,10110101,82.5
male,38.89589041,science,german,4,0,-0.79783041,16.9,-0.47314368,5.1,-2.484508351,24,1.124276516,26,1.118389909,10.8,-0.302563203,1.1011E+11,2342342351,5351442513,5684356198,110100111,82.8
male,62.55342466,science,other,6,0,0.891969241,11.8,0.35618483,24.4,-0.046449176,11,-0.204648339,16.4,0.921447767,16.6,0.383700865,101011101,2533345244,2322441216,2895651277,100101010,80.2
male,20.45479452,science,german,4,0,0.213536737,7.6,-0.729549989,13.3,0.559880868,22.3,0.297858267,22.5,1.988928063,10,0.466130789,101101101,4222135123,3115126164,4582793568,110010011,75.7
male,29.90136986,science,german,4,0,-0.738175275,4,-0.791814807,2.3,-9.982032341,8.4,-2.987175395,3.2,1.195866731,7.1,-2.660666217,10010101111,2222222222,2222653444,5624877934,101001111,25
male,33.42739726,science,german,4,0,0.034797025,31.7,-3.040965737,7.2,1.489032034,12.7,0.545124805,16.3,0.813294091,12.1,-0.031743556,1010001001,4132515453,3511143625,5425889173,111111111,80
male,45.20821918,science,german,6,0,1.532668597,14.6,0.20659518,34.7,1.034687107,15.3,1.287515578,6.6,1.174055512,9.7,1.047104395,111010001,4243215241,5244261524,2596852475,10011110,80.9
male,25.02739726,science,german,6,0,0.706482538,14.5,1.036960055,12.3,1.013431303,22,2.01182686,16.7,1.134475886,14.2,1.180635328,1010010111,5325431243,4263415326,4698724678,101010001,79.7
male,54.14246575,humanities,german,6,0,-0.369969093,32.5,-0.252960072,17.9,1.186814862,18.8,0.560852657,12.4,1.916127467,9.3,0.608173164,1.11001E+11,4251325124,3244511613,5832479852,10100010,90.9
male,29.54246575,0,german,2,2,-0.236182088,13.6,0.35618483,24.6,1.405877286,9.6,0.942357559,6.2,1.307905843,7.9,0.755228686,11010100101,2435451213,5422163556,4868723596,10101100,61.9
male,35.49315068,other,german,6,0,-0.301972727,20,0.35618483,19.7,1.624263859,31.6,1.475492393,21.7,2.113637588,14.5,1.053521189,1.0111E+11,1134253415,4232621534,5348961754,10001110,107.5
male,30.07671233,science,german,6,0,1.347181894,24.9,0.189437849,19.5,1.401851336,21.5,1.25851131,9.5,0.977637775,15.3,1.034924033,11100100011,4131523345,4354162445,5814371754,10001100,90.7
female,26.77534247,other,german,4,2,0.918008535,5.9,1.821416993,5.4,0.84381383,8.3,1.51570639,8.3,1.514145562,7,1.322618262,10001101001,4223254341,2435236214,4527416538,10100101,34.9
male,27.70684932,science,german,6,0,-0.014644373,9.2,1.336502127,6.1,1.377945163,14.9,0.822843813,11.1,1.448935947,11.1,0.994316535,1001101100,4253122433,5226155431,5172394665,10100110,52.4
male,33.25205479,science,german,4,0,-0.004965397,12.8,0.089538752,23.5,2.110020704,15,1.068530165,17.1,0.059219531,16.6,0.664468751,1000111101,3254124532,5132345161,5422816781,11010111,85
male,42.4630137,science,german,7,0,0.345809681,8.3,1.036960055,5.3,0.57285059,9,1.78491314,6.8,1.488238889,12.2,1.045754471,1.11011E+11,3211445355,5236416652,5863179655,101010100,41.6
male,33.40547945,other,german,4,0,1.060495216,21.1,1.773448729,49.6,1.769315594,8.7,1.330811424,14.9,1.287316317,9.9,1.444277456,1011101001,3245134321,5426355413,5864529857,111001010,104.2
male,67.78356164,science,german,7,0,0.817983063,16.7,1.466399166,15,0.644214521,20.7,0.41530156,11.2,1.661633824,14.8,1.001106427,1111000101,2324513222,1155634226,8532179632,11100011,78.4
male,51.14794521,science,german,4,0,-0.097475919,9.7,-1.210243675,8.2,1.389845203,16.3,0.903391096,6.7,1.999894425,6.5,0.597082226,1.01111E+11,3451241452,5466435421,5267418963,100010,47.4
male,25.66027397,science,german,6,0,-1.482841831,16.9,1.269405268,12,0.846472625,16.3,1.214841303,11.3,-0.285166354,8.5,0.312542202,1.00001E+11,3354254351,6641632541,5237825666,110011110,65
male,24.63013699,science,german,4,1,-0.251212237,8.6,-3.040965737,7,1.38190017,10.3,0.915578984,9.2,0.612121487,7.4,-0.076515467,1011110100,2432213524,2442656132,8641753855,0,42.5
male,37.76164384,science,german,6,0,-0.720399077,22.1,0.446237926,12.6,1.434401055,16.9,1.341848891,11.4,1.411412991,18.1,0.782700357,110110111,3231543125,2511431254,5492561472,101001001,81.1
male,25.94794521,0,german,0,0,-0.759925309,10.4,0.35618483,11.2,1.374001737,29.1,1.754782821,13.7,1.308911126,10.3,0.806791041,1010111010,4223155341,4352611532,2876215639,101110001,74.7
male,33.7369863,humanities,german,6,2,-0.140475941,24,0.35618483,6,1.401851336,15.9,2.114060708,11.3,1.423278243,10.9,1.030979835,1001101011,4233551214,1234561532,5417823963,101011100,68.1
male,31.85205479,science,german,6,0,1.306093628,23.6,-0.596190895,12.9,-0.288086653,31.4,-0.046216422,35.5,1.168650443,21.3,0.30885002,101110001,3224532333,2535233163,4145927856,11100110,124.7
male,48.4630137,science,german,7,0,1.00084008,12.2,-3.040965737,17.3,1.385866827,16,1.295531744,15.7,-0.116803089,12.1,0.104893965,1001111101,2243544152,2612441563,4244191852,0,73.3
male,18.10958904,0,german,3,0,-0.079699721,24.2,0.20659518,18.6,2.110020704,25,1.114829206,15,2.143107142,8.7,1.098970502,1011011101,4325415243,5521643236,1648239756,101000110,91.5
male,31.0109589,science,german,4,0,0.891969241,11.1,0.35618483,10.5,1.297465286,8.3,1.222449,7.4,0.235624208,6.6,0.800738513,11010110001,2454143523,1556326421,4323698565,110010101,43.9
male,43.32876712,science,german,6,0,2.282238792,9,1.821416993,25.4,1.908271645,14.9,0.29262947,7.2,1.887173035,9.2,1.638345987,11000111001,3442521345,5425636613,5864728936,101110010,65.7
male,33.79178082,science,german,7,0,0.944802694,13.1,-0.596190895,9.3,-0.696257807,21.3,0.999675265,17.7,1.175323261,16.6,0.365470504,1110110000,2433335512,5363145262,6819627634,1101110,78
male,41.92054795,0,german,3,0,-1.417663558,27.1,-1.210243675,18.4,-0.990822434,16.6,0.883311888,18.3,0.984552494,18.4,-0.350173057,1.111E+11,4233315552,5334236314,9658864197,10100000,98.8
male,31.28219178,humanities,german,6,2,-1.283928445,12,0.35618483,13.6,1.90242921,25.6,1.469407349,30.1,1.265407759,26.8,0.741900141,1.101E+11,4233513124,4264535146,2516537694,110010101,108.1
male,40.91232877,science,german,6,5,-0.251212237,4.7,-0.596190895,8.4,0.401743059,10.1,0.514191838,7.4,1.988928063,8.6,0.411491966,1100110011,1253241324,1563265232,5426897412,100011001,39.2
male,37.44931507,humanities,german,6,0,-0.759925309,9.1,0.20659518,17.3,0.799399438,9.2,1.219908483,6.5,-0.390698434,7.3,0.215055872,1010001010,1234523451,2561432211,5455892474,1100101,49.4
female,25.86849315,science,german,6,0,1.701194572,18.4,1.336502127,13,1.38190017,19.7,1.985199179,13.3,1.661633824,15.8,1.613285974,1011101000,4213224512,2514165324,5364895327,101011001,80.2
male,38.16438356,science,german,6,0,0.467207985,10.3,-0.47314368,11.9,1.246365641,15.9,2.229621948,6.4,1.988928063,11.3,1.091795991,1101110011,4321532453,5624361254,5462839416,111101100,55.8
male,58.48219178,science,german,6,0,0.213536737,13.2,1.821416993,22.6,1.743165665,23.3,1.847201629,15.3,2.054701956,10.1,1.536004596,1011000101,2451253412,1543264613,5179428536,1100011,84.5
male,34.5369863,science,german,4,0,0.500223415,16.1,1.773448729,10.6,0.125950711,18.8,0.645628027,24.2,0.732340542,12.2,0.755518285,1.10011E+11,4312244452,5563431416,8634758599,1101011,81.9
male,35.69589041,science,german,6,0,-0.706838925,29,-0.780898258,10.7,-1.955862352,12.7,-0.51083633,9.6,-15.15284495,12.4,-3.821456164,10000111,3431535555,5366645166,3333333333,101101101,74.4
male,40.93424658,other,german,6,0,-0.645664753,12.5,0.35618483,18.3,1.712441616,13.5,1.70716939,8.1,1.05204505,14.7,0.836435226,1011010110,3415232415,1532614535,1258329524,1101010,67.1
male,39.96712329,humanities,german,6,0,-0.526397725,10.3,-0.47314368,14.8,1.885052465,11,0.781469108,8,-0.197734267,8.4,0.29384918,1.00101E+11,2451234325,2542236315,5325858697,11001,52.5
male,55.52876712,science,german,6,0,-0.123515212,13.6,0.089538752,6.9,1.999093406,16.1,0.901370105,20.2,0.260052856,10.8,0.625307981,100110101,2215431425,5114361426,4836558468,11010111,67.6
male,30.2630137,other,german,6,0,1.030186475,6,1.336502127,13.7,1.753564782,13.8,1.851188679,9.7,1.562551853,8.9,1.506798783,1110101111,3221345231,5324561254,5396814755,111010001,52.1
male,19.0630137,science,german,4,3,-0.014644373,13.6,1.466399166,10.1,2.144464501,17.5,2.18833084,23.2,2.113637588,7.4,1.579637544,11001001,2345125342,2361532641,5236147953,110001110,71.8
male,32.02739726,science,german,6,0,0.225944088,8.1,0.35618483,14.1,0.392212382,10.8,-0.188113858,8.5,1.606568176,8.4,0.478559124,1.00111E+11,4222134531,4445136221,5637849154,10100011,49.9
male,30.46027397,humanities,other,6,NA,0.606995879,10.2,0.189437849,8.7,-0.089632966,9.6,1.378336672,8.2,1.3890109,14.9,0.694829667,11100011101,3321534445,3456522135,8541176932,101110011,51.6
male,52.81917808,science,german,7,0,-1.283928445,6.6,0.35618483,6.4,1.146310183,6.7,-0.022483988,4.9,1.426530086,11.3,0.324522533,1.101E+11,3522431445,6625366216,5689463745,1110101,35.9
male,32.15890411,science,german,6,0,0.794580957,11,-3.040965737,7.1,2.230912082,13.1,1.3811834,11.7,-0.017070352,9.4,0.26972807,10110011010,3124534213,5234541526,7625456858,0,52.3
male,42.19726027,other,german,4,0,-3.531128974,7.8,0.068744507,31.4,-9.982032341,7,1.271620277,7.9,1.742176632,8.3,-2.08612398,10101010101,3333333333,1234566543,1478526395,101010101,62.4
male,43.64383562,other,german,4,1,0.097844215,8.3,-0.678035429,7.8,1.422102531,13.8,1.114829206,15.6,1.290542585,12.1,0.649456622,110110000,5223441255,2446116345,5753614597,110011011,57.6
male,50.9890411,science,german,6,0,-0.205368109,12.6,-0.596190895,14.1,-9.982032341,22.1,1.300901588,7.9,1.700004293,12.8,-1.556537093,1010110111,3333333333,2416352256,8562345921,1101110,69.5
male,43.61643836,other,german,6,4,-0.097475919,13.1,1.821416993,34,-9.982032341,27.2,0.605859156,12.6,1.416255958,20.1,-1.247195231,1.01111E+11,4444444444,2563251442,2562839465,10011101,107
male,72.15616438,other,german,4,0,-4.415494561,29.1,-0.252960072,23.3,-0.074944204,22.9,0.57196874,27,-0.924797862,23.9,-1.019245592,0,2345122211,4455122361,7555832217,10001010,126.2
male,39.20821918,other,german,4,NA,-0.132034478,29.4,0.35618483,18.2,1.156322713,50.4,1.398386989,16,1.667487544,13,0.88926952,10110110,4532541354,1524313246,8643261759,110010101,127
male,25.25205479,other,german,4,0,1.390181916,33,0.35618483,43.7,0.644214521,40.6,1.075377712,26.4,1.484150701,19.6,0.990021936,1011010111,2314521444,3445164355,4635571824,1101010,163.3
male,64.27945205,other,german,6,0,0.918008535,20.5,1.821416993,18.3,1.362240273,23.1,1.454309986,35.7,1.143711295,18.3,1.339937416,1111011100,2331255432,2316355612,1736869158,10011101,115.9
male,49.26575342,0,german,3,5,-0.515261038,10.8,1.821416993,11.7,-9.982032341,13.3,-11.37692329,12.1,-5.67225149,11,-5.145010234,1000110000,2222222222,4444444444,8855588585,101100010,58.9
female,24.57260274,humanities,german,6,4,1.060495216,15.3,0.35618483,12.7,0.971900463,29.2,1.284853738,18.2,1.329282629,21.9,1.000543375,1011101001,5415224313,5235142663,4651475326,101110001,97.3
male,25.88493151,science,german,6,0,-2.184424673,28.6,0.35618483,50.1,1.242788802,11.6,1.057191836,25.1,1.298762704,13.3,0.3541007,10101101010,2531243524,6221543145,5319574258,10001110,128.7
male,26.71232877,science,german,4,0,-1.699271466,23.5,1.821416993,7.9,1.657872568,18.2,1.586521637,13.6,1.742176632,11.6,1.021743273,100101010,4324135243,6425632654,5687254193,1110011,74.8
male,38.68767123,science,german,7,0,0.389487119,8.1,0.35618483,15.7,0.494790957,17.9,2.256064353,18,1.280143423,10.2,0.955334136,11000010010,4314522455,2643541263,5742865634,11100010,69.9
male,40.02739726,0,german,3,0,0.213536737,16.1,0.35618483,16.7,1.489032034,17,1.066255107,9.9,-0.118601752,12.4,0.601281391,1011000101,2431225432,1565524135,4257553626,110010101,72.1
male,30.12876712,other,german,6,0,-1.147518931,18.6,0.35618483,8.9,1.81224127,12.5,-0.106289213,12.7,1.990685277,12,0.581060647,10101110111,4231523451,1623612312,7524935817,10101001,64.7
male,49.11780822,other,german,4,0,-1.256703796,12.3,0.089538752,13.7,0.47646851,10.3,1.010553329,8.6,1.227501053,8.6,0.30947157,1.11E+11,2432254324,1265351163,9624742596,100101000,53.5
male,41.01917808,science,german,4,0,-0.49830031,9.8,1.218460494,13.3,-2.416176385,11.6,0.143075158,7.4,1.030897967,9.9,-0.104408615,10011001,3333432321,2355214466,6231841427,100110100,52
male,33.5369863,other,german,7,0,0.177283707,13.6,-1.474774505,13.4,-1.211756108,20.4,0.178685433,25.7,1.327246078,12.4,-0.200663079,11010111101,3532125555,3112654354,5827426871,111101011,85.5
male,17.1260274,0,german,3,0,1.701194572,18.1,1.821416993,23.8,1.159676834,17.6,-1.316890555,25.2,0.658466133,14,0.804772795,101110100,1521452314,3235336664,3441125864,11100001,98.7
male,35.57260274,science,german,6,0,0.404517268,12,-0.956960541,4.9,1.60076101,16.9,1.421660564,7.1,2.054701956,12.2,0.904936051,10001011110,2435143325,5162344255,1528649732,111001110,53.1
male,31.02465753,0,german,3,0,-2.429624051,11.9,0.145914825,18.4,1.43852565,16.5,1.472446549,8.4,1.837373764,9.1,0.492927347,1.001E+11,3251455341,5423514631,7952468231,110001101,64.3
male,45.22465753,science,german,6,0,-0.420979762,7.6,-0.490516869,18,-0.223527583,22.6,1.843225955,6.6,1.152093305,10.2,0.372059009,1011001010,3215444432,5214313256,5462586321,11110000,65
male,27.46027397,science,german,6,0,0.771756741,15.3,1.336502127,17.5,1.968133903,20.6,1.424597284,10.9,0.58465233,8.6,1.217128477,11101000101,4152355124,5213665214,8217935233,110100010,72.9
male,54.56438356,science,german,6,0,-0.088630552,16.9,1.036960055,36.6,1.707388405,19.1,0.986732698,14.9,1.088454443,17,0.94618101,1111011011,4421553241,5363112451,5246684739,100010101,104.5
female,32.58630137,0,german,3,3,-0.79783041,21,1.821416993,15,2.315346967,32.7,-0.954659624,56.1,1.003419446,19.7,0.677538674,1.1011E+11,1423513245,3543513355,5753492574,10001101,144.5
male,60.04109589,science,german,4,0,-0.205368109,9.1,1.821416993,13.8,0.614765361,18.1,2.552403477,11.7,-2.135470255,9.2,0.529549494,100101011,3451143243,2463516432,5696596536,1100011,61.9
male,33.39726027,other,german,4,0,-1.333776234,16.4,-0.596190895,17.3,1.577661317,23.6,2.002894311,23.2,1.955151041,15.1,0.721147908,11011101110,5452132453,4261453624,7683498257,11100110,95.6
male,22.6739726,science,german,4,0,0.41979586,7.1,0.35618483,8,1.577661317,17.8,0.222654923,6.1,0.54120239,7.7,0.623499864,1011011110,2435223415,3144262256,5342265919,1110101,46.7
male,42.66575342,humanities,german,6,0,0.290609175,7.6,-0.265943141,6.2,-4.266566497,15.6,-0.033884723,8.3,0.626283748,11,-0.729900288,11001110101,3521333333,5233461115,5486538546,101001101,48.7
male,46.10958904,science,german,6,0,0.108783204,20.9,0.189437849,11.3,2.069818343,27.4,1.788725653,23,1.999894425,16.1,1.231331895,11010010110,2315413245,4253142635,6843915742,11110101,98.7
male,48.53972603,0,german,3,0,1.482692438,25.2,1.821416993,10.9,0.263687496,25.5,2.408230612,18.2,2.244683152,14,1.644142138,1110001110,3215125215,1652342165,5863974125,101001010,93.8
male,43.61369863,science,german,6,0,-0.526397725,17.2,-0.678035429,13.4,0.963165217,22.3,0.790765159,16.1,1.972622985,15.1,0.504424041,1.00101E+11,3221541524,2446526114,5274186275,1000110,84.1
male,34.76164384,other,german,4,0,-1.417663558,37.4,1.036960055,14.3,1.106988293,30.3,1.596463222,19.9,1.606568176,7.8,0.785863238,11111111,3245354425,4261543561,5621789358,1010101,109.7
female,58.61643836,0,german,3,0,-0.693076878,13.4,-1.126483048,18.9,1.834228356,11,1.696408927,8.1,1.841803015,14.3,0.710576074,111111,1234543212,1536412562,6832578641,100001000,65.7
male,25.69863014,science,german,6,0,1.060495216,10.9,-0.678035429,12.8,-0.471058703,13.4,1.091487405,8.4,1.302012969,10.1,0.460980292,1011101001,2412531253,2412642361,5826549275,110011011,55.6
,29.3369863,humanities,german,4,3,-0.21316844,14.5,0.189437849,11.2,1.515013786,17.5,2.355640486,12,2.073961189,21.7,1.184176974,1001110101,2431532431,2145362514,5341698352,110011101,76.9
female,45.73424658,science,german,6,0,-0.542855141,15.2,-0.956960541,8.4,0.983636303,23.7,0.986732698,17,0.419992647,18.4,0.178109193,1000011101,3442132434,2526351146,5615458214,110001111,82.7
male,56.79178082,humanities,german,6,1,-0.251212237,24.2,0.068744507,13.7,0.712326148,19.2,1.222449,11.8,2.054701956,13.5,0.761401875,1.11101E+11,3155133251,1266542133,5647893214,101010101,82.4
male,28.34794521,humanities,german,6,0,0.817983063,14.5,0.20659518,17.1,1.519393234,13.9,0.78518009,8.1,1.442481497,7.2,0.954326613,110111001,2453112343,5254163541,5268543715,11000101,60.8
male,41.8630137,other,german,6,0,-1.438529766,13.1,-0.596190895,22.4,0.923133592,25.2,1.596463222,18.4,1.287316317,19.9,0.354438494,1.01101E+11,4323342153,5243511624,6549257845,110001011,99
male,37.15068493,science,german,6,0,0.345809681,10.4,0.35618483,18.6,2.144464501,28.3,1.883502543,27.9,0.952877912,10.4,1.136567894,1101101011,3415235413,5235146325,4396534247,110010101,95.6
female,13.70410959,0,german,0,0,-0.932027047,11.2,-0.490516869,39,1.169789616,21.6,0.518788234,9.4,2.073961189,8.2,0.467999025,11010010101,2554115423,1536453365,4583269541,110011,89.4
male,36.36712329,science,german,6,0,0.626054983,8.1,0.20659518,12.6,1.52819509,14.9,1.819607204,5.8,1.564033646,10,1.14889722,11011001000,2321545321,5633241652,5289141732,11110010,51.4
male,33.84657534,humanities,german,6,0,-2.921637281,5.8,0.446237926,7,-1.933082163,11.5,-1.390933095,4.5,-5.308780987,6.8,-2.22163912,1000000,2444433244,6565215553,4856565555,111000001,35.6
male,45.11780822,humanities,german,6,0,-0.645664753,9.1,0.35618483,23.8,1.707388405,11.9,1.322590321,13.5,1.193998432,16.5,0.786899447,11010110100,3421545213,2512653452,7649628436,110001010,74.8
male,45.16164384,science,german,5,0,-0.343367724,7.2,0.145914825,13.2,1.264393743,16.8,-0.756195295,5.5,1.283231108,8.4,0.318795331,10000110101,4512535414,4232216665,3241785696,10110001,51.1
male,30.02465753,humanities,german,6,0,-0.559024657,5.8,1.466399166,3.8,2.069818343,9.3,1.725290229,7.9,1.514576253,10.5,1.243411867,10111011110,4235132415,1562312641,8561495247,1110001,37.3
male,37.90684932,other,german,6,1,-0.475190761,9.4,-0.956960541,5.9,0.917510707,9.7,1.126648386,6.1,1.464982349,9.1,0.415398028,11100111011,3154214521,2463145116,4589627411,111001110,40.2
male,38.34794521,humanities,german,6,0,1.58550205,30.6,1.336502127,8.9,0.503014977,13.2,0.772234661,17.1,0.956076363,10,1.030666036,11110111000,5253125344,6335264346,5476851773,11001010,79.8
female,52.66575342,science,german,7,0,0.866643444,20.2,1.452177581,12,0.766397169,15.5,0.993188955,11.2,1.925838252,9.6,1.20084908,11101110001,4512412544,1432525163,5321745869,101101000,68.5
male,38.55342466,0,german,3,1,-0.389429471,11.3,1.821416993,10.3,1.834228356,14.9,1.53785058,12.6,1.678303867,8.9,1.296474065,1010110110,1342153142,2342615443,1586247982,1100011,58
male,47.6,science,german,6,0,1.19276816,7.8,1.773448729,6.8,0.388418917,7.3,1.19226429,6.3,1.999894425,9,1.309358904,11000011101,2243552122,1224632551,4523871569,1010011,37.2
male,35.63287671,science,german,6,0,-4.415494561,7.4,-3.040965737,8.7,0.93445029,19.9,1.384035956,5.9,2.143107142,6.4,-0.598973382,0,1352314323,4521354215,8541236975,0,48.3
female,23.62465753,science,german,4,0,0.451132209,7.1,0.20659518,21,-0.689469241,20.6,-0.050302856,8.1,1.302889209,10.7,0.2441689,1101000101,3143233353,5232614442,8526619327,101000011,67.5
male,36.07123288,0,french,3,0,1.482692438,12.1,-0.596190895,9.2,0.367743746,22.2,0.56243525,21.4,0.340439861,11.1,0.43142408,11101000011,3322431153,2256165215,5232457179,11100110,76
female,26.76438356,0,german,3,0,0.944802694,4.5,0.446237926,6.4,-6.061145726,4,0.378740132,6.6,0.608920802,8.1,-0.736488834,11011101,3333333452,4211521336,5178824119,11011010,29.6
male,49,science,german,7,0,0.517184144,12.7,0.35618483,18.7,1.260768763,30.8,1.478544909,11.4,1.955151041,13.2,1.113566737,1011101100,2114553231,6255416312,7468231857,1110101,86.8
male,43.29589041,other,german,4,0,-1.283928445,25.8,0.20659518,15.8,-0.663702911,26.4,1.253302059,11.8,1.643423961,12.9,0.231137969,1.101E+11,1552135213,5244361243,5347815364,10110011,92.7
male,53.64931507,other,german,7,0,0.972396797,6.6,1.821416993,10.5,1.515013786,25,0.623945784,7.5,1.235871465,10,1.233728965,1011011001,4251235415,2366512351,4365156849,110011100,59.6
male,42.92328767,humanities,german,6,0,0.331697441,10.2,0.35618483,17.9,-2.262066601,10.2,1.851188679,10.9,1.54283163,9.5,0.363967196,1011101011,2354133333,2466513426,4627558914,10100011,58.7
male,28.01917808,science,german,6,0,-0.590539089,4.7,-0.596190895,8.7,0.375225315,14.4,0.638920563,6.6,2.054701956,7.8,0.37642357,1101011010,4211132544,1214165264,5462819537,1110100,42.2
male,51.46027397,other,german,4,0,-0.590539089,9.1,-0.791814807,6,0.619254296,20.3,1.509443579,12.9,1.423278243,9.3,0.433924445,1010100110,3251112415,1241665312,7568491231,101001111,57.6
male,35.76986301,other,german,6,3,-0.910361982,12.7,-3.040965737,14.4,1.446812932,16.7,0.147770943,8.3,1.287316317,12.2,-0.213885505,1.011E+11,4253121355,2653325515,5291574258,0,64.3
male,33.64383562,science,other,6,0,0.944802694,10.6,0.35618483,13.9,1.413965472,12.9,1.754782821,6.9,1.432237319,9.3,1.180394627,1101001011,3425512133,1523612455,1522837951,1110101,53.6
male,25.18082192,science,german,5,0,0.500223415,13.1,1.466399166,58.6,1.968133903,22.5,0.68138189,19.9,1.54883877,18.3,1.232995429,110011111,4312453421,2241545633,6174738526,100011100,132.4
male,34.89863014,science,german,6,0,0.201293726,14,1.821416993,15.5,1.463542079,12.9,1.596463222,12.7,1.155618238,11.8,1.247666852,11010001000,3142155344,1524166352,6478259388,1110011,66.9
male,72.41369863,science,german,7,0,0.374697463,20.8,1.821416993,30.9,1.190245893,22.7,1.253302059,17.4,0.514503001,12.9,1.030833082,1011100100,4155433124,4341552461,4663874911,10001101,104.7
male,44.84657534,science,german,6,0,1.19276816,4.7,0.35618483,9.8,0.513366135,20.7,1.355769816,13.9,1.645766647,9.9,1.012771118,11000101110,2112415543,4536121341,7543619568,101011100,59
male,33.39452055,other,german,4,5,-0.5696493,8.6,-0.596190895,4.1,1.264393743,11.5,0.560852657,3.9,1.081819798,6.6,0.348245201,1001110111,4122533414,5531462214,5263854417,100101011,34.7
male,42.72328767,science,german,6,0,0.360140724,8.4,-0.688451355,6,-1.930715118,10.7,1.75106193,5.7,-3.179358806,6.7,-0.737464525,10110100110,3415555524,2465132652,5557822233,110001000,37.5
male,31.61369863,science,german,6,0,2.282238792,13.5,0.20659518,4.9,-9.982032341,7.4,1.839261591,11.2,1.606568176,13.2,-0.80947372,11000111001,3333333333,1324516235,6541298769,11110010,50.2
male,34.35616438,other,german,6,0,2.282238792,6.1,1.336502127,27.8,0.920319215,15.9,1.576650477,11.1,1.5516305,10.1,1.533468222,11100010110,2551342324,2461522436,9536752416,1011101,71
male,32.88493151,science,german,6,3,-0.088630552,12.3,-0.490516869,7.2,-0.248544012,16.5,1.182346291,11.3,1.209951394,11.8,0.31292125,10011101001,5424513232,4362543121,5394651845,111001100,59.1
male,28.09589041,humanities,german,4,0,0.304103338,18.9,-3.040965737,20.8,1.515013786,16.2,1.05043286,27.2,1.92434031,13.7,0.350584911,11010010100,3241543241,2452165331,4518276958,0,96.8
male,25.62191781,0,german,3,2,-0.818235958,19,0.20659518,9.2,1.823189941,16.6,1.950469083,12.1,1.557967299,10.1,0.943997109,1.10001E+11,1425134523,4215623421,5167249834,110011010,67
male,31.51506849,science,german,6,0,0.41979586,4.1,-0.956960541,5.2,0.717152959,11.8,0.907441893,5.7,0.866850454,7.2,0.390856125,1011011110,2433523324,5466512324,5426683276,11100111,34
male,30.95342466,0,german,2,3,0.213536737,23.2,1.036960055,13.8,1.068782069,23.9,1.157855802,27.2,1.6759114,14,1.030609213,1011000101,5251342431,4552366135,5423958472,101010001,102.1
male,32.14246575,science,german,4,0,-0.39582627,16.6,0.35618483,17.2,0.314710833,16.8,0.881319789,18.5,0.663840375,11.6,0.364045912,11001001101,4235134434,5254356221,9672144558,100101010,80.7
male,34.59726027,humanities,german,4,0,2.716679025,14.4,1.036960055,8.7,1.682402919,13,1.725290229,7.6,2.007577919,9,1.833782029,1011100011,2431542313,5456315246,5846325798,110101010,52.7
male,37.02465753,science,german,6,0,0.142399046,5.1,-3.040965737,6.5,1.081397422,11.8,1.796382117,6.1,0.678152219,8.7,0.131473014,10001011100,4234513251,2543122465,8625141791,0,38.2
female,38.74794521,science,german,6,0,1.060495216,17,-0.596190895,38.7,1.059397508,24.2,1.493908603,27.8,0.858185852,25.7,0.775159257,1011101001,5315214324,5336141263,7417568632,110001011,133.4
female,31.95616438,science,german,6,2,0.213536737,12.8,1.466399166,4,0.446474418,17.3,1.232657638,12.4,0.086459474,17.2,0.689105487,101101101,1342532353,5436235161,5282618251,11100011,63.7
male,42.75068493,0,german,3,0,-0.79783041,28.8,0.35618483,31.1,1.146310183,45.7,0.655750151,33.1,0.703691157,22.5,0.412821182,1.1011E+11,2335512234,5136364415,7643951145,100011101,161.2
male,51.69589041,science,german,4,0,1.060495216,16.8,1.773448729,48.6,1.484750062,18,1.493908603,12.5,0.866850454,17.3,1.335890613,1011101001,2435231432,4215325126,7658166729,11101,113.2
male,43.27945205,science,german,6,0,1.390181916,14,-3.040965737,10.8,1.614813441,17.4,0.832420985,14.9,1.532919733,22.9,0.465874068,11000010100,1324352113,4623441662,7269156289,111111111,80
male,43.94520548,science,german,7,0,-1.283928445,14.4,-0.678035429,14,0.84381383,18.5,1.883502543,15.3,0.5340272,13.5,0.25987594,1.101E+11,4253223153,4153263521,1242327549,11011110,75.7
male,38.80821918,science,german,6,0,-1.527003245,13.7,0.189437849,9.3,1.64336601,23.8,2.178196446,14.5,1.667487544,13.8,0.830296921,1.01001E+11,3153243152,1653624135,7358416942,1100010,75.1
male,28.37534247,science,german,6,0,-0.469321956,6.5,-1.474774505,3.1,-0.267297026,12.2,0.578360829,9.2,-0.177678855,8.8,-0.362142303,10011101010,2344342311,5334651145,5699685523,110101111,39.8
male,41.79726027,other,german,4,0,1.701194572,15.8,-3.040965737,5.6,0.671982084,26.8,0.304421977,15.7,1.452242257,20.6,0.217775031,1011101000,5334415212,2665634322,5483171982,111111111,84.5
male,37.35616438,science,german,7,0,1.532668597,7.3,1.466399166,4.8,1.467757041,17.1,0.915578984,8.4,1.411681647,12.3,1.358817087,1011100001,3341154235,5513664145,4258654391,101101010,49.9
male,44.9369863,humanities,german,6,0,-0.79783041,16.5,0.35618483,35.1,-9.982032341,20.8,0.744892915,13.7,0.525672763,11.7,-1.830622449,1.1011E+11,4444444444,2433612251,5341656896,11100010,97.8
male,35.88767123,science,german,6,0,0.201293726,6.5,-0.688451355,14.3,1.040822329,18.3,1.463348761,9.4,-0.658140185,8.7,0.271774655,11010100010,4213243354,4252316654,4219842199,100100010,57.2
female,25.40821918,science,german,6,0,-0.590539089,12,-0.490516869,7.8,1.228575699,14.5,0.123292746,9.8,1.170603288,6.5,0.288283155,1.10101E+11,2433145422,3352642665,5832471455,110011,50.6
female,45.69863014,humanities,french,7,1,0.201293726,9.6,0.20659518,10.7,0.635084459,8.8,-0.143038027,8.1,1.548104941,8,0.489608056,1100011110,2435432144,1253325235,5268579326,100001101,45.2
male,28.94794521,other,german,4,1,-1.283928445,11.7,0.35618483,40.7,-0.362766519,35.7,1.230098458,21.3,1.320645754,20.4,0.252046816,1.101E+11,4212223244,3411543625,5273248513,1110101,129.8
female,38.24109589,other,german,7,0,-0.251212237,5.6,-1.474774505,10,1.358342501,8.9,2.229621948,4.8,1.504700597,7.1,0.673335661,1011110100,3215432245,1354265213,5432951428,110101111,36.4
male,46.00547945,science,english,7,0,1.22902119,17.6,0.145914825,11.4,1.087749693,21.6,0.875360523,19.5,-0.27210939,15.1,0.613187368,1011110010,1132554421,6536224115,7598898243,11100101,85.2
male,41.84931507,science,german,6,0,0.404517268,23.9,-0.47314368,8.6,1.962026505,20.9,0.445548672,16.3,1.557376733,10.4,0.779265099,1.1101E+11,4345213542,6556412343,8659841725,111001011,80.1
male,34.74794521,science,german,7,0,0.606995879,16.1,0.20659518,9,1.72260528,16.8,0.672785484,22.1,0.585281975,15.2,0.75885276,1011000001,4135234152,5352265435,6728996455,10111100,79.2
male,48.78630137,science,german,6,0,0.374697463,9.4,-3.040965737,11.4,0.693190066,12.1,0.766723225,9.4,1.911666054,7.7,0.141062214,1001110100,1234511222,1412435622,1754391527,0,50
female,33.81917808,humanities,german,6,0,-0.585360735,11.4,-0.956960541,6.8,1.550454755,23.5,1.493908603,8.5,1.225594161,8.9,0.545527249,10011100110,3452321445,2362543416,1535247658,111100011,59.1
male,29.42465753,other,other,6,1,1.306093628,6,-0.47314368,10.9,-9.116666283,10.8,1.136176443,5.2,0.665580668,5.8,-1.296391845,11100101100,2333333333,5452112365,5865411258,10011,38.7
male,39.31506849,science,german,6,0,0.866643444,19.4,-0.984117278,19.1,1.434401055,19.1,0.770395092,11.8,0.911889132,18.6,0.599842289,101001110,2531124533,6224163362,5221472586,111111001,88
male,25.63835616,other,german,6,0,0.74948256,11.1,0.189437849,22.6,1.239221438,9.5,1.384035956,8.6,0.777137075,7.1,0.867862976,10111000110,3425142344,1362342612,1355294275,10100001,58.9
male,51.99726027,other,german,6,0,0.841993082,11.6,-0.678035429,26.4,-0.339801886,21,-0.496838863,18,1.141002534,31.6,0.093663888,100110100,1115214131,6626411442,6474156937,11111100,108.6
male,40.21917808,science,german,5,1,-0.693076878,8.3,0.089538752,10.4,-2.283853327,19.1,2.0163147,8.8,1.529146619,11.3,0.131613973,1.11111E+11,4454354444,1536224153,5286132854,101111001,57.9
male,29.28219178,other,german,6,0,-0.369969093,33.4,1.226951829,13.2,-9.982032341,24.7,1.150591809,14.6,1.483446932,12.1,-1.298202173,1.11001E+11,3333333333,1554312643,1967475826,111101010,98
male,30.6,0,german,3,0,-1.616294023,18.5,0.189437849,28.8,0.340052316,20.2,0.216464451,14.6,1.061442182,16.4,0.038220555,1.0001E+11,2454413511,5153365316,8162764834,101011110,98.5
male,23.5260274,other,german,6,0,-1.036525626,4.9,-0.956960541,16.2,0.849136679,8.9,1.596463222,4.6,2.021266031,7.8,0.494675953,10011000000,3152314523,4142632145,7483256894,11100,42.4
female,33.47945205,science,spanish,7,0,0.065783182,22.3,0.089538752,34.2,0.515445949,38.4,-0.291381312,37.6,1.514145562,32.1,0.378706427,1101000011,3244413543,1516662542,5672598613,110010111,164.6
female,27.43835616,science,german,6,1,-0.273308918,15,1.336502127,11,1.20059175,16.4,1.606476245,29.2,1.312560765,8.9,1.036564394,101110110,2345441213,5623514463,5969748526,110101000,80.5
female,25.35068493,other,german,6,1,-0.079699721,10.4,0.20659518,11.5,1.389845203,14.3,1.110129461,13.1,2.244683152,7,0.974310655,11100101010,2452132435,1146233152,5214369875,101100001,56.3
female,22.6,other,german,6,3,1.060495216,11,-0.179909136,7.4,1.358342501,18.9,0.373199477,7.4,1.718569295,10.8,0.866139471,1011101001,3422543125,5232545661,5246721859,110011001,55.5
male,43.2630137,science,german,6,0,0.665394272,9.3,0.723053306,11.8,-1.132709235,12,1.034788252,13.8,1.130662689,11.1,0.484237857,1110101110,2352332444,5142215563,5267473214,110110100,58
male,35.05205479,science,spanish,7,0,-1.283928445,24.9,1.821416993,11.7,-9.982032341,16.7,1.344621973,39.4,1.013562903,28.7,-1.417271783,1.101E+11,3333333333,5336112354,3426259315,1100011,121.4
female,38.57260274,science,german,7,0,-0.880661956,15.4,0.145914825,22.2,1.850957503,13.9,1.230098458,9.8,2.054701956,7.8,0.880202157,11101110101,2321445312,1146653621,1452639785,1110010,69.1
female,41.95616438,science,german,6,0,0.944802694,8.6,0.35618483,12.8,1.190245893,14.6,0.925817626,6.8,2.073961189,9.8,1.098202447,1110011100,4135432123,1412533562,3261854962,101110001,52.6
male,53.35616438,other,german,6,0,-1.283928445,28.9,0.35618483,13.1,1.06564661,22,-0.068544944,36.5,0.931459709,24.9,0.200163552,1.101E+11,5344112544,2155361414,5364712167,110010101,125.4
male,31.22191781,science,german,6,2,0.517184144,8.4,-0.179909136,8.2,1.476226748,15,1.879422092,10.2,0.135227252,14.4,0.76563022,10010111001,3231245231,5341562351,5547686223,110100001,56.2
male,42.34246575,humanities,german,7,0,-0.251212237,5.9,0.089538752,8.9,0.421009183,11.5,0.637248729,5.2,-1.028332509,14.8,-0.026349616,1.11101E+11,3411534335,2423652511,2932717757,11010111,46.3
male,57.14246575,science,german,5,0,-0.389429471,23.1,-0.596190895,10.2,0.748956123,25.1,0.788900981,10.5,0.45360345,8.4,0.201168038,1010110110,5521134432,1553266414,5254672321,110010001,77.3
male,29.30136986,science,german,6,0,0.177283707,13.1,-0.179909136,17.7,1.692341555,16.8,0.744892915,18.5,1.748343974,10.4,0.836590603,10010011110,2413524315,6211635441,5726846951,110100001,76.5
female,42.19726027,humanities,german,6,1,0.153881601,8.9,1.336502127,10.3,1.968133903,13.7,1.484670075,9.2,1.564033646,13.5,1.30144427,10011011101,2435134253,1563251652,1786525937,11101000,55.6
male,32.84931507,science,spanish,6,0,0.665394272,8.9,0.35618483,11.3,0.641926196,23.3,1.777319263,6.4,1.480635055,9.7,0.984291923,10010110001,3451223235,5241536521,8537541869,101011100,59.6
male,32.68219178,other,german,6,2,-4.415494561,15.4,1.036960055,7,-9.982032341,13.1,0.296549227,10,1.969536655,9.9,-2.218896193,0,4444444444,5236524523,1568349657,110101010,55.4
male,32.41369863,0,other,3,0,-0.715901094,16.5,-3.040965737,19.4,-0.692867802,46.3,0.280935922,16.5,2.043341365,13,-0.425091469,1000101101,5222243142,6624521311,5249378514,0,111.7
male,18.34246575,0,other,0,NA,-1.57094025,9.7,1.821416993,10.2,0.086023436,13,1.490822283,10.9,1.765812122,6.7,0.718626917,1010101,2454442134,2315426115,4695214785,1110011,50.5
male,47.50410959,humanities,german,5,0,-2.062574009,11.7,0.010229046,5.4,-2.665005117,10.6,1.008370912,13.5,-2.4207011,17.1,-1.225936053,101001001,1113544442,2232546152,4925711115,1101101,58.3
male,34.0630137,science,german,6,0,1.532668597,13,-1.126483048,5.8,-9.982032341,21.7,-0.133460856,15.5,-1.196659886,10,-2.181193507,1011100001,1111111111,2424523514,4141245841,100001,66
male,65.75890411,science,german,6,0,0.374697463,11.7,-0.678035429,10,1.90242921,9.7,0.025151704,11.3,0.915978457,12.2,0.508044281,11101001011,2314512432,1426515454,5239531896,110111001,54.9
male,54.62191781,science,german,7,0,1.907453695,12.4,0.35618483,12.4,1.559462675,44.8,1.5799331,14.7,1.708119409,19.5,1.422230742,1011100101,4225114352,1534546251,3518659471,10101001,103.8
male,46.78630137,science,german,6,0,0.345809681,12.8,0.35618483,10.5,-9.982032341,19,1.91240524,10.6,1.123175861,13.5,-1.248891346,1.11011E+11,5555555555,5461253644,9592175684,1110101,66.4
male,26.32876712,science,german,6,0,1.060495216,15,0.285179156,12.7,0.963165217,14.9,0.531119934,12.6,1.765812122,12.9,0.921154329,1101011110,3213423545,5336124225,5624795384,100000101,68.1
male,39.57808219,science,german,6,0,0.331697441,14,1.821416993,10.4,1.614813441,23.5,1.847201629,12.2,0.645479951,13.2,1.252121891,11011100100,5144353241,2162534215,5266468735,110011100,73.3
male,24.65753425,science,german,4,0,-0.645664753,15.9,0.089538752,19.5,1.446812932,12.8,0.486927367,11.8,-0.24529196,9.3,0.226464468,11010110100,4352211254,3246133553,9868455752,10000011,69.3
male,38.77534247,science,german,4,0,1.532668597,6.1,1.821416993,6.7,-9.982032341,4.9,0.986732698,16.3,0.720267136,9.2,-0.984189383,1011100001,3333333333,1132522613,5439677858,110001100,43.2
male,71.9369863,science,german,6,0,-0.79783041,23.8,1.821416993,24.1,-9.982032341,27.3,0.223896324,12.5,1.690322041,9.9,-1.408845478,1.1011E+11,4444444444,1536332244,7235185469,10011101,97.6
male,33.47123288,other,german,4,0,0.331697441,5.9,0.20659518,6.7,1.697338515,11.4,0.96754149,7.8,1.376091347,9,0.915852794,1011100110,3425411342,2324615266,4764138562,101001100,40.8
male,31.18082192,other,german,6,1,0.665394272,45.8,0.20659518,23.9,0.900781559,57,1.439374442,103.5,1.600181215,35.2,0.962465334,1011001110,5325134224,4153463211,1682197564,101001100,265.4
male,44.47123288,humanities,german,6,2,-0.526397725,13.2,-0.490516869,11.8,1.225045738,17.4,-0.282774287,16.8,1.575043271,9.6,0.300080026,1.00101E+11,4211543523,6566412311,8654324165,110011000,68.8
male,21.68767123,humanities,spanish,5,1,1.306093628,14.7,0.20659518,23.5,-0.597044019,40.3,1.589827624,12.2,1.283231108,14.1,0.757740704,101110001,2421531535,1435164251,5761829434,1100101,104.8
male,36.39452055,science,spanish,7,1,0.331697441,17.5,-1.474774505,20.9,1.955946679,17.6,1.643818802,8.8,2.244683152,8.9,0.940274314,1011001001,4211352341,2415236215,5429831765,10001,73.7
male,30.26849315,science,german,5,0,0.290609175,19.1,-0.596190895,35.3,-2.769351602,21.6,0.855678375,33.4,-0.700460166,15.9,-0.583943023,101100100,3552111113,1552326545,7444995327,110001011,125.3
male,42.01369863,other,german,4,0,-1.438529766,17.2,0.145914825,19.7,0.849136679,16.1,1.133788314,12.2,1.514145562,9.4,0.440891123,1.01101E+11,4514334525,3462315343,6473651489,101100011,74.6
male,36.58630137,0,german,0,0,0.685710118,14.2,-0.490516869,9.4,-0.681790974,14.3,1.633534822,11.6,2.143107142,10.1,0.658008848,1001111001,3452321232,1635421432,1523647895,1100111,59.6
male,48.42465753,humanities,german,6,0,0.817983063,10.2,-3.040965737,5.1,0.724425771,14,1.25590425,8.3,0.659952515,9.5,0.083459973,1111000101,2345423121,5432265451,4597512667,111111111,47.1
male,30.21917808,science,german,6,0,0.665394272,8.8,-0.490516869,8.7,-9.982032341,10.5,1.112477352,9.6,0.236503509,17,-1.691634815,100111001,4444444444,1542615223,4758175988,101001011,54.6
male,28.37808219,science,german,6,0,-1.283928445,14.1,1.336502127,24.2,1.249952006,18,0.480940363,18.4,1.414101655,9.1,0.639513541,1.101E+11,4321154353,2156116343,5265478195,11001010,83.8
male,35.41643836,science,german,6,0,-1.283928445,11.2,1.036960055,17.1,0.623758243,24.1,1.091487405,18.9,0.414202762,15.1,0.376496004,1.101E+11,4224531443,5162523114,6192646588,101010100,86.4
male,35.43287671,science,german,6,0,1.907453695,8.4,0.189437849,6.5,0.746482882,16.5,0.901370105,12.1,1.233475292,11.8,0.995643965,101111001,2544212553,5514356642,5185641725,110011101,55.3
male,39.69863014,humanities,german,6,0,0.014702021,9.7,-1.474774505,10.5,0.45839201,19.7,1.762254544,7.4,0.659374308,13.5,0.283989676,11101001010,3214354334,5211365423,5622841799,1010000,60.8
male,30.36712329,science,german,6,0,1.390181916,7.9,0.145914825,10.4,-9.982032341,14.7,1.583223475,24,0.658466133,10.8,-1.240849199,1011100111,2222222222,4236615422,5446698324,101001110,67.8
male,21.25205479,science,german,4,0,-4.415494561,10.6,1.821416993,10,-0.462023923,11.3,-3.404811917,7,2.143107142,5.2,-0.863561253,0,3413234134,4656456456,4586239741,110011100,44.1
male,30.90136986,0,german,4,0,-1.283928445,9.1,-0.956960541,11.7,1.327559925,19.5,1.404169042,11.4,0.246714813,9.7,0.147510959,1.101E+11,4332551134,6255143254,5226493314,101101110,61.4
male,44.2109589,science,german,6,0,1.907453695,18.3,1.821416993,16.6,0.075473014,27,1.500101826,13.9,0.668900942,12.1,1.194669294,1011100101,3324245114,5234415625,5364144752,11110001,87.9
female,47.07123288,humanities,german,4,0,1.22902119,9.6,-0.47314368,24.7,0.914708044,10.4,1.041471588,6.7,1.820832402,9.7,0.906577909,10011110100,3241534234,5215422316,4936285742,11010000,61.1
male,33.33424658,science,german,4,0,1.19276816,7.8,1.773448729,6.4,0.614765361,17,1.409975188,7.3,1.411412991,9.3,1.280474086,101100011,2535531245,5261136534,5136548126,100101110,47.8
male,25.64657534,science,german,4,0,-0.301972727,10.5,1.821416993,25.8,0.906334883,18.9,1.980810284,22.3,1.426665728,8.8,1.166651032,1.0111E+11,2521314354,2651356423,1674528239,10100101,86.3
female,54.4739726,humanities,german,6,4,-1.279037779,10.5,0.781777371,8.2,0.448453374,15.7,1.395504934,12.1,1.506699259,11.1,0.570679432,10100010110,2351432143,2451335126,4572196935,101100000,57.6
male,41.08767123,humanities,german,6,0,-4.415494561,17,0.446237926,15,1.515013786,15.8,1.457316401,8.6,1.528566956,10.6,0.106328102,0,3512134255,1536621341,7356846521,110110010,67
male,34.95890411,science,german,6,0,0.331697441,7.3,0.20659518,16.7,0.392212382,15,0.389887975,7.2,-0.281395666,12.8,0.207799462,1011101011,2321555231,1256663441,4522345866,1111010,59
male,29.36164384,humanities,german,6,1,0.024694916,15,0.189437849,14.7,-0.143012445,17.3,0.915578984,17.1,1.423278243,10.5,0.48199551,1001110,2331232454,1564325433,5745632189,10100001,74.6
male,33.31780822,humanities,german,6,0,-0.683787013,5.6,0.010229046,4.1,-6.361115805,8,-0.198241555,9.8,1.708607673,13.8,-1.104861531,11111011101,2434444444,5254523655,5648714693,100101101,41.3
male,24.24383562,science,german,4,0,-0.43940563,11.1,0.145914825,18.6,1.225045738,16.9,1.110129461,11.2,1.764123892,8.1,0.761161657,11101010010,1422531143,5341152644,5864794258,101001110,65.9
female,52.70410959,humanities,german,4,0,-0.693076878,26.2,1.036960055,23.7,-9.982032341,21.9,1.063983757,19.6,1.217634496,13.4,-1.471306182,1.11111E+11,2222222222,5524624315,5154978523,101010001,104.8
male,37.95890411,science,german,6,0,0.467207985,14.6,1.773448729,11.4,-0.744477394,34.3,1.082259074,19.5,1.723820841,18.1,0.860451847,1101110011,4345213213,5244653246,5412867598,11101001,97.9
male,52.62739726,science,german,4,0,0.665394272,6.4,-0.956960541,8.1,0.849136679,18.9,1.237790141,8.4,1.557967299,10.9,0.67066557,101101000,4325132224,2536651253,8257361496,110001111,52.7
female,43.08219178,humanities,german,6,5,0.685710118,8.6,1.336502127,7,-7.823521473,14.9,1.100777259,10.2,1.40926542,11.4,-0.65825331,1111010100,3422222222,1522341662,5726453849,11001010,52.1
male,31.4109589,humanities,german,6,0,0.534461914,9.4,0.35618483,24.2,1.908271645,9.8,1.93342333,8,1.742176632,8.1,1.29490367,11000011001,3425134523,5362146653,6872519345,10001110,59.5
male,34.02465753,science,german,6,0,-1.101147639,10.9,-0.596190895,16.4,1.007419332,15.5,0.560852657,13.2,1.225117805,15.6,0.219210252,1000101000,3421142352,1135462254,5244716842,110100011,71.6
male,25.85753425,science,german,4,0,0.685710118,8.9,-0.688451355,6.7,-9.982032341,10.8,0.857634126,8.4,0.747653525,11.9,-1.675897185,1001111001,1111111111,2452635211,4574316926,100011111,46.7
male,42.47945205,science,german,4,0,-0.427162619,30.1,0.35618483,22.5,-9.982032341,19.3,1.606476245,18.4,0.854246358,17.4,-1.518457506,11011001101,2222222222,3216355214,2658645374,1110101,107.7
male,42.47945205,science,german,4,0,-0.427162619,30.1,0.35618483,22.5,-9.982032341,19.3,1.606476245,18.4,0.854246358,17.4,-1.518457506,11011001101,2222222222,3216355214,2658645374,1110101,107.7
male,39.0739726,science,german,6,0,0.055338621,8.4,-0.791814807,7.8,-0.118538407,16.1,1.728942847,19,0.95727749,8.4,0.366241149,1001011000,3433123533,1554365214,5816525394,111001101,59.7
female,31.51506849,humanities,german,6,1,0.345809681,15.3,-0.596190895,22.8,-9.982032341,14.1,1.162719587,14.8,0.5328092,12.8,-1.707376953,1010010011,4444444444,4216232513,4326274515,11010100,79.8
male,35.33150685,science,german,5,0,-0.910361982,10,1.226951829,5.6,0.870640994,12.9,-0.724488765,4.6,-0.029180373,6.4,0.086712341,1.011E+11,5453351425,5643543643,6545859653,111101010,39.5
male,43.68493151,science,german,6,3,0.277309179,11.2,0.35618483,30.9,0.789158483,21.3,1.606476245,15.3,1.462759127,18.7,0.898377573,11101010001,4543225132,3441256435,7539684274,10001110,97.4
female,32.8630137,science,german,6,0,0.606995879,4.8,0.561667292,7.4,0.980692741,22,1.560352362,5.4,1.000327562,14.3,0.942007167,1011000001,2312445122,2145436522,4173989658,111001001,53.9
male,31.48493151,science,german,6,1,0.065783182,7.4,-3.040965737,6.7,1.52819509,17.1,1.010553329,8.9,1.999894425,10.4,0.312692058,10000101000,4324512423,2412642354,5624781639,0,50.5
male,19.19452055,science,german,4,0,-0.693076878,16.6,0.20659518,23.4,0.980692741,14.4,-0.201906181,13.6,1.600181215,8.6,0.378497215,1.11111E+11,3413235324,2116324232,4283495126,101001100,76.6
male,42.16986301,science,german,6,0,0.972396797,25.4,1.773448729,24.8,0.555585238,21.5,-2.889086162,27.5,0.730264109,15.8,0.228521742,1000011001,3532524532,3555551432,7648265612,10001111,115
male,27.23561644,science,german,6,0,-1.04918793,5.5,0.35618483,22.7,1.393835366,7.3,1.358570767,4.8,2.04293717,7.1,0.82046804,10010101101,3421332543,1523354625,8524176852,101010011,47.4
male,52.03561644,other,german,4,0,-4.415494561,14.5,0.35618483,25.2,0.253368066,29.1,1.019317338,13.6,0.699786696,13.5,-0.417367526,0,5252314245,2611425135,7529537895,100011101,95.9
male,24.88767123,science,german,6,0,0.626054983,16.7,1.821416993,16.8,1.32376111,21.6,1.401275016,10.1,0.905872208,13.3,1.215676062,1010011101,3244513543,2644355624,5967512238,10110101,78.5
male,32.52328767,science,german,4,0,-0.585360735,10.4,1.821416993,11.8,1.586853702,13.6,0.788900981,30.8,1.105111592,13,0.943384507,1010111011,4231554532,2432611454,3574538926,100011110,79.6
male,24.01643836,science,german,6,0,0.290609175,7.9,-0.596190895,9.5,1.173177489,15.5,0.779617316,11.1,-6.969241163,10.4,-1.064405616,1001011100,4254321543,1535416535,5623333336,1101110,54.4
female,20.13972603,humanities,spanish,5,0,0.153881601,11.1,1.821416993,13.3,2.037209509,14.2,1.075377712,15.1,1.351346642,13.2,1.287846491,11101110100,3145241532,5245635211,5229843716,10110101,66.9
male,36.69315068,science,german,6,0,1.347181894,55.2,-0.596190895,9.9,-9.982032341,14.6,-0.002569406,13.4,0.394315921,71,-1.767858965,11000010011,1111111111,5563665451,8864274688,100101011,164.1
male,38.42739726,science,german,7,1,0.517184144,24.1,-3.040965737,12.6,0.55344255,40.7,0.700482753,10.4,0.915198704,26.6,-0.070931517,10001100111,2315153411,2215461266,4375469254,0,114.4
male,40.70684932,science,german,7,0,0.331697441,8.1,1.773448729,11.4,0.95737304,26,0.677936961,10.8,1.127753047,11.2,0.973641844,1101100110,2321435233,2126552241,5422684719,110010100,67.5
male,22.14794521,0,german,3,0,-1.438529766,18.5,-0.688451355,11.7,2.069818343,17.8,1.133788314,19.3,0.317562658,18.2,0.278837639,1.01101E+11,3245123154,5226153546,5855623971,111110001,85.5
male,38.35342466,science,german,4,0,1.347181894,21.9,1.336502127,9.3,0.28456666,25.2,0.26038664,20.3,1.376879245,10,0.921103313,11100100011,4315444221,6446332511,8659874258,10001011,86.7
female,53.88493151,other,german,6,0,-4.415494561,44.5,-0.984117278,11.2,-9.982032341,26.6,-11.37692329,17.5,-15.15284495,13.1,-8.382282485,0,1111111111,3333333333,6666666666,110000000,112.9
male,4.002739726,0,english,1,0,-4.415494561,9.1,-3.040965737,12.6,-8.169085689,5.4,-11.37692329,4.7,-15.15284495,5.3,-8.431062847,0,3233333333,5555555555,5555555555,0,37.1
male,38.24109589,humanities,german,6,0,-0.693076878,24.1,1.821416993,21.7,1.16303933,42.2,1.232657638,33,1.771226882,20,1.059052793,1.11111E+11,2453241253,3522641346,1458372568,101100010,141
male,33.98630137,0,german,3,2,-4.415494561,8.9,0.35618483,13.7,0.796831889,14.1,0.984587243,10.7,2.143107142,12.7,-0.026956691,0,2354123543,2561324326,5819623748,10101100,60.1
female,36.10410959,science,german,7,0,-1.795258183,22.1,0.20659518,14.7,0.32010115,18.8,1.091487405,17.3,1.359247918,14,0.236434694,11011011001,5545223411,5256332156,8238471986,101000110,86.9
male,32.75616438,other,german,6,0,0.500223415,16,1.821416993,7.9,1.801380896,14.8,1.126648386,13.2,-0.001097986,7.6,1.049714341,1.10011E+11,3541324453,5216324331,6869934577,101110010,59.5
male,65.18082192,humanities,german,6,0,-0.024223047,15.3,0.068744507,12.1,0.697948654,32.3,1.725290229,16.5,1.484150701,12.8,0.790382209,1101110010,4251223321,6254311356,5317466895,10101010,89
female,50.45205479,0,german,3,0,0.097844215,9.4,-3.040965737,11.2,0.428793476,18.8,0.721623076,10.2,-0.48239831,12.9,-0.455020656,101010011,2111534254,5612424566,8772988445,0,62.5
male,41.72054795,other,german,4,0,1.030186475,9.1,-0.791814807,17.6,0.305774642,15.8,0.879330534,6.9,1.000430526,5.5,0.484781474,101110010,2343452311,4154436253,7451852596,110010,54.9
male,73.90684932,science,german,6,0,0.331697441,11.5,-0.596190895,36.2,0.012416096,21.1,0.041399143,10.6,1.298762704,9.3,0.217616898,1011100110,4211432143,2243521621,5247593658,100110001,88.7
male,52.56164384,other,german,4,0,0.404517268,20.4,-0.47314368,16.1,-6.210054124,16.7,0.035962254,9.4,0.037303889,12.5,-1.241082879,1.1101E+11,3423333333,2223652123,5562114775,1101111,75.1
male,40.86575342,science,german,6,0,-1.256703796,20.3,1.773448729,30.6,1.409915307,28.3,0.741287549,16.8,0.591592567,17.5,0.651908071,100111011,1421532144,6634415314,7425779158,10001111,113.5
female,63.71506849,other,french,6,0,-2.048817213,21.7,-3.040965737,15.1,-0.351879806,25,0.520323742,13.2,1.448935947,14.7,-0.694480613,101000001,2543422244,1233456616,1445862391,0,89.7
male,35.82191781,other,german,4,1,-1.438529766,37,1.821416993,26.9,0.849136679,16.2,0.743089066,14.7,0.700804301,9.8,0.535183455,1.01101E+11,4335415345,4412136416,2575382514,10110101,104.6
female,46.0630137,humanities,german,6,0,-0.526397725,15.6,1.821416993,11,1.442662916,18.3,1.895816081,10.2,1.916127467,7.5,1.309925147,1.00101E+11,4253414253,5236154532,8246938742,10110101,62.6
male,46.03287671,science,german,6,0,0.451132209,6.3,-0.179909136,11.6,1.413965472,12.9,1.375495748,12.1,1.057377321,14.3,0.823612323,110010110,4231544221,6251452611,5368842798,11001100,57.2
male,36.49315068,humanities,other,4,0,1.22902119,18.1,-0.678035429,9.4,1.16303933,23.1,0.438287202,16.2,0.919492221,20.6,0.614360903,1011110010,4135524233,2545362122,9568647412,11111100,87.4
male,63.77260274,science,german,7,0,0.665394272,7.4,0.20659518,11,-7.823521473,14.9,1.62672076,16.3,1.105111592,17.6,-0.843939934,101101000,4155555555,6253514622,8276459154,101001100,67.2
male,53.48219178,humanities,german,6,0,-0.693076878,39.3,0.568657951,16.6,1.354455979,28.4,1.189778164,24.9,-3.181509479,14.3,-0.152338852,1.11111E+11,2553412554,6652355146,6288679999,100110,123.5
male,45.32876712,humanities,german,6,0,-0.315978053,7.1,0.35618483,16.5,1.249952006,13.6,1.412887358,10.6,1.514576253,9.6,0.843524479,11010001001,3512243545,1234565246,5248623781,1101010,57.4
male,30.83013699,science,german,6,0,0.290609175,15.4,1.773448729,24.4,1.633781065,20.4,0.607493728,17.6,1.86630319,10.7,1.234327177,1100010101,4152334154,2212364421,7618932658,1101011,88.5
male,29.6739726,humanities,german,6,0,1.907453695,7.7,1.821416993,23,1.532617685,16.1,1.743649822,13,1.442481497,13,1.689523938,1011100101,3243122354,2543611526,5497356815,101100010,72.8
female,56.45753425,0,german,3,4,-0.818235958,25.5,1.821416993,13.5,0.296897358,29.2,0.991033544,13.1,1.564033646,12.2,0.771029117,1.10001E+11,1343415245,4156145233,5721418953,10001101,93.5
male,22.69315068,0,german,3,3,-0.526397725,6.4,1.821416993,12.9,0.906334883,6.9,1.739958501,8.8,0.960986849,9,0.9804599,1.00101E+11,5325143544,4251561345,3447618695,10001101,44
female,36.92054795,other,german,6,0,-0.693076878,25.4,0.781777371,12.8,1.268028506,25.1,1.714389473,14.6,2.06594152,6.8,1.027411998,1.11111E+11,3435215435,5143626435,8652147965,101001000,84.7
female,33.47945205,science,spanish,7,0,0.065783182,22.3,0.089538752,34.2,0.515445949,38.4,-0.291381312,37.6,1.514145562,32.1,0.378706427,1101000011,3244413543,1516662542,5672598613,110010111,164.6
male,53.92876712,0,german,3,0,-1.164325463,32.7,1.336502127,32,-9.982032341,18.1,1.237790141,22.3,2.244683152,12.3,-1.265476477,11010101,2222222222,5165432664,5192784635,10001011,117.4
male,57.05479452,other,german,4,1,0.517184144,18,-0.252960072,25.5,0.002424791,19.3,0.913540252,11.2,0.713410137,15.8,0.37871985,1011101100,4354113541,6255352316,3653728815,10100010,89.8
male,66.18356164,humanities,german,6,2,0.076347112,10.4,0.20659518,33.6,1.532617685,16.7,0.466084434,16.2,0.913640376,14.7,0.639056957,1101101,5322451325,1152415633,6593672258,101001100,91.6
male,37.00821918,science,german,6,0,1.060495216,19.1,-3.040965737,3.9,1.193685689,24.8,1.089174586,14.8,1.457215017,24.6,0.351920954,1011101001,2351423425,5241526342,2842751682,111111111,87.2
male,27.94520548,other,german,4,0,0.665394272,6.7,0.145914825,13.2,1.974269126,17.4,1.51570639,8.5,1.902781659,7.6,1.240813254,101101000,2344154213,5245316521,5328195672,1110010,53.4
female,60.10958904,science,other,7,0,0.588321834,16.7,0.35618483,24,1.896612013,15.8,2.057369245,12.1,1.893948021,12.5,1.358487189,1101100111,3122544132,3612345162,1548762389,10100011,81.1
male,27.07945205,humanities,german,6,1,-0.301972727,35.5,-3.040965737,9.2,1.20753341,12.8,1.075377712,8.3,1.094351585,8,0.006864849,1.0111E+11,1325134253,3615236142,8432758486,0,73.8
female,33.01917808,humanities,german,6,1,1.030186475,12.5,1.821416993,16.3,0.995475316,20.7,1.059452133,18.6,1.916127467,18.5,1.364531677,1110101111,4225341145,5341622516,5348615743,1110011,86.6
male,68.59178082,0,german,0,0,1.58550205,18.6,-3.040965737,23.1,-1.863046003,66.9,-0.409766206,25.3,0.453314296,24.4,-0.65499232,1111100110,5522215554,2254511142,5441285596,0,158.3
male,32.31506849,humanities,german,7,0,-0.273308918,8.8,1.773448729,13,-0.340904366,12.5,-0.117027061,10.4,0.596263185,9.9,0.327694314,101110110,4442454325,6245362536,2471863966,10100111,54.6
female,42.78630137,humanities,german,4,3,-4.415494561,46.9,1.336502127,8,-0.355155071,29.7,1.162719587,10.7,1.999894425,9.8,-0.054306698,0,3542134213,6154326543,8569134527,101110100,105.1
,NA,0,other,0,NA,-4.415494561,10.7,0.068744507,6.7,-9.982032341,9.2,1.481604126,6.9,-15.15284495,10.3,-5.600004645,0,4444444444,1235652145,5555555555,10101010,43.8
male,51.04931507,other,german,4,0,1.060495216,9.3,0.20659518,8.2,1.908271645,23.1,1.448316545,10.1,1.893948021,8.2,1.303525321,1100011101,4235513243,5416525613,8574265139,110000101,58.9
male,43.19178082,other,german,4,0,0.108783204,10.6,0.089538752,14.7,1.920033109,20.6,1.412887358,17.3,0.269522598,26.7,0.760153004,11010010110,3541213451,1134651235,1997256462,101111001,89.9
male,36.91232877,science,german,7,0,0.500223415,16.4,-2.023993528,10.1,1.712441616,17.1,1.160285573,9.4,1.529146619,10.3,0.575620739,1.10011E+11,1421353421,5325614216,1457394518,10000000,63.3
male,56.64109589,other,german,6,0,0.64551536,8.7,1.336502127,14.9,-0.132761746,11.8,0.759408389,12.4,0.568526652,9.6,0.635438157,1111010000,4154354553,1132566114,5579644189,1011101,57.4
male,46.34794521,science,spanish,7,2,0.626054983,6.4,1.336502127,5.8,2.069818343,19.5,1.490822283,6,1.371895989,7.4,1.379018745,1010011101,4351234215,4521235645,8564573124,11101000,45.1
male,19.03561644,science,german,4,0,0.389487119,15.8,0.145914825,18.6,1.890819836,14,0.950701733,14.8,1.625271812,9.7,1.000439065,10110111110,2435314235,2614534563,8641587493,11100101,72.9
male,40.02739726,science,spanish,7,0,-2.000675344,31.5,-0.791814807,18,1.633781065,25.2,0.838199042,9.3,-0.412157154,14.8,-0.146533439,1000011000,3241354212,2521314215,5475865845,10110000,98.8
male,32.18630137,other,spanish,6,0,-0.526397725,14.3,1.773448729,9,0.859845913,26.6,1.490822283,13.5,0.076513878,10.1,0.734846616,10010110000,2412514425,6433125423,1573862462,10001111,73.5
male,27.95068493,humanities,spanish,6,2,0.944802694,19.4,-0.956960541,12.2,2.056679907,17.2,1.22754397,58.3,2.244683152,12.3,1.103349837,1011111100,4135424531,3541365221,8245736198,100011000,119.4
male,35.48219178,science,spanish,5,0,0.483568302,16.7,1.226951829,6.9,2.103236412,13,-1.522504481,5.9,1.49729953,7.3,0.757710318,10100111001,5243123455,4266566611,4587232541,1010001,49.8
male,50.38356164,humanities,spanish,7,0,0.706482538,14.5,0.35618483,11.4,1.068782069,16.7,1.372660604,7.5,1.707305978,10.9,1.042283204,101101011,2453123321,5241256154,5472851679,11010101,61
male,56.25753425,science,spanish,6,0,0.304103338,28.7,-3.040965737,13.3,0.343711772,30.8,1.019317338,15.2,1.849451133,15.8,0.095123569,110111000,5223253411,6225541523,9675346195,0,103.8
male,63.14794521,0,other,0,1,-0.273308918,15.1,0.189437849,29.5,1.541506688,33.8,1.433444761,26.2,1.902781659,15,0.958772408,1101101000,1322545143,2533645214,2674183294,1100010,119.6
male,32.81369863,science,german,7,0,1.060495216,5.8,1.821416993,4.9,-0.420080661,7.8,1.773537787,4.7,1.036895476,8.8,1.054452962,1011101001,3523521345,5361421351,9125296748,10100101,32
male,37.89041096,science,spanish,7,0,-3.068202563,13.9,1.466399166,15.8,1.986624066,14.1,0.237625233,10.9,1.188407042,7.5,0.362170589,10010010010,2341254321,5416653323,5871474265,100011100,62.2
male,30.31232877,science,german,4,0,-1.527003245,23.2,1.773448729,11.9,0.833230836,16.5,0.944438923,22.8,1.298762704,15.5,0.664575589,1.01001E+11,5425342355,3564515365,3968379164,100101110,89.9
male,33.33972603,science,spanish,7,0,0.451132209,22.4,-0.490516869,17,2.043668414,19.1,1.328065664,7.9,2.072312735,12,1.08093243,1101000101,4253214352,2451226342,4276135928,100110010,78.4
male,47.04383562,other,german,5,0,1.19276816,18.1,0.145914825,18.5,-0.093611341,23.9,0.406778763,13.6,0.655497647,10.3,0.461469611,10001101111,4125515333,5112143316,4966872114,110001101,84.4
male,54.06027397,science,german,7,0,1.532668597,33.4,1.036960055,16.9,1.221525007,31.7,1.967725935,13.5,1.304517831,10,1.412679485,1011011100,4214352432,3625514326,5345876495,1010101,105.5
male,35.6739726,0,spanish,3,0,-0.123515212,9.2,-3.040965737,10.9,0.923133592,9.6,1.682189692,8,1.283231108,9.7,0.144814689,1011010010,3435313254,2542135614,5651327849,0,47.4
female,43.90410959,humanities,spanish,7,5,2.922938148,10.7,-0.490516869,28.9,-2.911383648,15.3,-0.394710054,16.4,1.778022105,13.4,0.180869937,1111000011,3514544444,5326646364,5241756328,110011,84.7
male,16.75068493,0,german,2,NA,0.345809681,23.8,-0.142574845,11.8,1.63856501,36.3,-0.07857719,22.2,2.143107142,12.5,0.78126596,1.11011E+11,5423514552,3151643664,2647853196,110001001,106.6
male,27.29863014,science,german,4,1,0.360140724,4.8,0.089538752,23.5,2.261006722,7.3,0.798246911,5.2,-0.871782498,7.7,0.527430122,100111010,3241253421,5542331554,7545524475,110000010,48.5
male,37.39178082,other,german,4,0,1.435280313,11.5,-0.47314368,18.8,-0.391728476,19.5,1.811822419,12.2,2.066146633,11.7,0.889675442,101010111,2333451133,1532142563,1429865412,1101111,73.7
female,20.07671233,other,german,4,3,-3.495939066,29.2,0.145914825,13.8,0.340052316,21.5,1.274256935,24,2.066146633,13,0.066086328,11111111111,3334151233,3642154456,5738194537,10110001,101.5
male,45.48219178,0,german,2,0,0.201293726,8.3,-3.040965737,2.9,-9.982032341,13.3,-11.37692329,8.4,-5.494518737,11.2,-5.938629276,1111010010,2222222222,6666666666,5685155555,111111111,44.1
female,38.92876712,humanities,spanish,6,1,-0.693076878,34.4,-0.490516869,20.3,0.748956123,62.3,-0.021442918,56.7,2.143107142,28.3,0.33740532,1.11111E+11,1315241434,5344463412,9358276491,11110000,202
male,46.63561644,other,german,5,1,1.701194572,13,1.821416993,12.7,1.480481662,14.9,0.991033544,11.7,1.916127467,9.3,1.582050848,11010000111,4221544352,5366212443,6825146928,101100010,61.6
male,28.48493151,science,spanish,7,0,0.771756741,10.7,0.446237926,8,0.980692741,24.2,1.61319179,14,2.113637588,11.8,1.185103357,1100001101,4125244352,5143566412,6459281674,100100101,68.7
female,41.79178082,humanities,german,6,2,1.390181916,7.4,-1.298379402,10.8,1.059397508,17.8,0.923763871,6.9,1.925838252,9.3,0.800160429,110111110,3255345312,2523144162,5236418976,1010100,52.2
male,49.4109589,science,german,6,0,0.74948256,23.7,0.189437849,22.2,0.639641753,19.6,1.162719587,12.7,2.054701956,11.3,0.959196741,10111000110,2345123451,1234561345,1234567893,100001010,89.5
female,22.4630137,humanities,french,4,0,-1.527003245,14.3,1.269405268,27.9,0.93445029,16,1.916583573,9.6,1.999894425,9.5,0.918666062,10110111111,3241215242,1623541162,1574862593,100001100,77.3
female,27.60273973,science,french,6,1,1.435280313,10.5,0.35618483,13.4,1.732846234,18.5,0.991033544,9.5,1.409533703,9,1.184975725,11100011001,5241355234,6652341243,5623876956,10101001,60.9
female,24.16438356,science,french,6,1,0.685710118,10,0.20659518,5.9,1.374001737,13.4,0.648993905,11.6,1.562551853,25.1,0.895570559,1100111010,4253134423,5523661132,5531978425,11000101,66
female,31.35890411,other,french,6,0,0.626054983,16.4,-0.142574845,15.3,1.692341555,31.5,0.271908301,13,-1.430362132,14.2,0.203473572,1101001100,1345214352,5236552664,8886624475,110001001,90.4
female,22.98082192,other,french,6,4,0.389487119,18.2,0.35618483,25.6,1.712441616,15.3,1.328065664,22.1,1.667487544,15,1.090733355,1000011011,3421154253,2514413623,8412549736,100011101,96.2
male,33.87671233,science,german,6,0,1.22902119,5.9,0.20659518,13.3,1.159676834,10.8,1.075377712,10.6,0.662598506,11.5,0.866653884,1011000110,2545142312,6261441256,3253844592,100001101,52.1
male,44.03013699,science,german,6,0,0.165508595,14.1,-0.956960541,7.8,0.771422096,17.8,0.763061007,20.2,1.023355266,28.4,0.353277285,1110010011,4235424143,5254211325,3644593264,101101110,88.3
male,36.88493151,other,french,4,4,-0.715901094,16.6,-0.47314368,5.3,0.753916272,56,1.924978014,18.7,1.385308571,18.6,0.575031617,1000101101,1235213141,3532612435,8534758694,111101100,115.2
female,41.83561644,0,other,6,3,1.19276816,31.3,-2.023993528,21.9,2.151460252,31,1.389758646,16.9,0.911500236,9.3,0.724298753,10001101111,5321443521,3641513652,8625589641,10,110.4
male,28.15068493,science,french,6,0,1.00084008,4.8,1.336502127,20.4,1.850957503,10.7,1.098448983,5.1,-0.571722036,7.1,0.943005331,11001111000,3524122435,2654144521,5325687444,10001011,48.1
female,36.79726027,0,spanish,6,2,0.165508595,12,1.543792939,14,1.418027856,11.6,1.222449,11.7,0.44437724,8.9,0.958831126,101011111,3551411325,1422534166,5822472894,1101001,58.2
male,24.71232877,science,german,6,0,-0.414755268,16.1,-0.596190895,10.3,1.532617685,17.3,0.591233649,19.7,1.230963299,16.3,0.468773694,1011011011,1425413542,2565541321,5736995214,1101110,79.7
female,36.95616438,other,french,6,4,0.665394272,13.6,0.145914825,26,0.527992739,15.6,0.737691488,36,2.143107142,10.4,0.844020093,11100101101,4212255331,2512663141,5271436958,10110001,101.6
female,32.5260274,humanities,german,6,0,1.390181916,13.3,-3.040965737,11.5,1.629014055,17,1.145770098,10.7,1.005690764,9.7,0.425938219,1011010111,5325412353,5232455612,5662396841,0,62.2
male,28.69041096,science,french,7,3,0.517184144,35.4,0.35618483,16.6,0.388418917,23.4,0.472007814,21.5,1.04503449,13.3,0.555766039,1011101100,1325122312,1145245336,1542657798,10001110,110.2
female,40.30136986,science,french,6,0,-2.585232015,9.6,1.773448729,22.3,1.890819836,10.7,1.773537787,14.1,2.174028829,8.8,1.005320633,1011101010,3245412345,2561243556,4582163754,100010110,65.5
male,46.17534247,humanities,german,6,0,0.517184144,9.2,-0.956960541,7.7,1.480481662,24.4,0.746699102,6.6,1.627587136,10.4,0.682998301,1111111011,4213543253,5214254636,8541798367,101101011,58.3
male,30.97260274,science,other,7,0,0.404517268,11.7,-0.265943141,30.7,0.778994819,29.1,0.53732695,17.8,1.999894425,14.4,0.690958064,1.1101E+11,4353112241,5412143663,1583247986,10011010,103.7
male,33.96712329,science,german,6,0,0.727732527,10.4,0.089538752,15.9,-9.982032341,15.8,1.202253386,11,1.943169702,10.5,-1.203867595,101111010,1111111111,1162431126,1572463125,1101000,63.6
male,33.2,science,german,4,0,-0.445466857,13.3,1.336502127,6.9,1.541506688,16.4,1.341848891,19.3,1.492054875,9,1.053289145,11101001001,3452132145,2414356442,5648265791,100010111,64.9
female,46.67945205,humanities,french,4,4,-0.693076878,12.4,-0.596190895,11.7,-7.335472423,21.7,-0.08754487,21.4,-15.15284495,7.4,-4.773026004,1.11111E+11,4343434343,5325156545,8888888888,11100110,74.6
female,29.03561644,humanities,french,6,0,-0.720399077,10.9,1.821416993,28.8,1.573088549,19,0.12098376,40.9,0.596818264,17.7,0.678381698,110110111,4354213453,2553624124,5878324667,10001101,117.3
male,40.19726027,humanities,german,4,0,0.277309179,13,0.20659518,22.6,-5.046301222,15,1.563596771,15.4,0.839515611,14.8,-0.431856896,101100010,2434343433,3525166435,4252673857,101001100,80.8
male,72.12328767,0,spanish,0,5,-0.693076878,18.6,-3.040965737,21.4,0.639641753,28.3,1.436406447,15.3,2.143107142,11.7,0.097022545,1.11111E+11,5432154321,6243153561,1452369874,0,95.3
male,33.21369863,other,german,5,0,0.665394272,11.3,0.35618483,29.2,1.986624066,15,0.840130398,15.5,1.988928063,8.9,1.167452326,100111001,2531243521,3516643242,5348672394,10101001,79.9
male,28.78082192,0,other,2,0,-0.097475919,12.8,0.35618483,15.7,1.301190542,15.7,0.579963443,13.5,2.143107142,9.1,0.856594008,1.01111E+11,3544152313,2655213342,5869147238,10100011,66.8
male,36.85753425,science,german,6,0,-1.664386806,16,-3.040965737,10,1.992844304,16.5,0.610768637,15.9,1.925838252,12,-0.03518027,1.01E+11,4123542145,5143264263,5284371964,0,70.4
male,35.62739726,science,german,5,0,1.060495216,8.1,-0.956960541,7.4,0.79171143,25.3,0.909471715,13.9,1.625271812,15.3,0.685997926,1110000101,5123212425,5311664255,5348267492,101101011,70
male,43.74520548,science,german,6,3,-0.070681759,5.4,-3.040965737,5.3,0.695567258,9.7,1.325325303,7.2,1.381351602,9.3,0.058119334,10110100101,2221345213,1152366142,7142587146,0,36.9
male,40.83013699,0,german,3,3,-0.580153207,13.1,0.446237926,22.9,1.264393743,21.9,1.442348771,10.6,1.417873657,11.2,0.798140178,101110101,2231253421,5322664152,5781636598,1001101,79.7
male,45.96712329,0,german,3,3,1.22902119,16,0.20659518,56.2,1.463542079,25.7,0.677936961,28.7,1.514145562,12.4,1.018248195,1011000110,4341512334,5516456212,5469523478,1100101,139
male,37.39178082,humanities,german,4,1,1.22902119,12.5,1.036960055,11.5,1.702354085,22.6,1.433444761,14.2,2.143107142,13.5,1.508977447,1011000110,2454125314,2544326125,5148329756,100010101,74.3
male,39.69863014,humanities,german,4,0,0.972396797,21.8,0.145914825,24.5,1.86222685,41.5,1.322590321,25.5,1.526539845,9.3,1.165933728,11011110100,3425412534,5263546252,5736159648,101001110,122.6
male,43.72328767,other,german,4,0,0.817983063,11.2,0.781777371,20.3,-4.270502937,15,0.111785885,19.2,1.129990747,20.9,-0.285793174,11101001110,3245111111,5235532624,5741956722,11000001,86.6
male,37.44657534,humanities,german,4,0,0.331697441,21.8,1.336502127,18.3,2.063233102,13.7,1.279545263,9.7,0.999504103,10.1,1.202096407,1011101011,4512342135,1522633461,8964265571,111010100,73.6
female,33.50958904,science,english,7,0,-0.585360735,19,1.821416993,15.8,1.290045548,20.8,-0.475199491,11.5,1.522782248,15.5,0.714736913,1000101011,3522423152,3422155512,6423588964,11100001,82.6
male,28.55342466,humanities,german,6,1,0.304103338,12,0.35618483,7.2,1.090937101,19.3,1.412887358,11.1,1.503274561,6.7,0.933477438,1010010110,3423512133,2631423643,5247563214,10101100,56.3
male,34.93972603,humanities,german,6,1,-4.415494561,21.4,-0.956960541,17,-9.982032341,23.6,0.635578899,9.8,1.335280554,14.4,-2.676725598,0,1111111111,5523564115,4326785591,11101101,86.2
male,32.21917808,other,german,6,3,0.213536737,13.8,0.35618483,9.9,-8.169085689,11.6,0.515722286,16.6,2.072312735,23.2,-1.00226582,1011000101,2422222222,3423642216,5327461938,101010011,75.1
male,31.60821918,humanities,german,6,0,0.918008535,5.6,1.336502127,17.3,-5.764650936,14.2,1.484670075,16,1.877701333,8.3,-0.029553773,11100101111,4233333335,1425365321,8325416589,110101000,61.4
female,35.3369863,humanities,german,6,0,-1.283928445,24.3,1.036960055,12.7,1.554951183,16.2,1.253302059,14.9,1.557376733,13.9,0.823732317,1.101E+11,2431154332,2663544132,5239674587,100010101,82
male,33.04931507,humanities,german,4,1,-0.258636645,8.8,-0.688451355,16.8,1.480481662,11.9,1.867251946,7.4,1.394049711,8.3,0.758939064,10111010010,2431253242,6152345624,5287459652,1001010,53.2
male,42.03013699,science,other,7,0,1.124267658,6.2,0.20659518,4.8,-7.823521473,14.1,-11.37692329,9.4,-15.15284495,5.9,-6.604485377,1110100011,3244444444,6666666666,5555555555,110000101,40.4
female,20.96164384,science,english,5,4,0.706482538,10.8,0.20659518,15.9,1.308672111,9.4,0.136061017,6.1,1.928087889,7.7,0.857179747,101101011,3234512342,4312166652,7452196538,10011110,49.9
male,40.40821918,other,other,6,2,0.304103338,12.2,-0.490516869,65.8,1.60542888,23.1,1.261123256,10.9,1.26846613,16.3,0.789720947,111011000,4213522344,5132263441,5462877619,10110100,128.3
male,41.5369863,0,german,3,1,-1.283928445,14.5,1.821416993,12,2.063233102,22.4,-0.140171781,14.9,1.426665728,17,0.77744312,1.101E+11,4552314325,1114233652,6548931327,10110101,80.8
female,38.02739726,humanities,german,7,4,1.390181916,11.4,-0.179909136,6,1.455151528,22.2,0.709252278,11.5,1.388349119,10.7,0.952605141,1011100010,3452113225,2441543616,4269857443,1011110,61.8
male,32.27123288,humanities,german,6,0,0.517184144,16.2,-0.678035429,27.8,1.001434082,32,0.764890913,19.6,1.336815676,6.8,0.588457877,11011101100,1451134254,2155366411,6529871421,1000110,102.4
male,30.72054795,0,german,3,3,0.360140724,5.8,-0.47314368,5.1,1.968133903,17.4,1.924978014,12.3,1.92434031,14.3,1.140889854,11110001,1324451233,3516625413,5432695841,1101111,54.9
male,27.85753425,0,german,3,0,1.907453695,15.4,0.20659518,22.4,-4.63724344,15.7,2.05274744,6.4,2.054701956,14.8,0.316850966,1011100101,3415111111,4216351245,4672183459,101000011,74.7
female,26.4630137,other,german,6,0,-0.5696493,12.4,-0.596190895,7.8,1.463542079,15.1,0.980306217,14.1,1.153229503,11.9,0.486247521,1001110111,3245341213,2524346112,5384512568,100101011,61.3
male,41.91232877,science,german,7,0,0.944802694,10.8,0.20659518,14.8,0.378981744,12.5,0.39549552,9.9,1.92434031,9.4,0.77004309,101101001,4212543432,5354251615,5216395428,101100001,57.4
male,26.35890411,humanities,german,6,1,1.390181916,10,-0.596190895,12.5,0.690817063,17.4,0.741287549,15.3,1.803081216,10.9,0.80583537,1010000110,4223155141,5214526613,5283461745,11010100,66.1
female,19.39178082,0,german,3,3,-4.415494561,39.9,0.20659518,13.4,2.130581089,27,1.534665498,18.7,0.428931767,8.9,-0.022944206,0,3455221435,5622315324,5857633257,100001101,107.9
female,29,science,french,6,3,0.534461914,10.2,1.336502127,11.9,1.545973289,9.4,0.542000425,17.4,2.113637588,7.8,1.214515069,100011111,2243551425,2431652111,5349817654,1010111,56.7
male,22.96164384,0,german,3,0,0.817983063,13.8,0.20659518,17.3,1.61953036,11.2,1.129024299,10.9,0.769491596,9.2,0.908524899,11001100011,3214543322,1536421164,5965687319,11110010,62.4
male,46.33424658,science,german,6,0,1.390181916,17.3,-1.556328377,13,0.977755599,21.2,-0.247804498,20.8,1.08943574,12.2,0.330648076,110111110,5332455113,4511346661,4576945318,110000,84.5
female,26.49315068,science,french,5,1,-0.818235958,8.1,0.089538752,13.5,0.630542535,24.4,1.386894363,10.4,0.935403725,12.1,0.444828683,1.10001E+11,4211322355,1156423316,8469633758,10000110,68.5
female,24.10958904,science,english,5,0,0.251269885,6.9,1.036960055,5.7,0.758894759,12.1,0.637248729,9.2,2.171391676,6.9,0.971153021,11100110000,3234532113,1522635224,5623147856,101010001,40.8
female,30.30136986,science,other,7,1,1.907453695,22.9,0.35618483,22.6,0.067987286,28.5,0.625601724,17.1,0.720954511,15.4,0.735636409,101111001,1122143145,1142216523,8851126734,11010101,106.5
male,23.8630137,other,german,4,0,0.41979586,9.6,0.010229046,19.9,0.555585238,16.5,-0.023524282,14.6,1.213965485,11.4,0.435210269,1000010110,4214235123,5251162115,5815972583,10010110,72
male,60.52876712,humanities,english,7,3,-2.208056913,17.8,-0.984117278,15.5,0.608059892,17.9,1.478544909,14.4,1.297264883,15.2,0.038339099,1.1E+11,4325551233,2366512413,2569487763,100100,80.8
male,42.16712329,science,german,6,0,-0.420979762,18.4,0.189437849,7.5,1.159676834,11.6,-0.420757035,10.8,0.793082562,11.4,0.26009209,1.1111E+11,2432545122,2112165316,6814772526,101011110,59.7
male,23.50958904,other,french,4,2,1.58550205,5.3,1.821416993,11.6,1.986624066,10.9,2.338542444,5.6,1.562551853,11.2,1.858927481,1100111100,3254123452,5321462513,5523981475,110011100,44.6
male,51.32876712,science,german,6,0,0.706482538,12.3,0.35618483,12.3,1.271673107,18.7,0.092439686,16.1,1.350313397,17.1,0.755418712,1010010111,2435112244,5355214225,5625917652,110001010,76.5
male,43.77808219,0,german,3,0,0.225944088,7.3,1.821416993,15.7,-0.481026765,20.4,1.330811424,11.7,1.492479455,9.9,0.877925039,1000110100,3244325551,1342661251,5426953179,11110001,65
male,50.57534247,humanities,german,6,0,1.19276816,11.8,1.821416993,9.3,0.671982084,15,1.976435169,6.5,2.054701956,9.2,1.543460872,1010001110,3345123234,1546232156,8175429863,101100010,51.8
male,60.03561644,humanities,spanish,6,1,-0.266001893,10.9,-0.791814807,18.3,1.418027856,16.6,1.322590321,12.9,0.981701511,10.3,0.532900598,10110100,2531144522,5633425236,5736895268,110010,69
male,35.76438356,science,french,7,0,1.532668597,14.5,-0.596190895,37.8,-9.982032341,8.8,1.22754397,7.2,1.48993372,8.5,-1.26561539,1011011100,2222222222,4216532334,5436724952,11010100,76.8
male,33.17808219,0,german,2,0,-3.531128974,8.6,-3.040965737,12.3,1.999093406,14.6,1.583223475,10.1,1.524515389,9,-0.293052488,10101010101,4251453241,2561435361,5623985423,0,54.6
male,13.15616438,0,other,2,1,-4.415494561,6.8,-0.048061521,4.3,2.043668414,10.2,2.420191826,8.8,2.054701956,10.7,0.411001223,0,2453125423,4321564231,8562397416,111,40.8
male,51.43835616,humanities,spanish,7,0,0.404517268,12.3,0.35618483,11.5,1.63856501,15.6,0.138395143,13.5,1.893948021,14.5,0.886322054,1.1101E+11,2243453142,5515632642,9681236457,11010101,67.4
female,33.02191781,humanities,german,6,0,1.19276816,7.5,1.336502127,10,0.422951042,21.8,0.14190368,11.4,2.113637588,7.9,1.041552519,10001101111,2255451341,1441322665,5874126598,110101000,58.6
female,48.18630137,science,french,4,0,0.225944088,13.9,1.218460494,15.1,-4.393256107,22,-0.389121785,20.7,0.829157913,22.8,-0.501763079,1.00111E+11,4355555545,5622546661,2147415624,11001011,94.5
male,36.77808219,other,german,4,1,1.482692438,31,0.35618483,19.8,1.885052465,29.2,0.873379751,37.4,1.424090563,24.8,1.20428001,101100001,5521314352,4233523614,5264998127,1101010,142.2
male,30.95890411,science,german,6,2,0.389487119,7.7,1.821416993,5.4,1.758794611,9.5,2.002894311,6.7,1.86630319,6.9,1.567779245,1010001101,3441252341,4531625443,4568734162,1100011,36.2
female,60.65479452,science,french,4,5,-0.635883352,20.3,0.20659518,13.5,1.908271645,13.1,2.355640486,8.4,1.678303867,9.1,1.102585565,1.0011E+11,5312541325,5314263514,7452683956,101100001,64.4
male,35.73424658,humanities,german,6,3,1.435280313,6.4,-0.688451355,12,1.339021093,11.2,-0.033884723,7.4,1.127305895,7,0.635854245,110110001,3121434532,2144156366,5438295414,1001010,44
male,34.2630137,science,german,6,0,-1.121721896,6.6,1.218460494,4,0.639641753,14.7,0.545124805,7.2,0.354750847,9.7,0.327251201,10010001000,3245132451,2561425325,5346994471,110100110,42.2
male,26.21917808,0,german,3,0,-0.715901094,13.7,1.821416993,11.6,1.834228356,10.4,1.322590321,13.9,1.346316083,9,1.121730132,1000101101,4251344325,5245513624,5452379851,10011101,58.6
male,27.51780822,science,german,6,0,1.482692438,10.4,1.821416993,11.3,1.999093406,11.9,0.845940579,10.7,1.416795003,14.8,1.513187684,1101000110,2541352142,1241345161,5281735218,110011100,59.1
male,31.49863014,humanities,german,6,3,-0.664922403,7.3,-3.040965737,8.8,1.823189941,6.2,2.367156857,14.5,1.557967299,8.7,0.408485191,10010101100,2345132453,5421653241,5418562937,0,45.5
male,25.99452055,humanities,german,4,1,0.331697441,11.4,0.20659518,53,2.083086225,17.7,1.242941618,9.5,1.771226882,9.9,1.127109469,1011101011,4253123514,5122462152,5347985416,10110011,101.5
female,43.55068493,other,french,6,0,-0.526397725,16.6,-3.040965737,15.7,1.166410244,23.8,1.378336672,9.2,1.270058877,19.2,0.049488466,1.00101E+11,2451224352,5362543256,6395472392,0,84.5
male,39.78630137,science,german,7,0,0.606995879,8.3,0.145914825,9.1,-1.98802926,18,2.076011302,7.4,0.548257304,10,0.27783001,1011000001,3421111145,5463215342,5668264785,1110010,52.8
male,34.69041096,other,german,6,0,1.266754339,7.3,1.773448729,14.4,1.062518434,9.7,0.800123642,15,2.113637588,7.2,1.403296546,1011001111,3214543542,1125316645,5264913756,111001010,53.6
female,53.44931507,science,other,7,0,-1.517580801,21.9,-3.040965737,8.4,2.037209509,9.9,0.78518009,10.6,1.214083705,8.1,-0.104414647,10101011011,3145241532,4253152554,8418574693,0,58.9
female,63.13150685,humanities,spanish,6,0,-0.273308918,26.8,-3.040965737,2.8,1.586853702,15.7,1.138568672,15.5,0.081109317,15.1,-0.101548593,11111100000,3412543212,1354126552,5347888629,111111111,75.9
female,26.0109589,0,german,3,4,0.360140724,10.8,-3.040965737,26.1,2.030781434,10.1,2.163131727,10.5,2.113637588,8.4,0.725345147,11100100101,3415235134,5221364152,5273186457,0,65.9
female,28.61369863,science,german,6,0,0.076347112,19.2,1.336502127,15.2,1.327559925,15.1,1.172498385,17.2,1.238031201,13.2,1.03018775,1101101,4231453235,2532143626,5625473964,111010001,79.9
female,40.8739726,other,french,6,3,-0.414755268,11.2,-0.490516869,19.8,1.385866827,18.3,1.375495748,10.5,0.463466996,16.6,0.463911487,1011011011,4231252344,4514261355,8314119857,1011010,76.4
male,26.78082192,science,french,7,2,1.907453695,9.9,1.821416993,17.7,0.895251042,13.9,-0.335300458,12.1,-15.15284495,6.1,-2.172804737,1011100101,4542135421,1322566645,5555555555,110001100,59.7
female,56.72876712,humanities,english,4,5,-1.438529766,16.8,-0.678035429,24.4,0.778994819,20.3,-0.384313938,15,0.435348641,13.6,-0.257307135,1.01101E+11,2312432235,2555156346,5577462485,1100100,90.1
female,51.2109589,science,french,6,4,-0.273308918,14.4,0.35618483,8.1,0.511289529,23.7,0.802002905,17.6,1.241396798,10,0.527513029,11011101000,4211554335,5621244636,5625871325,101010011,73.8
male,29.41643836,science,french,7,1,-0.475190761,14.3,-3.040965737,8.5,-0.283494392,8.6,0.842064434,5.8,1.390732856,7.4,-0.31337072,1000110001,4122545553,1542663526,8573264177,0,44.6
female,31.35342466,science,french,7,2,-0.751286612,9.3,0.35618483,14.8,1.493327665,12,1.839261591,11.1,1.737525752,8.7,0.935002645,10100001101,3411532435,2451135264,5124675948,1101010,55.9
male,45.11780822,0,german,3,1,-0.079699721,15.3,0.189437849,7.5,1.327559925,16.3,0.950701733,13.5,1.841803015,10.7,0.84596056,1011011101,3124532334,4523616441,3654789145,110011101,63.3
female,29.75068493,science,french,7,0,-0.5696493,13.4,-3.040965737,20.7,0.639641753,18,1.314417436,17.1,1.916127467,18.8,0.051914324,100011011,4221545334,5362524516,5674835176,0,88
female,39.21643836,humanities,spanish,7,0,0.097844215,11,-3.040965737,7.4,0.998451403,12.2,1.222449,7.1,1.946203798,8.4,0.244796536,11011000,2123443212,5412336562,5462894165,0,46.1
male,29.86027397,science,french,6,0,-1.256703796,14.7,1.821416993,4.1,0.94873122,14.1,1.566848751,11.7,2.073961189,13.5,1.030850872,1.11E+11,4244513242,2564311522,4528971543,100011110,58.1
female,24.80547945,science,english,5,1,0.238520252,18.4,0.35618483,8.2,1.293750307,22.3,1.409975188,10.5,2.174028829,7.3,1.094491881,1000110110,4341252453,4226534251,7586239157,11010101,66.7
male,35.89315068,humanities,german,6,0,-0.590539089,9.4,1.036960055,4.2,-0.547865981,17.7,2.029865597,5.9,-2.044878104,7.4,-0.023291504,10111010,4321542222,5346112356,5555326871,11101010,44.6
male,33.70136986,science,german,4,0,1.060495216,5.7,-0.596190895,10.2,1.09413207,27.8,1.484670075,4.6,0.966920243,11.8,0.802005342,1011101001,2521241352,1523623541,5254914853,11001110,60.1
male,26.76712329,other,french,6,0,-1.264208577,7.8,0.145914825,14.3,-0.241443754,20.9,-11.37692329,6,1.459707407,10.1,-2.255390679,1.0101E+11,1555221334,1111111111,8326574568,11100101,59.1
male,26.12054795,science,german,5,0,0.891969241,5.2,-3.040965737,10.3,1.541506688,16.5,1.084560433,6,0.682253793,9.3,0.231864884,11010000110,3425412531,1634251611,8251856753,0,47.3
male,38.94246575,science,french,6,0,0.225944088,12.3,1.773448729,9.6,1.166410244,20.8,0.534219986,18.3,0.569305581,8.8,0.853865725,1000110100,4335411325,4255265234,5228635754,10001111,69.8
male,25.01643836,science,german,4,0,0.706482538,15.5,-0.688451355,11,-0.360596206,16.5,0.834344343,16.5,0.666741953,19.5,0.231704255,101101011,4435551441,2146623255,2821479765,101011011,79
male,25.63013699,science,german,5,0,-0.088630552,16.4,1.821416993,28.5,1.758794611,38.4,0.809545402,6.9,1.492054875,13.4,1.158636266,11010001101,5231342514,5642153525,6892786134,10100101,103.6
female,25.19452055,science,english,4,5,-0.720399077,15.1,0.20659518,22,0.47041601,28.8,0.942357559,13.1,1.351863523,12,0.450166639,1011011010,4232455135,5354165224,1585632947,10110011,91
male,24.85205479,other,german,4,0,1.435280313,11.1,1.452177581,5.3,0.966070674,20.9,1.284853738,11.1,0.639924358,10.9,1.155661333,1111001011,4213553443,5244316625,5787414765,101101000,59.3
female,25.47123288,science,spanish,6,3,2.716679025,18.4,-0.490516869,10.2,2.223492344,15.8,1.245524516,15,0.991498274,9.7,1.337335458,1011100011,4152431254,5135562431,5442857961,10011001,69.1
female,32.43287671,science,german,6,1,-0.526397725,18.2,-0.678035429,7.8,1.264393743,14.5,1.766005483,16.5,1.707305978,7.9,0.70665441,1.00101E+11,4251325145,5132246251,5361759862,100100001,64.9
male,56.77808219,science,german,6,0,0.331697441,18.3,0.35618483,26.9,0.992505791,33.1,1.484670075,20.2,2.143107142,14.9,1.061633056,1011100110,2453213235,5141623521,5398671254,100101010,113.4
female,28.29315068,science,german,4,1,-0.39582627,14,0.145914825,18.5,0.45440775,17.6,1.643818802,7.7,1.298762704,8.7,0.629415562,11001001101,2513245324,5134521365,8513659245,10110001,66.5
female,23.44931507,humanities,german,6,1,0.374697463,19.3,0.35618483,20.9,0.954486267,42.7,1.136176443,38.9,2.143107142,18.9,0.992930429,1011100100,4314512245,5215633146,6452971863,1110101,140.7
female,56.86027397,science,german,6,NA,-0.590539089,29.1,1.336502127,16.4,1.545973289,24.1,1.082259074,23.7,1.27743135,18.5,0.93032535,1.10101E+11,4231325145,5325624314,8265648972,101110100,111.8
male,26.54246575,humanities,german,6,0,-1.664386806,10.2,0.35618483,11.4,0.00384759,18.6,1.389758646,11.3,1.089762977,11.6,0.235033447,101,2312352314,1623423521,4158625539,1101010,63.1
male,28.62739726,science,german,6,1,1.907453695,11.7,1.821416993,14.7,-0.074944204,19.9,1.847201629,10.1,0.514503001,18.2,1.203126223,1011100101,2213321252,2645412536,4228914755,100011110,74.6
female,18.11506849,0,spanish,3,2,-0.590539089,22.4,0.35618483,12.3,0.496842259,23.8,1.61319179,28.8,2.143107142,15.3,0.803757386,1.10101E+11,4153413242,4613352644,2798416357,101010011,102.6
female,26.83013699,science,french,6,3,-2.429624051,25.2,0.35618483,24.2,1.214511038,20.4,1.162719587,17.4,1.19353171,8.1,0.299464623,11011111111,1543354125,3564253626,8642936114,10100011,95.3
male,26.70136986,science,german,6,0,0.552068804,13.3,0.010229046,14.9,0.041378052,21.4,0.570375288,9.1,1.723820841,7.3,0.579574406,1001111100,4455332211,4125532566,8426587132,10010110,66
female,39.95068493,humanities,spanish,7,0,0.290609175,15.7,1.821416993,9.4,0.505078853,26.9,-0.504223475,9.5,0.851438566,7.6,0.592864023,1001011100,5434411322,5465211155,5864145758,101100010,69.1
male,32.98356164,other,german,6,1,-0.526397725,14.5,0.20659518,9.6,1.133074901,13.3,1.372660604,10.4,1.026703036,10.6,0.642527199,1.00101E+11,5452241354,6652613425,5649864732,101100001,58.4
female,45.34794521,science,german,4,0,1.060495216,21.9,0.010229046,21,1.692341555,20.2,0.750318514,27,1.457215017,14.7,0.99411987,1011101001,2431213425,5242635443,5437865145,111000110,104.8
male,39.40821918,0,german,3,2,-0.846067465,31.7,-3.040965737,14.2,1.031629945,24.3,1.804080883,13.3,1.423278243,9.5,0.074391174,10000001010,2135433254,1236542314,9632147587,0,93
female,37.93424658,other,french,4,0,1.701194572,9.5,0.068744507,5.3,-1.473731172,41,0.596091782,16.5,-15.15284495,5.5,-2.852109053,101111000,1112225334,5221643341,5555555555,10101010,77.8
male,35.5260274,science,french,7,0,1.482692438,9.3,-0.956960541,14.6,1.856580389,26.4,1.754782821,10.6,2.021266031,6.7,1.231672228,1101000110,3415214354,2536411356,5426893274,10010100,67.6
female,28.4,humanities,english,6,1,-0.336596018,14.7,1.336502127,22,0.268877017,22.1,1.714389473,34.2,1.477547885,12,0.892144097,11101001000,2454123412,2416452136,4358637891,1011101,105
female,53.40547945,0,english,3,0,0.866643444,12.4,-3.040965737,12.4,1.523786971,17.8,1.418730021,10.8,1.447010526,14.4,0.443041045,1001101110,3423143524,5235466213,5637845924,0,67.8
male,34.11780822,science,german,6,0,-0.329774335,11.4,0.20659518,27.9,1.748355186,15.4,0.683107553,13.8,1.335280554,12.2,0.728712828,1001110010,1214532511,3545562231,4588621973,11110010,80.7
female,25.24383562,humanities,german,6,0,-0.114916696,13.9,-0.688451355,10.4,1.493327665,9.4,1.859197166,8,0.58040892,13.2,0.62591314,10001011010,3345213453,1526324415,8262457989,101011011,54.9
female,51.09041096,humanities,english,4,0,0.108783204,31.4,-0.596190895,18.5,1.596109264,18.6,1.392628828,10.2,0.164092227,11.5,0.533084526,1.00011E+11,2412554312,5536441256,5542238968,11001110,90.2
male,62.2739726,science,french,7,0,0.866643444,26.1,0.35618483,19.9,-9.982032341,33.6,0.051239323,40.7,0.365776582,18.4,-1.668437632,1001101110,1111111111,2524562451,8685457365,1110101,138.7
male,44.8109589,humanities,spanish,7,0,1.060495216,11.9,0.20659518,25.5,1.586853702,17.3,-0.101380885,8.5,2.112791718,12.2,0.973070986,1101011110,3425543123,5426665112,5486219875,100111010,75.4
female,30.33150685,science,english,6,0,0.404517268,27.1,-1.298379402,10.6,1.331369487,19.7,1.445329463,10.9,0.419143991,8.9,0.460396162,1.1101E+11,4352143541,4335662153,8652562894,1010100,77.2
male,29.56164384,humanities,french,5,0,-0.664922403,12.9,1.821416993,18.7,1.119968432,13.9,2.029865597,13.4,1.645610358,12.7,1.190387795,10010101100,2341542344,5236415462,4735679854,110011100,71.6
male,49.52054795,science,french,4,0,-0.693076878,32.4,-0.956960541,15.6,0.639641753,48.2,0.997509805,27.1,-15.15284495,11,-3.033146163,1.11111E+11,4531245312,6544562351,8888888888,111100011,134.3
female,62.36712329,humanities,spanish,6,1,0.665394272,17.7,-0.956960541,23.2,0.895251042,27.6,0.011222216,11.4,1.92434031,15.9,0.50784946,11100110100,2451444325,2656633445,2517649357,101101110,95.8
male,36.6109589,science,german,7,5,0.570017597,8.8,-0.956960541,17.9,0.45839201,21.8,1.439374442,6.2,1.654072681,8.7,0.632979238,11011110,5214513334,2623514426,8569732698,1110000,63.4
female,20.29041096,other,spanish,5,2,-3.531128974,27.7,0.189437849,27.7,1.692341555,27.4,0.973909237,12.5,1.239472703,13,0.112806474,10101010101,3124532145,1536216326,7328592611,101110011,108.3
female,20.4,other,english,4,0,0.517184144,18.4,-1.474774505,24.9,1.692341555,32.1,1.253302059,9,0.063370542,8.6,0.410284759,1011101100,3451235245,3542635541,8528893851,10100,93
male,28.8109589,science,german,6,1,0.238520252,7.4,0.145914825,10.5,-0.223527583,10.8,0.021924826,10.7,1.643423961,12.8,0.365251256,10010111110,3423235423,5243524162,5168234568,101001110,52.2
female,54.79178082,humanities,english,4,2,-0.693076878,37.3,-3.040965737,17.2,-0.377861559,24.1,0.718077342,28.9,1.742176632,16.9,-0.33033004,1.11111E+11,5555342153,5432451345,6243981759,0,124.4
female,31.53150685,humanities,english,7,3,0.331697441,8.9,-3.040965737,7.7,1.446812932,15.9,1.409975188,17.2,2.143107142,9.3,0.458125393,1011101011,5213443541,2664153245,5847312968,0,59
female,33.19178082,science,english,7,1,1.060495216,14.3,0.145914825,34,2.030781434,11.2,1.266361883,11.8,1.925838252,11.1,1.285878322,1011101001,4253143542,5211624521,5368495721,101100011,82.4
female,32.78630137,other,english,7,2,0.345809681,19.9,-3.040965737,10.2,1.586853702,23.1,2.099670154,14.9,1.198439333,7.3,0.437961427,1.11011E+11,3144253431,6154316254,9524715929,0,75.4
female,32.79726027,humanities,english,7,0,0.685710118,9.8,-3.040965737,10.7,1.653019665,16.7,1.53785058,6.5,0.797952646,12,0.326713455,1000000111,3325121435,5224136256,1552618456,0,55.7
female,42.81369863,humanities,english,6,2,-0.79783041,26.1,1.821416993,28.9,0.087537409,83.4,0.696990338,65.9,1.893948021,7.5,0.74041247,1.1011E+11,4435524455,5251143563,5864728391,1110011,211.8
female,21.89315068,0,english,3,3,0.972396797,17.4,0.446237926,21.2,0.428793476,23.3,1.167600408,11.2,1.659266992,6.9,0.93485912,11001001011,2425423154,6355146522,5426936578,110110010,80
female,43.81369863,other,english,6,1,-0.189567147,38.9,0.781777371,32.1,0.551303266,26.3,0.4989791,26.3,0.358009543,8.7,0.400100427,1.10111E+11,4243412455,6461344653,8658159653,101100000,132.3
female,29.75616438,science,english,7,0,-0.097475919,9.3,-3.040965737,8.7,1.629014055,22.7,-0.65486509,12.7,2.054701956,10.8,-0.021918147,1.01111E+11,5452134254,6363513163,5687413298,0,64.2
female,48.2739726,0,english,3,1,-0.980687428,25.2,1.773448729,67.2,1.301190542,40.4,0.301792782,31.9,1.55016054,20.1,0.789181033,1010111101,2512433214,6624651135,5231184725,101011000,184.8
male,45.42739726,0,english,3,1,-4.415494561,14.9,-3.040965737,15.5,1.467757041,21,1.553886119,19.6,1.806892704,8.4,-0.525584887,0,5325415423,5133612465,6584174396,0,79.4
female,37.33150685,humanities,english,4,3,1.390181916,34,-0.490516869,20.2,1.193685689,55.2,0.41530156,21.3,1.925838252,10.6,0.88689811,11100001001,4352342535,5234652342,5178965234,110011,141.3
male,48.01643836,other,french,5,0,-1.664386806,16.8,-0.265943141,8.8,1.596109264,12.6,0.627259633,9.3,0.681583405,21.4,0.194924471,1.01E+11,3452113452,5236665143,6524966512,111000101,68.9
male,NA,0,english,1,NA,-0.590539089,13.9,-3.040965737,24.8,0.614765361,12.1,0.564019643,22.6,0.311813402,22.1,-0.428181284,1.10101E+11,4214312433,2136556225,3625873633,0,95.5
male,6.123287671,0,english,1,2,-3.531128974,27.5,-3.040965737,23.1,-0.062805803,18.4,1.839261591,24.8,2.244683152,20.4,-0.510191154,10101010101,1234523535,1234614562,9632857419,0,114.2
female,54.37808219,science,english,7,3,-1.256703796,27.7,-1.298379402,16.4,1.239221438,24.9,1.703573328,13.9,1.441796436,14.4,0.365901601,1.11E+11,4453421345,6124361524,1234567899,100010001,97.3
female,32.16164384,science,english,7,0,-0.977295374,25.5,-0.490516869,28,-2.193116338,30.2,-0.475951298,29.7,0.391396499,20.3,-0.749096676,100101000,4253144444,2551244212,3255623912,11001101,133.7
female,28.86027397,humanities,french,4,4,0.290609175,10.7,0.35618483,10,1.090937101,17.3,-1.766836624,14.8,-0.353315011,11.7,-0.076484106,10100001,3221432351,2366161664,5778625455,1110101,64.5
female,38.70410959,humanities,spanish,5,1,0.500223415,24,1.773448729,36.4,1.197134292,21.8,1.796382117,11.4,1.632383155,13,1.379914342,1.10011E+11,5324132535,5342516342,7546284196,101011000,106.6
male,36.64109589,humanities,spanish,6,1,1.58550205,21.6,0.35618483,26.7,1.342863261,20,2.099670154,16.7,1.83348649,8.4,1.443541357,1011110011,4235541124,1426513426,1426594728,11010101,93.4
female,27.36164384,humanities,english,6,1,-1.283928445,31.2,1.773448729,22.6,2.208774394,20.5,1.563596771,18.7,0.578369942,16.4,0.968052278,1.101E+11,2534151423,6242533162,7724189641,1101011,109.4
female,33.36438356,humanities,spanish,6,2,0.685710118,11.4,1.226951829,22.8,1.986624066,37.8,1.93342333,13.9,2.007577919,12.7,1.568057453,11000001101,3542122453,1536624153,8294763584,101010000,98.6
male,41.88767123,humanities,german,4,0,0.238520252,11.1,0.189437849,13.6,1.586853702,19.4,-0.395506552,12.6,1.03489372,11,0.530839794,1000110110,4212532413,5253552415,8658472589,100001010,67.7
male,34.2109589,science,german,6,0,0.771756741,13.2,0.35618483,13.1,1.999093406,14.9,0.55139466,12.3,1.549572947,10.1,1.045600517,11001101000,3253142351,5232621561,5936268741,1101010,63.6
male,39.76164384,0,german,3,0,-1.305621759,12,0.285179156,13.3,1.624263859,19.9,2.085426695,10.1,1.557967299,8.5,0.84944305,101101010,2451132452,1534662541,5247563981,10111011,63.8
female,25.2109589,science,english,7,1,-0.189567147,16,0.20659518,21.4,2.261006722,19.8,0.978170626,28.1,1.212547557,8.1,0.893750588,1.10111E+11,1425431245,1343265424,7465898573,100111010,93.4
female,41.43835616,other,german,4,1,-1.283928445,39.9,-3.040965737,13.4,0.456398406,44.6,0.118678593,40.9,-0.804821755,22.9,-0.910927788,1.101E+11,1352215333,4114624411,5264555842,111111111,161.7
male,27.19178082,humanities,german,4,0,0.331697441,8.9,-0.47314368,12.5,0.390314314,17.7,-0.350186364,26.7,1.447010526,8,0.269138447,1011100110,3133523425,3343624232,8645812795,11001111,73.8
female,30.21369863,humanities,english,4,1,0.290609175,5.1,0.35618483,11.6,-9.982032341,12,2.099670154,5.3,1.168306079,7.3,-1.213452421,11011000101,3333333333,1536254123,5426141958,10100011,41.3
female,35.93150685,other,german,6,0,0.374697463,7.6,-3.040965737,12.3,1.031629945,14.3,0.88730465,17.7,1.358468951,10.8,0.122227054,11101001011,4352341223,3422651162,4562365897,0,62.7
female,52.55616438,other,german,4,0,-1.172615508,17.2,0.145914825,12.5,0.53853844,23.3,-0.722601016,17.8,1.576537088,12.9,0.073154766,1.01011E+11,5451345522,2525645253,8561263587,110001101,83.7
male,44.71780822,other,german,4,0,0.404517268,10,1.773448729,10.9,1.72260528,11.8,1.685730922,12.3,0.668900942,13.2,1.251040628,1.1101E+11,2314512345,5462135226,6485255169,100101110,58.2
male,44.54794521,science,other,5,0,-2.374336631,11.9,-3.040965737,11.5,1.828697838,17.7,0.891308885,13.3,2.007577919,11.8,-0.137543545,1101101101,3425413522,2642521633,5834215768,0,66.2
female,37.70136986,humanities,french,4,0,0.771756741,14.1,0.068744507,12.9,-3.676395676,24.1,1.920774472,14,-15.15284495,6.8,-3.213592982,10100001110,3353233333,6125431256,5555555555,10101010,71.9
male,30.6109589,0,german,3,2,-1.010668449,7.4,-3.040965737,5.3,1.999093406,11.2,1.412887358,6.8,1.480635055,8.5,0.168196327,11001100110,2452134251,4251463211,7526541789,0,39.2
male,42.3369863,humanities,german,6,0,0.331697441,10.1,0.145914825,9.2,-2.262066601,8.4,0.703983943,8.4,1.555753837,9.7,0.095056689,11001110100,5324133333,3265526634,8652759861,1110010,45.8
male,24.87123288,science,german,4,0,-1.083140568,5.8,0.781777371,14,-0.069562862,16.1,0.300480042,7.4,1.395910262,11.6,0.265092849,10010110101,2424521234,1441253262,5473648954,10110111,54.9
male,34.36164384,humanities,german,6,0,-0.251212237,8.7,1.466399166,6.1,1.743165665,11.4,1.541042959,10.1,2.054701956,8.2,1.310819502,10010001100,3244514321,2566413522,5438712596,100011100,44.5
male,28.01917808,science,german,6,0,0.065783182,11,0.35618483,5.5,1.476226748,11.5,2.099670154,7.8,2.054701956,8.7,1.210513374,1101000011,2321425413,4326134526,5268413579,101110001,44.5
male,30.5890411,0,german,3,4,-2.706419144,14.9,0.35618483,15.4,1.727716022,18.1,1.976435169,12.4,2.054701956,11.6,0.681723767,1010100,2331543214,2551436251,5641238579,11010101,72.4
female,30.32054795,other,spanish,7,0,0.360140724,7.2,0.145914825,20.5,1.60076101,12.2,1.758513675,6.4,1.999894425,11.2,1.173044932,11011000110,3421452234,5124662513,8573412596,1110010,57.5
male,43.72054795,0,english,3,1,-0.420979762,27,-3.040965737,13.7,1.025536364,33.1,0.625601724,19.7,0.840258108,13.7,-0.19410986,1.1111E+11,3134123354,2415315122,5142627585,0,107.2
male,33.92328767,humanities,german,7,0,1.306093628,10,0.089538752,22.6,-2.193116338,16.3,-0.074572955,15.2,-0.512646651,15.3,-0.276940713,101000111,2451322222,2262311244,9897389915,100101000,79.4
female,26.09589041,science,german,4,0,-0.088630552,16.1,1.821416993,9.4,-0.123727928,22.3,0.612408982,21.8,1.391660859,15.3,0.722625671,11110100101,5245213321,1314655232,5264893515,110011100,84.9
male,40.33150685,other,german,4,3,-1.616294023,10,0.35618483,28.2,1.20753341,13.8,1.266361883,14.8,0.647773363,18.2,0.372311893,10001,4251432543,3226145563,2684133595,110001010,85
male,47.33150685,other,german,4,0,0.201293726,8.6,-0.596190895,11.6,1.707388405,10,1.384035956,9.2,0.490328354,10,0.637371109,11100110110,3421543324,1526643122,4854118675,1101110,49.4
male,26.01917808,humanities,french,6,0,0.345809681,16,-0.47314368,6.9,-9.982032341,15.2,-0.282774287,8.3,0.511347847,9.5,-1.976158556,100111111,5555555555,4254213616,5654285915,110100111,55.9
male,26.02465753,other,german,4,0,-0.329774335,8.9,0.089538752,11.6,1.467757041,11.8,1.131404271,8.6,1.999894425,8.2,0.871764031,1001110010,2433512245,2311462542,5321789346,100101000,49.1
male,22.34246575,0,german,3,0,0.374697463,14.4,-1.126483048,19.2,1.677460972,17.6,1.409975188,17.4,2.143107142,9.5,0.895751543,1001110100,3432152443,5241352163,5341867952,11111101,78.1
male,44.38082192,other,german,4,3,1.124267658,13.3,0.723053306,8.4,-0.503677112,22.2,0.255296322,8.2,1.803081216,9,0.680404278,110000111,2225551423,1235554112,5674169235,11001001,61.1
male,28.46027397,other,german,4,0,0.467207985,37.1,1.773448729,5.2,2.261006722,17.2,1.781111028,7,1.346316083,8.5,1.525818109,1101110011,3415423145,2516423551,8245316292,10001111,75
male,38.00821918,humanities,german,7,1,-0.793694682,7,0.35618483,8.7,-9.982032341,10.9,1.920774472,7,2.021266031,7,-1.295500338,10011101110,1111111111,5326124352,7512896135,10001110,40.6
female,25.24383562,science,german,6,1,0.665394272,11.5,0.20659518,16.2,1.257153515,20.5,0.628919518,13.1,0.935403725,12.3,0.738693242,11111001101,3134552135,3351424551,1478766251,100001101,73.6
male,27.2109589,0,german,4,0,-1.283928445,61.9,1.773448729,53.3,0.937294386,45.3,1.034788252,47.2,1.395378447,47.6,0.771396274,1.101E+11,2325312433,2322645163,6345943261,10001111,255.3
male,34.02465753,science,german,6,0,-0.414755268,5.2,-0.678035429,18,0.424895705,14,0.628919518,5.1,2.054701956,8.6,0.403145296,1011110111,4231221132,6652253651,7246398154,1111110,50.9
male,21.94246575,humanities,german,4,2,-0.79783041,15,0.145914825,29.6,1.225045738,23,1.061716103,18.5,1.207006491,12.7,0.568370549,1.1011E+11,2145231132,4254126433,5438625919,101100011,98.8
male,36.72876712,0,german,2,3,0.131057385,5.1,-3.040965737,6.6,1.839781679,17.1,1.219908483,6.8,1.778022105,8.1,0.385560783,10011110010,1354322145,1426121354,5627854169,0,43.7
male,35.35068493,other,german,6,2,0.665394272,7.7,0.35618483,10.7,1.856580389,11.8,1.904085974,5.8,1.558114976,6.9,1.268072088,11100101101,2435134255,2453216524,4358618549,110010101,42.9
male,65.04383562,other,german,4,0,-1.69615398,8.6,-3.040965737,1.4,1.136371547,9.2,1.295531744,4.7,-0.399634152,8.3,-0.540970116,10110101010,3454212324,1552336412,4568762223,111111111,32.2
male,44.08493151,0,german,3,1,-0.451488597,21.5,-3.040965737,5,0.130634817,26.9,0.995347705,13.9,2.174028829,9,-0.038488596,111110,3234551222,4231456336,5831467985,111111111,76.3
female,32.25753425,science,german,6,0,-0.251212237,8.4,-0.688451355,14.1,1.467757041,17.4,1.521997474,18.3,1.195516253,15.8,0.649121435,1.11101E+11,1324351243,1435226416,1527414398,100011,74
female,68.19178082,science,english,5,5,0.119853202,39.5,-0.694560743,18.8,1.867897086,23,1.796382117,17,1.841803015,11.7,0.986274935,11100101011,4215243125,1625341624,4675391257,10000010,110
male,33.69315068,science,german,4,0,-0.140475941,7.1,-0.47314368,4.5,0.212863387,11.3,1.2689886,6.4,0.993752135,8,0.3723969,11010100100,2511325532,5412423621,5711265914,11001111,37.3
,25.29863014,humanities,german,4,0,0.331697441,16.4,1.821416993,18.8,0.612526493,24.7,1.692840493,22.4,1.205477355,13.8,1.132791755,1011100110,2443452421,5416436214,5374524938,10011101,96.1
male,39.54520548,other,german,4,0,-1.664386806,4.5,0.145914825,9.5,1.707388405,10.7,1.433444761,4.4,0.648757296,6,0.454223696,1.01E+11,3412534214,2254135625,4158987565,10110001,35.1
male,35.56164384,other,german,4,0,-1.283928445,7.5,0.35618483,12.9,0.409416465,10,0.817128947,4.8,1.341045134,8.7,0.327969386,1.101E+11,3422351121,1552336641,5621474562,101110001,43.9
male,33.92328767,humanities,german,6,0,-1.616294023,15.1,0.20659518,37.7,-0.421119364,21.3,1.04594502,13.3,1.441248606,17.2,0.131275084,1.0001E+11,3243122322,2125654325,2635241398,110000101,104.6
female,53.77534247,0,german,2,0,-0.79783041,44.1,0.35618483,12.5,1.885052465,34.6,1.091487405,16.2,1.57474468,15.3,0.821927794,1.1011E+11,4351214543,1521465634,5824756149,1101010,122.7
male,44.10136986,humanities,german,6,0,1.19276816,4.9,0.35618483,26.7,1.484750062,6.8,0.768557949,4.1,1.341045134,9.7,1.028661227,1010001110,2435541232,3252314452,5294741529,11100010,52.2
female,39.90684932,humanities,french,6,0,1.701194572,20.8,-3.040965737,58.9,0.204576105,32.3,1.204761889,36,0.685778108,32.5,0.151068987,1011101000,5543552315,2355132653,2585391671,111111111,180.5
female,52.91506849,humanities,german,7,0,1.701194572,13.6,-0.179909136,13,0.086023436,12,-1.141930922,13.8,-1.420712108,8.9,-0.191066832,111101000,2444552132,1131666511,5511417145,110100001,61.3
male,25.36986301,humanities,german,6,1,0.41979586,9.6,0.20659518,9.9,0.217860346,17.9,1.481604126,4.7,1.276938757,5.7,0.720558854,1011011110,2323453412,1136524632,5426582147,11000101,47.8
male,41.79178082,science,spanish,7,0,0.685710118,9,-3.040965737,5.9,0.119730474,12.8,0.770395092,5.7,1.667487544,8.4,0.040471498,1111010100,1335421114,2254132214,8417629563,0,41.8
male,39.61643836,0,german,2,1,-0.45747136,11.7,1.821416993,13.4,1.271673107,16,1.355769816,17.1,1.335280554,11.3,1.065333822,10110011100,2251433415,1216433152,5622387491,10011101,69.5
male,67.86849315,science,german,7,0,0.404517268,24.4,1.821416993,31.7,0.289837426,18.6,0.695247407,26.2,0.368647986,20.2,0.715933416,1.1101E+11,1241533345,6622531146,3536428854,10011101,121.1
male,37.32328767,other,german,6,0,-3.531128974,8.3,1.773448729,7.8,1.103762712,9,-1.761767818,8.1,1.19890754,5.3,-0.243355562,10101010101,3243215423,6666233215,8537415562,111100010,38.5
female,49.81643836,other,german,6,4,-0.635883352,30.1,0.068744507,24.2,1.397837387,22.9,1.253302059,11,2.143107142,17.4,0.845421549,1.0011E+11,3153245315,5436235466,5417936258,10101010,105.6
male,43.0630137,other,german,6,0,-0.363390177,22.2,-0.780898258,5.7,-4.580406459,12.7,-0.842589094,13.2,1.423278243,8.3,-1.028801149,11100100,4322111111,1234563456,1457896236,111000,62.1
male,45.83013699,0,german,3,0,-0.014644373,9,-0.179909136,18.7,-2.448819096,14,0.923763871,8.7,2.143107142,12.1,0.084699681,101100101,2311311314,5242153632,2864751398,110011001,62.5
male,38.64657534,other,german,6,3,1.907453695,5.8,0.35618483,19.3,-6.210054124,17.3,-4.945220211,9.2,-2.034701668,8.9,-2.185267496,1110000110,4234444444,2462462462,8625625862,11010101,60.5
male,51.90136986,humanities,german,7,0,-0.024223047,15,1.773448729,15,0.26196209,29.9,1.967725935,22.7,1.765812122,10.8,1.148945166,1101110010,4441234543,1345261443,6132456782,1010011,93.4
male,36.19452055,humanities,german,6,0,1.58550205,7.9,0.145914825,9.6,0.492742776,13,1.675134118,4.7,0.685946133,8.3,0.91704798,11101011001,4255422145,5332614256,5369778414,1110010,43.5
male,37.68767123,science,german,6,0,-1.482841831,4.9,-0.780898258,3,0.714737391,5.6,-0.821634219,4.3,1.381351602,5.7,-0.197857063,100001,3452123213,4551452145,7586234586,101101101,23.5
male,25.76986301,other,german,4,1,-2.585232015,13.9,1.821416993,15.2,2.315346967,18.5,1.506322698,9.2,1.837373764,7.8,0.979045681,1011101010,1425315243,6234655214,4236581679,110011100,64.6
male,63.83561644,0,english,3,NA,0.626054983,22.6,0.35618483,38.8,0.807131588,24.6,0.339060755,9.6,0.277372583,20.8,0.481160948,100110110,5313425223,5342511132,9945256936,110001010,116.4
female,24.12876712,humanities,other,5,2,-0.693076878,10.6,-0.729549989,6.8,-1.742111366,18.3,2.513331583,6.2,2.143107142,7.4,0.298340098,1.11111E+11,5432111121,4512362541,5426983714,110010011,49.3
male,68.40547945,other,german,4,0,-0.610967186,14.2,1.821416993,32.4,1.480481662,21.9,1.451310043,10.7,1.742176632,15.3,1.176883629,1101000100,3251422433,5341225314,5341829768,101110010,94.5
male,39.14794521,humanities,german,4,0,0.944802694,14.7,0.189437849,8,1.022499883,21.3,1.689281173,16.7,2.113637588,9.7,1.191931837,1011010011,1345213451,1543322615,5321498652,1100010,70.4
male,29.10136986,other,german,4,0,1.00084008,20,0.20659518,22.2,1.133074901,23.2,1.478544909,28.9,1.54283163,18.5,1.07237734,11010111001,2314513121,4163426511,1637995241,110011010,112.8
male,27.3260274,0,german,3,1,0.841993082,9.2,1.821416993,8.6,1.779919421,21.1,1.725290229,6.7,1.742176632,12.7,1.582159272,1011001000,2453314251,4163521326,7316482954,101100010,58.3
female,64.18356164,other,german,4,0,-1.264208577,18.1,-3.040965737,7.9,1.550454755,19.2,-0.653542382,11.7,1.321405893,16.5,-0.41737121,1.0101E+11,2134452133,1225443336,5642589621,0,73.4
male,34.6739726,other,other,6,1,1.22902119,10.2,0.20659518,21.7,0.405574297,14.1,1.640382368,10.3,0.880701248,10.5,0.872454857,1011000110,3312433115,4615433652,5174843122,10111100,66.8
male,42.06027397,humanities,german,4,0,0.918008535,10.5,-0.956960541,5.9,0.989542799,11.3,1.155430261,5,1.326991698,6.6,0.686602551,1011011111,2345231442,1536635426,8563458697,110001111,39.3
female,31.84109589,science,german,6,1,1.22902119,10.7,0.35618483,9.3,1.362240273,21,1.920774472,11,2.174028829,10.4,1.408449919,1011000110,1431523114,6214253261,4287159624,101110001,62.4
male,42.54794521,humanities,german,5,0,0.866643444,10.7,0.089538752,16.1,1.211017705,19.4,1.490822283,35.2,1.526539845,11.7,1.036912406,1001101110,5432132145,4165423462,6489365917,111010011,93.1
male,34.58356164,science,french,5,3,1.58550205,8.5,1.821416993,13.2,2.096486127,26,-0.144945588,15.3,1.002697454,10.4,1.272231407,111110011,4325152134,6662153341,4269511785,1100011,73.4
male,55.30410959,science,spanish,6,0,0.165508595,9.8,0.35618483,12,0.768907289,21.4,0.772234661,8.6,1.421384489,8.8,0.696843973,1110010011,3412541245,2325615216,5264139154,1110101,60.6
male,32.09863014,science,german,4,0,1.306093628,22,-0.47314368,7.9,1.339021093,30.3,1.126648386,10,0.196319567,11.1,0.698987799,101000111,5434525134,2526451256,5264559396,111101100,81.3
male,38.82465753,humanities,german,6,1,-1.521361312,19.5,1.036960055,8.5,1.446812932,18.5,1.237790141,13.3,1.414101655,12.2,0.722860694,110011000,4251234455,2541156326,5265417895,1010101,72
female,33.35616438,other,english,5,3,0.665394272,21.6,0.145914825,37.6,2.130581089,22.8,1.550664214,15.8,1.678303867,12.8,1.234171653,1011001110,3425124435,5364412156,5182679486,10110001,110.6
female,44.16164384,humanities,german,6,0,-0.580153207,14.6,0.35618483,13.2,1.335189856,30.4,0.030546496,19,1.302764002,19,0.488906395,101110101,5244132124,5666421613,8524348617,1101010,96.2
male,39.5260274,other,german,4,4,-0.635883352,6,-0.596190895,9.5,1.920033109,11.4,1.823515967,14.7,2.171391676,6.9,0.936573301,1.0011E+11,5452314325,5361526341,6258149362,1010110,48.5
female,30.49589041,science,french,7,1,0.225944088,9,0.35618483,9.2,0.428793476,15.6,1.347400584,9.8,1.522782248,11.3,0.776221045,1000110100,4354132225,5264511364,8426653984,10101001,54.9
male,27.56438356,other,german,6,0,0.251269885,6.8,-0.678035429,14.5,-8.169085689,14.6,0.63224523,7,-0.230035065,6.6,-1.638728214,1100010001,3233333333,5236244146,5625632418,110110011,49.5
male,45.40273973,other,german,4,4,-2.374336631,10.6,-0.596190895,7.9,1.463542079,18,2.178196446,9.1,0.260052856,22.1,0.186252771,1101101101,5311245432,4521563412,8519775895,100101011,67.7
male,31.8739726,humanities,german,4,0,1.701194572,6,1.821416993,14.5,-6.061145726,9.2,0.873379751,8.1,0.494628233,6.7,-0.234105235,1011101000,4312222222,4323515433,5735645895,1100011,44.5
male,28.68493151,humanities,german,6,0,-1.795258183,15.4,-0.688451355,16.9,0.796831889,15,1.534665498,13.1,1.30476854,10.9,0.230511278,11011011001,3453223454,5363244156,5862541756,101110110,71.3
female,56.58356164,0,english,3,1,0.866643444,26.7,-3.040965737,12.7,1.156322713,28.9,0.826666787,24.2,1.925838252,8.1,0.346901092,11100101000,5322113445,2554161364,1562478932,0,100.6
female,46.02465753,humanities,german,6,4,-0.420979762,9.4,1.466399166,10.6,1.573088549,11.7,1.339081318,7.5,1.423278243,8.3,1.076173503,1011001010,2342513243,2415266241,5462178398,10010101,47.5
female,39.06849315,humanities,german,6,0,0.213536737,19.6,-0.678035429,8,0.940144501,31.1,0.815229188,8.8,1.199141696,13.2,0.498003339,1011000101,4425413225,2436232152,5284137544,110111001,80.7
male,31.43835616,0,french,3,1,0.290609175,41.2,0.010229046,55.8,-0.163282691,40.3,-0.518876322,19.1,0.227483062,23.1,-0.030767546,101100100,2114441322,2533546661,5214559851,101101100,179.5
male,47.0630137,0,german,3,4,-1.283928445,17.6,0.35618483,45.7,1.133074901,25.5,1.165157861,21.1,1.549572947,10.3,0.584012419,1.101E+11,5331251431,2346554513,1823595476,101010011,120.2
male,38.02739726,science,english,7,0,0.771756741,7.7,0.32143388,4.8,0.705118214,9,1.714389473,6.2,0.187529867,10.2,0.740045635,11110010110,5545312545,1234562436,3586354753,101000101,37.9
male,23.33424658,science,german,6,0,-0.014644373,6,1.821416993,4.9,2.165561732,9.3,0.642270259,6.2,1.484150701,8.3,1.219751062,101100101,2413544231,3652336456,5179622385,10011101,34.7
male,39.15068493,science,german,6,1,1.00084008,3.9,-0.596190895,7.7,0.909120156,20.4,0.381518743,6,2.007577919,7.6,0.740573201,11010111001,2445332351,1235216466,6532741962,110001011,45.6
female,27.24931507,humanities,german,6,0,-0.846067465,8.4,-0.956960541,16.6,1.657872568,11.1,2.099670154,9.8,2.143107142,7.9,0.819524372,10001101101,3253142354,5231465234,1425867934,100010010,53.8
male,29.01917808,0,german,3,2,-1.279037779,5.9,1.821416993,4.8,1.672537094,12.7,1.827435724,6.4,2.171391676,6.4,1.242748742,11010001010,2431523143,2155362415,4275186342,1100011,36.2
male,19.00273973,humanities,german,4,0,0.317797423,10.5,0.20659518,23.6,2.363735851,15.4,1.692840493,27.4,1.742176632,9.9,1.264629116,10001101110,2514335241,2643341625,4238569715,10111100,86.8
male,33.42739726,science,german,6,0,0.389487119,16.8,0.35618483,11.2,0.023926244,15.9,1.442348771,16.7,1.147556847,13.5,0.671900762,1010001101,4434514244,2352116425,5362845274,110001010,74.1
male,56.16438356,humanities,english,6,0,0.500223415,26.9,1.773448729,39.6,-3.768529029,36,1.721647161,14.1,1.564181904,9.2,0.358194436,1001110011,5454445454,1542613412,7854951732,111001010,125.8
female,29.04657534,science,french,7,0,1.22902119,11.4,-0.688451355,10.5,0.352904157,16.4,0.807655947,15.3,0.610840418,10.2,0.462394071,1011110010,4342313432,5325634226,8246526836,11100000,63.8
male,30.96712329,other,german,4,5,-0.590539089,12.4,-3.040965737,9.9,1.523786971,22.8,0.840130398,9.2,1.340531856,8.6,0.01458888,1.10101E+11,4252314251,6241566153,5734183495,0,62.9
female,23.50684932,humanities,german,6,0,-4.415494561,12.3,-0.688451355,8,2.076435944,18.3,1.654179243,12.1,2.244683152,10.8,0.174270485,0,1234543215,1352426435,5214379685,10001001,61.5
female,47.66849315,0,german,3,2,0.727732527,8.9,-0.252960072,22.6,2.130581089,25.6,1.899944893,14.2,1.002697454,34.5,1.101599178,11000010101,3512415532,6253144356,8426599375,10100010,105.8
male,46.93424658,science,german,6,0,-0.585360735,18,-0.596190895,16,1.059397508,24.9,1.182346291,16.9,1.483446932,16.6,0.50872782,1010111011,2324531214,2423514635,4785152698,1101110,92.4
male,30.69315068,science,german,6,0,-0.585360735,10.2,0.35618483,43.1,0.79171143,14.8,1.506322698,16.4,1.390732856,13.5,0.691918216,1010111011,4223532435,5165322451,9162745366,101010110,98
male,43.22739726,science,german,6,1,1.22902119,7.8,1.821416993,7.8,0.870640994,18.2,0.832420985,11.3,0.498940104,12.4,1.050488053,1011000110,3253421425,5236141244,9671258425,10001101,57.5
male,45.03013699,science,german,6,0,-0.590539089,9.2,1.773448729,8.6,-5.357978688,14.3,0.940279299,8.5,1.354450525,11.7,-0.376067845,1.10101E+11,2333555555,5132616624,8364772698,1101011,52.3
male,35.8630137,0,german,3,4,-0.711381115,14.5,-1.126483048,8.2,0.731738074,16.4,-0.206473451,10.4,-2.16030886,10.5,-0.69458168,1000011010,5224152311,5226542266,8334479494,110111101,60
male,34.94794521,0,german,3,0,0.360140724,8.1,-0.791814807,13.2,1.943868759,12.5,1.199749391,11.1,1.625271812,9.4,0.867443176,1001100111,3254212435,1153462345,5368749617,111001101,54.3
male,21.31232877,science,german,4,1,1.701194572,8.3,-0.956960541,19.6,1.225045738,15.1,-0.268891503,8.5,0.905097533,9.6,0.52109716,1011101000,2335143342,5513344425,5267485542,101101110,61.1
female,5.945205479,0,french,0,1,-1.150341327,43.3,-0.252960072,50.1,1.90242921,67,1.883502543,27.3,1.449211203,22.7,0.766368311,10101000101,4325124534,6541236456,5895621487,101010111,210.4
male,47.94520548,science,german,7,0,0.225944088,17.6,1.036960055,7.3,0.149535886,10.8,1.066255107,13.6,1.524515389,12.2,0.800642105,1011000100,5411122334,5241463362,5146785246,100010101,61.5
male,37.6,other,german,6,0,-1.256703796,7.8,-0.490516869,9.2,-2.193116338,17.3,1.093804069,7.3,0.571176611,9.6,-0.455071265,1000110111,2345122222,2312564452,5485639562,11110,51.2
female,33.16986301,other,german,4,0,0.404517268,18.1,0.35618483,23.6,0.089053086,25.2,1.619939856,21.6,2.112791718,18.5,0.916497352,1.1101E+11,2142521321,2653516422,4967815624,100011101,107
male,29.71232877,other,german,6,0,1.19276816,20.3,1.821416993,12.8,1.013431303,15.7,0.9465234,15.7,0.956276486,16.9,1.186083268,11000101110,4144215324,6214215316,8473468156,100001110,81.4
female,33.4109589,0,german,3,0,-0.980687428,4.2,0.35618483,8.8,1.489032034,9.2,0.719849081,4.4,1.557376733,5.9,0.62835105,10000101011,3542322145,5235562146,5623548912,100011101,32.5
female,28.30958904,science,other,7,0,0.277309179,16,1.773448729,35.6,1.682402919,18.5,1.963391645,10.8,1.925838252,8.2,1.524478145,1000011111,2412135241,5236154253,8245761395,111100010,89.1
female,66.53424658,science,spanish,6,0,0.225944088,19.3,-3.040965737,15.2,0.121282842,15.6,1.891699466,6.7,1.529146619,8.5,0.145421456,1.00111E+11,4513242432,6245136264,8497621974,0,65.3
male,49.18356164,science,german,5,1,-0.79783041,10.8,0.068744507,11.9,1.260768763,19.3,1.084560433,10.4,1.411412991,9.8,0.605531257,1.1011E+11,4233115434,5435266254,5384765986,101010101,62.2
male,54.93424658,science,french,4,0,1.390181916,14.5,-0.47314368,17.2,1.146310183,16.6,1.19226429,13.4,1.27226693,13.9,0.905575928,1100111001,1342245411,5136345165,6138576962,1101111,75.6
male,35.82191781,science,german,7,0,-1.010668449,18.1,0.20659518,18.4,0.594748293,35,0.47795648,30.1,1.442481497,16.6,0.3422226,101111011,4223124433,2545516242,5486257315,101001100,118.2
female,40.81369863,science,french,7,2,0.142399046,14.3,-0.179909136,30.9,0.072473728,11.1,1.606476245,8.9,0.298677221,11.5,0.388023421,110001111,2232513343,2553124356,1845696625,1100110,76.7
male,54.04383562,humanities,spanish,6,0,0.727732527,9.2,-3.040965737,18.1,1.515013786,25.2,0.845940579,7.2,1.645766647,12.7,0.33869756,11010111,1234452341,1545236265,7563158964,0,72.4
male,39.7890411,other,german,6,0,-1.283928445,20.9,0.189437849,10.3,1.264393743,21.1,1.560352362,26.1,1.184458672,16.3,0.582942836,1.101E+11,5345214523,4316421653,5327243986,101110011,94.7
female,24.14246575,other,spanish,5,0,-0.635883352,48.1,0.089538752,29,-0.028502393,35.8,0.698735451,28.5,2.143107142,11.9,0.45339912,1.0011E+11,2455534224,3646135251,5624789316,11000010,153.3
male,47.55342466,science,german,7,0,-0.369969093,12.9,1.336502127,26.9,0.113538835,19.1,1.325325303,6,2.171391676,6.6,0.91535777,1.11001E+11,3254441122,5142645233,8579614285,10100110,71.5
female,52.76438356,science,other,6,3,-0.061574949,20.8,-3.040965737,18.9,1.434401055,52.5,1.119544855,14.7,1.643423961,19.8,0.218965837,111010010,1352314352,5221366421,8726418792,0,126.7
female,24.20821918,0,english,3,0,0.64551536,9.3,-0.596190895,13.8,1.264393743,15.6,0.865484699,9.7,-15.15284495,5.9,-2.59472841,10001100101,2453212343,1563332465,5555555555,110010001,54.3
female,24.97534247,other,german,6,0,-1.283928445,20,1.336502127,12.8,0.12751027,24.7,1.475492393,26.6,1.488238889,18.2,0.628763047,1.101E+11,1314253425,3146552411,8456219588,101011001,102.3
female,37.90684932,humanities,spanish,6,NA,1.435280313,11.9,-1.126483048,14.2,1.743165665,21.2,1.433444761,8.5,0.573206119,6.2,0.811722762,1011000011,2354125433,5345266413,8326623591,10000100,62
male,41.18630137,science,spanish,6,0,1.701194572,17.8,-0.956960541,11.6,-0.599774697,22.4,0.597714931,14,-0.169583284,14.2,0.114518196,1011101000,4421544244,6632566124,5835871598,111100011,80
female,33.87123288,humanities,german,6,0,-0.590539089,29.5,-0.596190895,17.6,1.484750062,20.8,0.637248729,33,1.557967299,10.6,0.498647221,1.10101E+11,5233431523,5541366265,2867451395,1011100,111.5
male,27.22191781,science,german,6,0,0.213536737,21.1,1.821416993,31.3,-0.404403196,26,1.475492393,13.4,1.318494052,11.1,0.884907396,101101101,2242325212,2436122513,5198571426,10001101,102.9
male,24.16712329,0,german,3,0,-0.888176906,6.8,1.821416993,9,0.18163941,17.5,0.187127095,12.5,1.159607681,11,0.492322855,10100011101,2435321532,4436522125,5368775261,101001010,56.8
male,26.28493151,0,german,3,0,1.266754339,15,-1.210243675,13.3,1.2356635,19.3,2.029865597,7.6,0.234996442,10.5,0.71140724,11010100011,1542415234,5132346125,5214231473,100010,65.7
male,39.8739726,humanities,german,6,0,0.131057385,16.6,-3.040965737,14.7,1.16303933,29.4,0.948611,16.9,1.351346642,10.3,0.110617724,1010011,4351254325,2251643324,1862359774,0,87.9
female,44.03013699,other,english,6,3,-0.258636645,25,-0.688451355,37.9,1.484750062,36.5,0.408195614,35.4,1.682939824,13.9,0.5257595,1001111010,2431235432,5234521622,6857952368,110110101,148.7
male,39.32054795,humanities,german,7,0,0.225944088,17.1,0.145914825,10,-0.000416305,30.5,0.035962254,32,0.690321206,18.5,0.219545213,1000110100,4543122213,5226632433,8825144926,11100101,108.1
female,55.39452055,science,english,6,3,0.891969241,10.1,0.35618483,7.9,1.667631154,10.7,1.967725935,7.1,1.893948021,7.2,1.355491836,11100101001,4315234543,5236411253,1538795462,10100011,43
male,28.66849315,science,english,6,1,-1.616294023,21.8,0.145914825,20.4,-4.63724344,16,0.726958653,18.8,1.441248606,10.6,-0.787883076,1.0001E+11,3245444444,4351124612,5234567319,101001110,87.6
male,33.75342466,science,french,6,0,-1.616294023,14.1,1.821416993,9.9,1.577661317,18.4,1.703573328,15.4,1.297264883,10.8,0.9567245,1.0001E+11,2423515234,2651342613,5644182673,110011100,68.6
male,58.04109589,science,english,7,0,0.706482538,8.5,1.036960055,20.2,-7.823521473,14.5,1.606476245,9.7,1.639527355,11.8,-0.566815056,11001110011,4122222222,5314263556,6517854639,1010101,64.7
male,31.43287671,other,german,6,0,-0.818235958,9.6,1.821416993,27.6,1.001434082,20.7,0.978170626,13.8,1.381351602,13.6,0.872827469,1.10001E+11,4225124355,5365125421,6182496183,110001100,85.3
female,52.72876712,humanities,spanish,6,0,-0.693076878,27.2,-0.780898258,19.8,-0.363850366,36,0.08006318,11.8,1.271285184,10.9,-0.097295428,1.11111E+11,5254552141,2513222543,7586324458,111000111,105.7
female,34.44657534,humanities,french,6,3,0.483568302,10.3,1.269405268,9.2,1.873591298,12.7,1.367007562,8.9,1.181214627,11.7,1.234957411,11000110101,4534152431,1545265324,4857142436,100001100,52.8
male,64.90958904,science,german,6,0,-0.553666186,6.3,-3.040965737,14.4,0.6743221,18.6,0.339060755,8.1,0.621602295,16.2,-0.391929354,100011010,2325312335,2256546335,9985632544,0,63.6
male,39.85205479,humanities,spanish,7,1,-0.742566418,29.2,1.466399166,18.3,-1.280398721,22.8,1.664617291,16.5,1.837373764,14.3,0.589085017,1010101111,3214353333,4365126541,5812946237,11100011,101.1
male,60.49863014,0,spanish,3,0,-0.251212237,16.7,0.010229046,14.4,1.354455979,15.8,0.952795607,11.7,-0.010979588,11.8,0.411057761,11010110010,1235213432,1153645625,1223687665,1101101,70.4
male,52.86027397,humanities,french,5,1,0.374697463,12.5,1.821416993,17.6,1.389845203,13.1,0.222654923,12,1.374910251,11.5,1.036704967,11101001011,4315524313,5224642334,5782324819,10001101,66.7
male,42.88493151,science,german,6,0,0.685710118,10.4,-0.596190895,20.8,1.113462724,20.8,0.863517906,21.7,0.478234382,12.9,0.508946847,1001111001,5412134544,5223644653,5784312214,1110100,86.6
male,47.74794521,other,german,6,0,0.014702021,11.5,1.773448729,20,2.261006722,20.2,2.338542444,16.1,1.667487544,16.6,1.611037492,10010100111,2351342531,5362412365,5236817489,1101011,84.4
male,22.16712329,humanities,spanish,5,1,0.153881601,12.8,0.20659518,10.2,0.605832134,17.8,0.237625233,10.7,0.558126694,10.8,0.352412168,1011101110,3233145413,2522644316,5438336271,11110010,62.3
male,26.3369863,science,german,6,0,1.907453695,13.4,0.35618483,16.3,-9.982032341,12.6,0.247695542,13.6,0.624506355,12.6,-1.369238384,1011100101,1111111111,1156522344,5627895533,1110101,68.5
male,45.09315068,science,german,7,0,0.404517268,13.3,-1.210243675,13.7,-0.038195754,16,1.121908677,14.3,0.94709753,17.7,0.245016809,1.1101E+11,3235431433,5224132541,5618244692,111011101,75
female,44.15890411,humanities,french,4,3,-0.635883352,26.8,-3.040965737,17.3,1.550454755,25.8,1.924978014,16.8,1.57474468,8.4,0.274665672,1.0011E+11,2433125453,1513623415,2658423987,0,95.1
male,38.4739726,science,french,6,1,-4.415494561,19.6,-3.040965737,9.6,-9.982032341,16.4,-11.37692329,5.6,-15.15284495,6.2,-8.793652177,0,4444444444,5555555555,5555555555,0,57.4
female,31.76438356,science,french,7,0,0.225944088,10.6,1.821416993,12.5,-9.982032341,16.9,0.861553884,12.1,0.754664422,11.8,-1.263690591,11100100010,4444444444,1533215413,5265195321,10011101,63.9
male,36.81369863,science,german,6,0,1.907453695,11.4,0.35618483,18.6,1.05317727,20.1,0.802002905,8.9,0.611640962,12.5,0.946091932,1011100101,2433542241,2335114266,5244966517,1101010,71.5
male,45.29589041,science,german,7,0,0.374697463,11.4,1.773448729,11.6,0.122837001,18.2,1.369831216,10.7,0.972977644,15.2,0.922758411,1011100100,5452444215,5542661543,1468263477,100010110,67.1
male,35.45479452,other,german,4,0,0.685710118,10.9,1.773448729,15.5,1.413965472,18.2,1.001844094,8.9,0.906841097,9.9,1.156361902,1001100101,4423512324,3541564113,8716835957,101110000,63.4
male,36.3369863,science,german,7,0,0.665394272,6.9,-0.956960541,4.6,1.764044828,18,1.006191907,6.1,1.187942005,10.7,0.733322494,10010110001,3421135423,5244661255,3648739619,11101101,46.3
male,26.27123288,science,spanish,7,0,-1.04918793,20.1,1.821416993,16.5,1.476226748,29.4,1.563596771,10.5,1.837373764,10.6,1.129885269,10101011001,1234312541,6154325411,7658315429,101110010,87.1
male,48.47945205,science,german,7,0,-0.273308918,17.3,1.336502127,27.8,0.397922691,18.9,0.798246911,24.2,1.911666054,36.1,0.834205773,101101100,2541134115,5141361533,8524139458,111010001,124.3
female,34.67671233,humanities,german,6,0,-0.445466857,11.5,1.821416993,8.6,1.370069824,17.7,1.341848891,10.7,1.86630319,11.8,1.190834408,11101001001,4234451423,2561245653,5268475963,10011101,60.3
female,25.33972603,science,german,4,0,0.404517268,11.5,1.821416993,16.2,1.692341555,18.9,1.871296863,9.7,2.054701956,10.9,1.568854927,10001011110,3452135421,1234565432,5143298674,101110010,67.2
female,24.78356164,humanities,german,4,0,0.665394272,12.3,-3.040965737,13.7,1.319972981,9.3,-1.508603498,10.3,1.03489372,9,-0.305861652,110101110,3235411223,2411134666,5245786459,0,54.6
female,49.26575342,other,german,4,0,-0.251212237,12.4,-0.47314368,26.8,0.568513456,40.4,0.969660841,14.3,1.707305978,12.9,0.504224872,1011110100,1145134512,3415426322,6249863741,1011000,106.8
male,33.88219178,science,german,6,0,1.907453695,11.6,1.821416993,6.5,0.739090298,20,1.457316401,10.7,1.386629814,8.3,1.46238144,1011100101,3341254414,4332513264,6582429681,10110101,57.1
male,23.71506849,humanities,german,4,0,0.251269885,6,-3.040965737,4.9,1.52819509,4.9,1.823515967,4.3,1.606568176,6.6,0.433716676,10110010011,1243215345,4516326512,5413287658,0,26.7
male,35.6109589,science,german,7,0,1.060495216,16.1,1.821416993,15.1,-4.270502937,26.2,1.619939856,14.6,1.943548639,15.2,0.434979553,1011101001,1432555555,6241512543,9572486325,101011010,87.2
male,33.87945205,science,french,6,0,0.331697441,7.6,0.35618483,18.6,-1.57308951,16.3,1.633534822,15.3,1.549572947,7.4,0.459580106,1011100110,3433323533,5364415231,5394742168,101010110,65.2
female,31.96986301,science,german,6,2,1.390181916,31.7,1.821416993,33.8,1.823189941,27.7,1.668114088,31.6,1.925838252,13.7,1.725748238,1011010111,1423154213,2433615241,6175286493,100011110,138.5
male,40.22739726,other,german,6,0,-0.301972727,24.6,1.036960055,10.5,-0.878829848,25.2,1.469407349,21.8,1.841803015,12.2,0.633473569,11100100100,3334233243,2534521563,7258641985,1010101,94.3
male,33.76712329,0,spanish,7,0,0.131057385,12.2,-0.956960541,18.2,1.550454755,12.3,1.454309986,5.2,1.183415201,7.5,0.672455357,1100100101,3245134212,1625436525,5415267832,101101110,55.4
female,34.15616438,other,french,6,3,1.701194572,17.9,0.35618483,35,1.908271645,27.3,0.995347705,17,2.007577919,13.3,1.393715334,1011101000,2534213542,3252341462,5248175392,110001010,110.5
male,25.33972603,science,german,5,0,1.532668597,9.4,-3.040965737,11.5,1.550454755,21.5,1.398386989,10.5,0.767099047,14.1,0.44152873,1110111000,4233512245,5622431255,1963874457,0,67
female,36.18356164,science,german,6,0,0.435331247,6.3,-1.932211616,12.2,0.32551313,18.4,-5.584759058,4.4,0.896986796,9.5,-1.1718279,11001111110,3323554112,1111114566,4541263541,11111111,50.8
male,40.59178082,humanities,german,6,0,-1.083140568,13.1,-0.956960541,10.3,1.393835366,19.6,1.386894363,7.9,1.149143094,11.9,0.377954343,10100101101,4253142513,4351162524,8135772845,101101011,62.8
female,29.49863014,science,german,7,0,1.266754339,8.9,1.336502127,9.2,0.121282842,19.4,1.194754859,8.1,2.141168,11.3,1.212092433,1110101001,3421524152,3255143662,5267914365,10100110,56.9
male,51.49589041,science,spanish,6,0,1.060495216,21.4,-0.729549989,27.3,0.575024407,27.2,2.05274744,14.2,1.999894425,17.9,0.9917223,11010001011,2333445213,2451356423,4752693851,100111001,108
female,40.58356164,humanities,french,5,5,0.201293726,10.4,0.145914825,4.8,0.900781559,17.4,1.404169042,7,1.210187229,11.1,0.772469276,11100110110,3553422314,1663534215,5396683157,110001101,50.7
male,79.94520548,humanities,spanish,7,0,-4.415494561,28.6,-3.040965737,7.4,1.257153515,13.2,0.345821918,11.5,0.907034948,10.7,-0.989289983,0,3145342134,1236526126,7856198562,0,71.4
female,48.11780822,science,english,7,0,1.060495216,10.7,-0.596190895,9.9,0.827970364,20,0.940279299,18.3,1.268343679,7.6,0.700179533,1011101001,2451123512,1455614231,6517845696,11001110,66.5
male,23.28493151,other,spanish,6,1,1.347181894,18.5,-0.179909136,24.3,0.854480651,16.7,2.338542444,7.2,1.841803015,9.6,1.240419774,1101111001,4552145243,1532462531,8425761952,11001100,76.3
male,50.46575342,other,german,4,4,-0.004965397,10.3,-0.252960072,9.8,-0.286940055,9.9,0.57196874,12.6,0.972573078,6.5,0.199935259,11011000111,3422334134,1532264144,8639954175,10100010,49.1
male,41.6109589,science,german,6,0,1.060495216,12.4,0.35618483,11.3,1.126505722,11.9,0.454312682,9.4,1.484150701,11,0.89632983,11110001101,4251322245,5246124555,5341766895,11100010,56
male,NA,0,german,0,0,-0.369969093,42.4,-1.126483048,28.9,-1.794045319,79.2,-3.669427582,43.5,-12.48233388,23.9,-3.888451784,1.11001E+11,1111213534,2266645555,5555555588,11111101,217.9
female,41.56986301,science,german,7,0,0.238520252,30.2,1.821416993,36.3,1.116711649,21.1,1.843225955,16.4,0.474859089,9.1,1.098946788,1000110110,5412543415,3516264352,8569887258,10001101,113.1
female,7.750684932,0,german,0,0,0.500223415,23.2,-2.023993528,24.9,0.729296225,12.1,1.271620277,21,0.187895109,20.6,0.1330083,1.10011E+11,2234551133,6543211234,5123558236,10000000,101.8
male,42.35890411,science,german,7,0,0.374697463,14.6,1.773448729,24.8,0.291598942,31,0.506564709,22.7,0.767896152,14.3,0.742841199,11101001011,1422513334,1553414233,5245874286,10001111,107.4
male,54.7369863,0,english,3,1,0.389487119,35.7,0.781777371,11,1.986624066,37.9,1.823515967,32.3,1.803081216,22.6,1.356897148,1010001101,2351245321,2534612431,1796578241,111011010,139.5
female,48.86027397,science,english,6,1,-1.283928445,38.9,1.821416993,29.2,1.72260528,55.7,1.284853738,43.4,1.723820841,16.4,1.053753681,1.101E+11,4153241253,4214652331,6178249652,10011101,183.6
male,19.57260274,science,other,4,1,0.972396797,11.9,0.20659518,19.8,-0.3832119,18.6,0.657444343,14.7,0.883753687,11.3,0.467395621,11001011000,3234535344,6165232554,8626519568,10011110,76.3
male,33.02191781,humanities,german,7,0,0.944802694,12.8,1.336502127,12.6,-0.591565995,10,0.800123642,9.1,1.433871833,9.5,0.78474686,1011010011,4231532222,4251136651,8526671945,11101000,54
male,38.51506849,0,spanish,3,1,-0.801947717,12.3,-3.040965737,5.3,2.151460252,14.3,1.041471588,10,1.700004293,8,0.210004536,11011010110,3451223415,2566455231,4836278965,0,49.9
male,36.28493151,science,german,6,1,-0.301972727,15.4,-0.596190895,37.3,1.657872568,21.1,0.599339972,34.9,1.548104941,10.7,0.581430772,1.0111E+11,3251122435,3135244614,5618574361,11001110,119.4
female,32.73424658,humanities,german,6,4,-0.140475941,9,0.35618483,7.3,1.61953036,11.5,-1.39482548,4.2,0.586226923,11.9,0.205328139,11010100100,4252143254,5246356666,5735914323,101011100,43.9
female,43.6630137,0,german,3,3,1.907453695,23.7,-2.438154003,28,1.264393743,26.9,-0.021442918,13.5,1.359247918,22.5,0.414299687,11000010111,2345331224,5211145363,5415896257,111101111,114.6
female,41.49041096,science,english,7,5,0.389487119,13.7,-0.265943141,10.3,1.362240273,15.7,0.664241785,20.1,1.486263932,14,0.727257994,1000011011,3442125423,2544513154,5297871245,101001101,73.8
female,40.23287671,science,spanish,7,0,-1.324486369,7.8,-1.556328377,13.9,0.851806014,10.9,0.822843813,8.7,1.441248606,9.9,0.047016738,10101100110,3513254322,2543326113,5247895842,11000,51.2
female,46.65479452,0,german,3,5,-0.5696493,29,-3.040965737,10.7,0.977755599,30.6,1.851188679,15.3,1.902781659,13.9,0.22422218,1001100110,3411235445,5426632541,8542968714,0,99.5
female,47.65479452,humanities,german,6,1,0.944802694,9.9,1.821416993,16.8,1.385866827,18.8,0.703983943,11.9,1.885894614,10.1,1.348393014,101101001,1345211332,2521446631,5426197546,101001010,67.5
female,43.49589041,humanities,german,6,1,1.19276816,7.4,-2.023993528,14.4,0.277570908,17.1,1.754782821,16.8,0.659622085,19.8,0.372150089,1110010111,5545211451,5543625341,4939725561,111111101,75.5
male,30.6630137,science,german,7,0,1.390181916,6.6,0.189437849,5.4,0.623758243,9.7,1.427540205,9.9,1.480073293,7.2,1.022198301,1100111001,5234552314,5326155426,8752649143,11110101,38.8
female,65.06849315,science,english,6,5,-1.256703796,41.9,-1.210243675,29.2,0.498896689,48.7,0.828582214,26.4,0.932641858,28.4,-0.041365342,1.11E+11,4521214553,2415213661,5263854356,10100000,174.6
female,62.60547945,science,german,6,0,-0.48102254,38.7,1.036960055,33.8,-1.529123397,55.3,1.415805627,17.7,0.334538134,27.7,0.155431576,10111010110,2225143444,3421256632,6463753685,101010001,173.2
male,45.21643836,science,german,7,0,0.817983063,10.8,-0.678035429,10.2,1.442662916,12.8,-0.765385081,11,1.081819798,13.9,0.379809053,110111001,2314543235,1241125533,5724156689,110011011,58.7
male,31.77534247,other,german,4,0,-0.301972727,4.6,-3.040965737,5.1,1.801380896,8.3,1.980810284,7.9,1.606568176,8,0.409164178,1.0111E+11,3452314512,6234132561,5624183758,0,33.9
male,54.60821918,other,german,4,1,0.588321834,10.4,-0.956960541,21.7,2.018016608,11.2,1.570108338,8.3,1.394049711,11.1,0.92270719,101000110,4352145432,2561236521,5426984236,1110000,62.7
male,47.68219178,science,english,5,0,0.201293726,16.1,0.35618483,29.4,1.335189856,25.6,1.481604126,19.9,1.667487544,10.1,1.008352016,11010100010,3244152124,5261412531,5624367189,11010101,101.1
male,7.210958904,0,spanish,0,3,-1.264208577,91.2,-3.040965737,18,1.72260528,82.2,1.478544909,59.6,1.742176632,21.2,0.127630501,1.0101E+11,3452153421,5531642154,9863257412,0,272.2
male,41.87123288,science,spanish,6,1,-4.415494561,34.5,0.446237926,33,1.193685689,39.6,0.557692853,32.7,0.328258799,17,-0.377923859,0,4553213352,3445146212,6983474759,100000111,156.8
female,56.12328767,0,french,3,2,-2.937262512,63.8,-3.040965737,21.9,-9.982032341,17.2,1.100777259,33.7,-15.15284495,46.5,-6.002465657,10000000000,2222222222,6551264435,5555555555,0,183.1
male,76.89315068,0,german,0,0,1.58550205,31.9,-3.040965737,24.3,1.624263859,55,1.796382117,23.1,2.171391676,13.5,0.827314793,111110011,5135244135,5342516342,4627398146,0,147.8
male,61.0109589,science,english,6,1,-4.415494561,12.6,1.036960055,16.6,-3.543796566,11.3,2.355640486,9.1,-4.461186952,10.6,-1.805575508,0,3422222555,5362146532,5693288888,11101010,60.2
female,70.92328767,humanities,english,6,1,-4.415494561,21.2,-3.040965737,15.8,0.717152959,33.3,2.123737643,10.3,1.653130132,12.8,-0.592487913,0,2451241235,5421634251,5234984256,0,93.4
female,50.90410959,humanities,german,7,0,0.055338621,20.2,-3.040965737,16.1,1.455151528,17.3,0.671072549,23.3,1.678303867,13,0.163780166,10011100000,5132432215,5242216431,4531748596,0,89.9
female,31.3260274,science,german,6,1,1.091831565,6,1.821416993,10.5,1.173177489,13.7,-0.188113858,6,0.670896533,8.2,0.913841745,11110000111,2343551233,2226143551,5662441796,10110101,44.4
male,49.03013699,0,german,3,0,-4.415494561,17.3,0.089538752,14.2,-1.024407194,27.2,0.87140179,19.8,-0.287316912,6.5,-0.953255625,0,5543215555,3253615645,8562465668,101001,85
male,26.01917808,science,german,6,0,-0.309001915,13.6,0.568657951,6.1,1.974269126,14.9,1.059452133,14.9,1.212547557,11.2,0.90118497,110110,3412253214,2554352645,5236963482,111110100,60.7
male,45.83561644,science,french,6,3,0.606995879,11.7,-1.126483048,7.6,1.908271645,13.3,0.802002905,11.6,2.007577919,12.6,0.83967306,1011111101,2451233425,2441321154,3624583176,11110111,56.8
female,37.24657534,humanities,german,6,3,0.626054983,35.1,0.35618483,20.1,1.455151528,29.7,1.253302059,20.8,2.244683152,16.1,1.187075311,100110110,3453214534,2631554635,5381629745,11010101,121.8
male,42.15068493,science,french,6,0,-0.181564207,10.3,1.821416993,10,-4.270502937,12.1,0.815229188,7.8,-15.15284495,5.4,-3.393653183,1010011111,3245111111,5566123566,5555555555,10011101,45.6
male,78.07671233,science,german,6,5,0.918008535,18.5,-3.040965737,19.3,0.238035691,11.4,1.788725653,10.3,2.113637588,12.5,0.403488346,11010011101,4214543243,2315463254,4239587412,111111111,72
female,18.87671233,0,german,3,0,0.866643444,13.3,1.821416993,15.5,1.657872568,23.9,1.224994156,19.1,1.690322041,13.5,1.452249841,1001101110,2451132545,2561445315,5234874196,1110011,85.3
male,52.13424658,humanities,spanish,6,0,0.142399046,18.8,-3.040965737,16.1,0.881523308,22.7,1.544242669,10.6,2.143107142,13,0.334061286,111010101,3234554211,5663215342,5874123698,0,81.2
male,43.99726027,science,other,7,0,0.972396797,26.7,-0.490516869,17.3,-3.60656947,29,0.879330534,39.5,1.492479455,15.6,-0.150575911,1011011001,4355155555,5425661533,8253781497,11110000,128.1
male,28.07123288,humanities,spanish,6,4,0.131057385,12.6,0.20659518,14.4,1.103762712,24.4,1.290182513,25.5,1.690322041,13.5,0.884383966,101011110,1214534452,5436551342,2815395467,100001101,90.4
male,59.31232877,humanities,spanish,6,1,-3.531128974,22.1,0.089538752,26.7,1.764044828,22.9,0.83627036,14.6,0.768605035,17.2,-0.014534,10101010101,3154432153,1534464113,5436379941,10000110,103.5
male,6.194520548,0,english,1,0,-3.531128974,18.1,1.821416993,29.6,1.72260528,40.9,1.593141473,17.9,0.720954511,11.7,0.465397857,10101010101,4352154321,5461123625,1147785692,101011010,118.2
male,4.02739726,0,english,0,5,2.282238792,77.4,-1.932211616,76,0.799399438,39.1,1.699986524,33.5,1.661633824,33.1,0.902209392,11000111001,2345134512,4563221463,1458962358,100,259.1
female,21.14520548,science,german,4,2,-0.097475919,14.5,1.226951829,15.8,0.170315916,13.6,-0.063501606,8.5,-0.119600106,8.8,0.223338023,1.01111E+11,1114212351,1342544666,7888526941,10101,61.2
male,60.72876712,science,german,6,0,-0.48102254,10.3,1.036960055,10.6,1.974269126,21.9,1.481604126,10.8,0.117558299,15.2,0.825873813,11010111010,2154313251,3451253415,5637868748,10101011,68.8
female,46.68219178,humanities,french,5,5,-2.842452945,17.5,0.35618483,35.1,0.65110292,35.9,1.827435724,23.6,2.244683152,10.7,0.447390736,1000000000,3432351322,5365124653,5687941235,11100010,122.8
male,34.75616438,0,french,3,0,-0.79783041,25.9,1.821416993,12.4,1.268028506,36,0.830500277,18.6,0.335073724,9.6,0.691437818,1.1011E+11,3524452113,4533264221,5963267744,101100010,102.5
female,51.37260274,humanities,german,6,0,-4.415494561,13.5,1.036960055,18.3,1.61953036,40.6,0.55139466,30.3,1.564033646,12.5,0.071284832,0,2412534221,4246145254,5917478352,101010001,115.2
male,16.21369863,0,other,3,0,1.701194572,11.1,1.773448729,27.7,1.908271645,14.1,1.773537787,10.6,1.86630319,13.5,1.804551185,11010000111,4231543125,4351642352,5427195823,101110000,77
female,49.92328767,0,english,3,1,-0.693076878,13.5,0.189437849,18.2,1.707388405,25.4,0.750318514,16,1.667487544,12.2,0.724311087,1.11111E+11,4253142352,2524463235,5629861473,10100001,85.3
female,28.21643836,science,french,7,0,0.626054983,10.1,-0.956960541,8.4,-2.467350095,16.4,0.300480042,14,-1.254496386,12.8,-0.750454399,10000111010,2452232222,5253456116,5265554149,11100111,61.7
female,20.51232877,other,french,5,1,-0.79783041,25.2,-0.729549989,36,1.506297387,21.3,1.484670075,32.4,2.244683152,7.6,0.741654043,1.1011E+11,5321414532,2531542623,8562417938,11000110,122.5
male,53.08493151,0,french,0,0,0.665394272,30.7,-0.179909136,13.1,1.087749693,14.8,1.472446549,16,1.492054875,14.4,0.907547251,101101000,4341532423,5216636415,5823496143,100001011,89
male,29.66849315,science,spanish,7,1,1.030186475,15.6,1.452177581,14.5,-0.418000847,14.7,1.063983757,6.1,0.206268074,21.3,0.666923008,101101110,2345122223,5456323152,5524862811,1111001,72.2
female,32.9369863,science,other,6,0,0.944802694,26.3,-0.596190895,34.3,0.784067063,20.8,1.472446549,14.5,1.587034417,11.7,0.838431966,10011010011,5432313423,2314544362,6754396253,110101001,107.6
male,24.80273973,science,english,5,0,-0.132034478,14.1,0.189437849,12.4,1.823189941,22.5,0.340410366,14.1,1.600181215,11.1,0.764236979,11001000010,1234521342,4513456611,7541763958,101110011,74.2
male,35.03835616,other,german,4,1,-0.715901094,22.1,0.35618483,24.3,0.253368066,20.5,1.445329463,26.2,1.841803015,13.8,0.636156856,1000101101,5214135413,4151635243,9628546971,110001010,106.9
female,56.44383562,0,german,3,5,-4.415494561,10.3,-3.040965737,10,-9.982032341,13.1,2.420191826,10.7,1.661633824,12.7,-2.671333398,0,3333333333,1653421563,8245691745,0,56.8
female,44.76986301,humanities,german,6,3,-0.420979762,24.5,0.35618483,19.2,1.459340269,27.2,2.01182686,14.8,1.925838252,10,1.06644209,11111,4235111324,1534623152,8246391756,11010101,95.7
male,62.47123288,0,other,3,0,-4.415494561,12.4,-3.040965737,10.8,2.076435944,18.1,2.025333974,13.9,-8.804806097,9,-2.431899295,0,5432123451,5231464215,8585888888,0,64.2
male,29.48767123,science,french,7,0,-0.720399077,19.6,-0.596190895,31.8,1.90242921,12.7,1.531487679,26.8,2.244683152,9.2,0.872402014,110110111,2143542312,5241136234,6537912486,11100110,100.1
female,28.68767123,science,french,6,1,0.238520252,18.7,0.35618483,16.9,0.971900463,23.8,1.401275016,14,1.742176632,11.8,0.942011439,1000110110,1434522132,5232612465,5316857429,10101001,85.2
male,30.22465753,humanities,german,6,1,0.626054983,33,1.821416993,14.5,0.966070674,48.4,1.541042959,42.3,1.557967299,15.8,1.302510582,11011001000,4212544235,2644135622,4672951385,101011010,154
female,26.59726027,humanities,german,4,0,0.374697463,8.2,1.821416993,11.5,1.225045738,13.9,1.292854562,9.2,0.858185852,12.4,1.114440122,1001110100,3543132542,1563321446,1546193525,10001101,55.2
female,27.69041096,science,french,6,0,0.517184144,20.4,1.821416993,4.8,1.173177489,11.3,0.638920563,7.3,1.922469921,7.8,1.214633822,1011101100,4335311243,5542356322,8647593641,11100001,51.6
male,36.76164384,science,french,7,0,1.833467516,16.7,-3.040965737,17.4,-0.545974578,18.2,1.133788314,12.6,-1.434077389,9.9,-0.410752375,1100010111,3443221333,2566162435,5222547517,0,74.8
male,51.74246575,science,german,6,0,-0.329774335,15,0.145914825,13.7,0.729296225,14,1.290182513,13,1.060799651,9.5,0.579283776,10011100100,3241123225,5332241652,5627485789,11100101,65.2
female,46.57808219,other,german,4,0,-4.415494561,18.7,-1.298379402,7.9,1.393835366,24.5,0.108352274,8.2,-15.15284495,14.5,-3.872906255,0,2415342153,6526563142,9999999999,11101110,73.8
male,41,science,spanish,7,0,0.500223415,18.8,-0.984117278,30.6,1.662743022,22.1,1.827435724,16.6,1.999894425,15.1,1.001235862,11100100110,2155324215,6531643526,6482917435,111011011,103.2
female,25.49863014,0,german,1,0,0.165508595,11.7,0.189437849,7.2,1.471985236,14.8,-0.021442918,5.1,1.496447836,8.9,0.66038732,1.1001E+11,4142312534,5421453331,5264887152,1100010,47.7
female,73.62191781,humanities,german,6,4,-4.415494561,13.3,-1.210243675,37.2,-0.134047358,61.3,-1.937496477,29.7,-15.15284495,11,-4.570025405,0,3312433123,3335511135,3333333333,10100000,152.5
male,34.26575342,science,other,6,3,0.290609175,27.5,0.20659518,22.5,-6.061145726,23.3,1.433444761,23.2,1.113064891,13.6,-0.603486344,110110101,2134444444,1533614215,5764586147,11000101,110.1
male,33.88493151,science,french,4,1,0.552068804,8.6,0.35618483,6.9,2.201475302,25.4,1.743649822,13,1.372943762,9.7,1.245264504,11001001100,3421552431,2416625314,5268346539,11100010,63.6
female,45.17534247,other,french,6,3,0.374697463,31,0.189437849,21,0.484581059,42.7,1.916583573,37.9,1.86630319,19.8,0.966320627,1011100100,4254143541,2514362251,9617259318,101110011,152.4
male,33.46027397,science,german,7,1,-4.415494561,11,0.35618483,10.2,1.218013456,12,0.845940579,12.1,0.26734198,13,-0.345602743,0,4352133421,5214464533,5285395158,101010011,58.3
female,44.70136986,science,english,7,3,-3.531128974,9.1,-0.179909136,14.7,1.081397422,11.8,2.338542444,10.2,1.925838252,7.2,0.326948002,10101010101,3523142514,1265342516,8234961754,11110100,53
female,30.63013699,0,other,3,2,0.331697441,11.1,1.821416993,51.8,1.10054484,13.3,1.352974483,10.2,2.143107142,10.9,1.34994818,1010001011,1314521132,1436243526,4872596138,100011110,97.3
male,30.89041096,science,german,6,0,0.213536737,20.4,1.773448729,12.7,1.856580389,24.5,1.019317338,10,1.70584288,11.4,1.313745215,1001011101,2412534521,5322645332,5394684573,10001111,79
male,31.51506849,science,german,6,0,0.374697463,7.6,-0.47314368,8,1.084569812,9.9,0.111785885,10.1,0.065956528,7.9,0.232773201,1011010001,2433254512,4225415121,1326325475,110100111,43.5
female,25.08767123,other,english,4,0,0.891969241,13.1,-3.040965737,9.5,1.610112986,11.4,0.101510331,9.9,2.141168,13.2,0.340758964,101011101,3241235213,1553656542,5681372645,0,57.1
female,29.6630137,science,french,6,4,-1.283928445,6.1,1.821416993,8.1,1.418027856,18,1.692840493,9.5,1.351346642,9,0.999940708,1.101E+11,2315343221,5524161352,5668472391,101001010,50.7
male,40.16712329,science,french,6,0,-0.693076878,10.8,-3.040965737,6.3,1.801380896,12.9,1.62672076,8.4,1.742176632,9.2,0.287247135,1001011010,2453123421,2541645314,5874256931,0,47.6
female,44.43561644,science,other,6,4,-0.610967186,11.9,1.821416993,14.9,0.989542799,16,1.048187133,13.1,1.414101655,13.5,0.932456279,1011010100,4152411325,5241254436,5781625395,100001110,69.4
male,54.86575342,0,german,3,1,1.1578835,8.2,1.336502127,9.3,1.401851336,15.3,0.154844425,10.7,0.344207267,10.8,0.879057731,101111100,3451121344,2144361144,5136969423,11001010,54.3
female,71.16438356,0,french,2,0,-1.150341327,24.2,-3.040965737,12.9,-6.853404072,19.6,0.978170626,14.6,-15.15284495,10,-5.043877093,10101000101,2212222222,5653461512,5555555555,0,81.3
female,53.37808219,humanities,german,6,3,-0.693076878,24.1,0.010229046,13.4,0.986586313,20.9,1.541042959,17.4,0.042061077,14.7,0.377368503,1.11111E+11,2311452211,2125453621,5553874196,1101101,90.5
male,30.29589041,other,german,6,0,0.142399046,12.2,0.35618483,13,1.476226748,16,2.109247326,15.8,0.384605874,9.1,0.893732765,10001011100,5212314552,6245513246,5773154849,101110001,66.1
male,27.84383562,humanities,german,6,0,-0.693076878,10.5,0.068744507,7.8,1.573088549,12.7,0.9465234,12.9,0.012973695,7.3,0.381650655,1.11111E+11,3423154324,4526315255,8546758655,10101010,51.2
male,31.06575342,science,french,4,0,0.64551536,23.8,1.036960055,12,-3.543796566,23.4,2.153178307,8.1,1.925838252,9,0.443539082,10100110001,3144444555,2543614125,4326914578,10101011,76.3
female,29.11780822,other,other,7,3,0.685710118,8.5,1.773448729,5.8,2.315346967,15.7,0.560852657,6.2,1.955151041,6.7,1.458101902,11100011011,2341521435,5542163321,8742316258,1101011,42.9
male,46.03287671,other,german,6,0,0.165508595,11.4,1.036960055,10.7,1.697338515,23.2,1.344621973,20.5,0.840815215,12.6,1.01704887,1101100011,1322543213,2651423354,5176581573,1010101,78.4
male,35.24657534,science,spanish,5,0,0.331697441,7.9,0.35618483,3.6,0.268877017,17.1,0.735896932,6.9,0.781420815,7.6,0.494815407,11001101100,4231352225,2412363243,5625493177,101010110,43.1
male,21.69863014,science,other,6,5,0.119853202,14,-3.040965737,11.3,1.286350953,21.8,1.661129247,10.3,1.925838252,11,0.390441183,10110010001,2314531425,2435125416,5472315869,0,68.4
male,34.3260274,science,french,6,3,-3.495939066,5.7,0.145914825,9,0.197982803,25.7,0.737691488,6.1,-2.689683889,7.4,-1.020806768,1E+11,1413145214,5541443621,5555477326,110001101,53.9
male,25.85205479,humanities,german,5,1,1.060495216,50.3,1.821416993,33.5,0.036993852,30.6,0.730527087,65.5,1.07694357,27.4,0.945275344,1011101001,3212154212,5622431661,2186724115,101110010,207.3
,4.002739726,0,other,0,NA,-0.693076878,19.4,-2.438154003,6.4,-9.982032341,13.8,-11.37692329,9.9,-15.15284495,11.5,-7.928606294,1.11111E+11,4444444444,6666666666,5555555555,111101111,61
male,48.00821918,other,german,6,0,0.374697463,21.7,1.336502127,9.6,0.746482882,16.9,1.386894363,21.6,1.30163759,14.6,1.029242885,1011010001,5221554223,3351642231,6492542178,1011101,84.4
male,29.8630137,science,french,7,0,0.389487119,11.9,1.336502127,10.4,1.999093406,35.9,1.773537787,16.7,2.054701956,12.2,1.510664479,10011101011,3412543215,5236441526,5321479862,1011101,87.1
female,44.55342466,science,english,4,1,0.345809681,6.2,1.821416993,8.2,0.050189506,9.5,1.788725653,4.5,-0.178831913,6.1,0.765461984,110111,3422345433,5421365441,8574265858,11100001,34.5
male,48.88493151,science,german,4,1,0.706482538,6.7,-0.490516869,19.7,-0.334275908,31.7,1.52831709,11.5,1.737525752,8.5,0.629506521,1111011110,4255312111,5365416523,1589265479,1011010,78.1
male,40.02739726,science,german,6,0,-2.208056913,13.4,1.821416993,19.1,1.327559925,18.6,1.699986524,21.6,0.729572583,18.1,0.674095823,1.1E+11,4211553224,4163566214,5471359985,10011101,90.8
male,44.94520548,0,german,3,0,-0.420979762,8.7,1.773448729,5.4,1.955946679,15.3,2.043549566,9.2,1.837373764,8.2,1.437867795,10100110100,5215432415,1543265231,1524786439,11101001,46.8
male,41.94246575,science,german,6,0,-1.095184175,9,1.336502127,13.7,-9.116666283,12.9,1.341848891,16.3,0.567125569,15.7,-1.393274774,1010010000,4222222222,5435116452,4811561975,10100110,67.6
male,40.69863014,science,german,4,1,0.517184144,22.2,-0.678035429,19.9,1.418027856,25.2,1.077667725,21.7,1.454312297,11.7,0.757831319,10001100111,4122544315,3612322546,4322659174,1000110,100.7
male,27.80821918,science,german,4,0,2.075979669,14.7,-0.688451355,6.2,1.573088549,17.3,-0.29566497,10.5,1.820832402,9.2,0.897156859,11100001011,1255343112,2652113334,8624537985,10100100,57.9
female,29.84383562,other,english,7,2,-1.144687892,18.1,0.189437849,5.4,-9.982032341,14.3,-1.455668888,10.6,-0.083144771,13,-2.495219209,1001010010,3333333333,1526456666,7587417588,101011110,61.4
male,28.7369863,science,german,4,0,0.238520252,19.4,-0.596190895,7.8,-0.750181943,12.2,1.333562606,14.7,1.778022105,8.7,0.400746425,1010111001,3512432323,5242611365,5231754628,110100011,62.8
male,38.8,0,german,3,1,-0.645664753,6.9,0.35618483,26.3,1.727716022,13.1,1.980810284,16.7,0.548103594,10.7,0.793429995,1011010110,3213425413,2534151623,5765411834,100101010,73.7
female,29.58630137,science,german,5,1,-0.3567641,13.5,1.821416993,37.1,-0.734641593,25.2,0.844001159,12.1,1.111515209,18.2,0.537105534,1000111000,1141335351,2411452156,7259335462,101011010,106.1
male,54.03835616,science,german,6,5,0.374697463,19.6,-0.596190895,15.2,1.146310183,41.7,1.207274916,37.6,0.855370904,30.7,0.597492514,1011100100,3435412451,2535446235,2855675498,1101110,144.8
male,39.46027397,science,spanish,5,2,0.665394272,8.1,1.821416993,16.4,-0.10021596,10,0.546689626,6,1.281871767,8.3,0.84303134,110110010,2312232143,2523241546,5248412965,101100010,48.8
female,58.70410959,other,english,4,3,-1.283928445,33.6,-0.179909136,36.6,1.523786971,37.9,1.298214079,14,1.667487544,14.8,0.605130203,1.101E+11,4152431234,5342461525,5182467349,110011001,136.9
male,32.10684932,other,german,4,1,0.64551536,23.4,1.226951829,21.9,1.358342501,17.8,1.819607204,12.2,2.141168,13.8,1.438316979,11000011010,1452134523,2545316524,2843951862,100010100,89.1
male,33.08767123,science,german,6,1,-0.079699721,6.3,-0.596190895,14.3,1.022499883,8.9,1.09612459,7.7,1.071759155,11.4,0.502898602,1011011101,4354243125,1323542166,5262148562,100101011,48.6
female,43.28219178,0,english,3,5,-0.301972727,21.6,0.35618483,12.7,0.937294386,13.3,1.566848751,11.5,2.244683152,8.6,0.960607678,1.0111E+11,4234511214,2544165213,8573241698,110010101,67.7
male,59.55616438,science,german,5,1,0.251269885,16.1,-0.596190895,11.2,0.937294386,33.2,1.457316401,8.8,2.073961189,10.1,0.824730193,11101110011,1225541153,5254136514,5219364258,110001011,79.4
male,26.32876712,humanities,spanish,5,1,0.817983063,15.3,1.466399166,16.2,1.405877286,13,-0.7469445,3.8,1.3890109,7.3,0.866465183,11110000101,2541342445,1255546366,1475866239,1110001,55.6
male,42.25205479,science,german,4,1,-2.040248589,8,0.35618483,7.6,1.028579708,14.8,0.709252278,11,1.079000547,13.4,0.226553755,11011011101,4335241243,2534421126,5261728433,11010101,54.8
male,42.14520548,0,german,3,1,0.944802694,7.2,0.35618483,11.6,1.633781065,14.7,0.714540607,10.5,0.921252101,11.3,0.91411226,1011010011,2415231454,1543556242,4351855264,11100010,55.3
female,42.84931507,humanities,french,6,1,-1.527003245,10.3,0.20659518,11.5,1.301190542,10,1.436406447,6.7,0.155602564,11.8,0.314558298,1.01001E+11,3452134324,2541235654,5955824178,101001100,50.3
male,46.04931507,science,german,6,0,0.817983063,9.1,0.446237926,10.5,-9.982032341,9.8,1.433444761,5.8,-0.540415168,8.6,-1.564956352,1101001,5555555555,2452136532,3152679996,111011,43.8
male,36.02465753,0,other,6,0,-0.123515212,5.3,1.821416993,4.7,-0.630341489,8.2,0.52957249,5.8,2.141168,8.8,0.747660156,1011010010,1211344435,5266536211,8524167328,10001101,32.8
female,31.02191781,humanities,english,7,4,-0.043087657,14.2,0.145914825,23.6,0.679014366,22.2,0.492940205,25.9,1.557376733,13.7,0.566431694,1011101111,3122431543,2325124311,8624875932,110001101,99.6
female,48.95068493,humanities,german,6,0,-0.818235958,39.5,-0.791814807,19.6,0.892494277,25.9,0.973909237,18.4,1.411412991,13.1,0.333553148,1.10001E+11,4531314152,4253364263,5652391456,10011000,116.5
male,61.98630137,0,german,2,1,0.055338621,12,-3.040965737,15.1,1.297465286,28,1.295531744,10.8,0.644825315,15,0.050439046,1001011110,2445132153,5452615632,5468816538,0,80.9
female,45.78356164,0,english,0,4,0.588321834,20,1.336502127,9.6,1.013431303,26.7,1.583223475,12.4,1.421384489,9.5,1.188572645,110100101,2311533125,4352216433,8462568934,11001010,78.2
female,39.86575342,humanities,german,6,1,-0.693076878,30.1,1.269405268,18,0.104304428,28.8,0.753947352,19.4,1.990685277,10.9,0.685053089,1.11111E+11,4513251555,3643132425,8639742198,10000101,107.2
female,46.72876712,other,german,5,0,-1.098170716,12,1.821416993,32,0.895251042,11.3,1.998449417,7.5,0.471783721,8.9,0.817746092,1011010101,4231542313,1532425613,5624418626,101001010,71.7
male,28.01917808,0,german,0,0,-1.619692313,4.8,1.821416993,8.3,1.056283797,19.9,-0.182558477,14.7,0.53220056,10.3,0.321530112,101000000,3233415342,5111231614,5684526592,10110101,58
female,39.40547945,humanities,german,6,0,0.004816004,11.3,1.821416993,6.3,2.030781434,18.4,-2.394878778,11.8,-0.45973785,10.8,0.200479561,1110101,4252315324,1112522232,5256576946,11110001,58.6
male,37.24383562,science,french,6,1,0.891969241,17.4,0.145914825,25,1.103762712,14.5,2.057369245,12,1.690322041,10.4,1.177867613,101011011,4213245344,5163425612,7496526831,10110001,79.3
male,36.10958904,other,german,4,0,-4.415494561,24,1.821416993,17.5,0.113538835,27.5,0.596091782,30.5,-7.238689615,13.4,-1.824627313,0,3412225544,5561453645,5555552379,10011101,112.9
male,43.44383562,science,german,5,1,-0.818235958,61.3,-0.956960541,19.1,-0.069562862,100.6,0.500492922,127.1,1.659266992,11.7,0.063000111,1.10001E+11,4433455311,5256346314,6854174639,111100011,319.8
female,25.93424658,science,other,4,3,-0.258636645,15.8,0.35618483,15,1.653019665,7.5,1.875353555,6.2,1.298762704,7.6,0.984936822,10010111010,3421543234,1524236521,5267589451,1101010,52.1
male,33.10136986,science,french,6,0,-2.429624051,21.4,0.35618483,9.9,1.434401055,18.7,1.714389473,19.2,2.141168,16.8,0.643303861,1.001E+11,2413254134,5136543214,4617258694,101011100,86
female,4.002739726,humanities,german,7,5,-4.415494561,6.7,0.446237926,8.1,-9.982032341,9.7,-11.37692329,5,-15.15284495,7.6,-8.096211445,0,4444444444,5555555555,8888888888,111000001,37.1
female,19.72054795,other,german,4,0,-1.256703796,23.3,-0.265943141,19.3,0.838511937,26.3,1.389758646,16.4,1.463036855,13.7,0.4337321,1000110111,4251254324,6645312354,1475826548,10111000,99
male,50.48219178,humanities,german,6,0,0.404517268,12.9,1.269405268,17.9,0.862536582,19.1,0.683107553,18.7,1.718569295,11.8,0.987627193,1.1101E+11,5523214154,2324142351,5278623459,100001100,80.4
female,53.33150685,other,german,6,0,0.771756741,14.2,-1.932211616,14.2,0.44252521,10.2,-1.981046051,11.4,-0.295087705,10.1,-0.598812684,101100110,4253445155,6616553533,6255845563,100000000,60.1
male,61.74520548,science,french,7,0,-0.189567147,12.5,-0.688451355,13.2,0.954486267,31.6,1.421660564,10.5,1.384516367,19.3,0.576528939,1.10111E+11,4432451443,5243562615,3764253163,10001001,87.1
male,41.92876712,humanities,german,6,0,0.771756741,20.2,-0.490516869,9.7,1.007419332,29.1,0.743089066,20.2,0.756422124,10,0.557634079,101100111,2554113244,2551431664,5851933278,101001011,89.2
male,48.6109589,science,german,6,0,-2.429624051,13.1,1.336502127,6.7,1.366149358,11.7,1.871296863,7.9,2.143107142,7.9,0.857486288,1.001E+11,3451322455,6245154263,8524179683,11001010,47.3
female,32.56712329,humanities,german,6,1,1.390181916,15.2,1.336502127,20,0.562033833,52,1.418730021,22.2,1.319253134,31.9,1.205340206,1011100010,2425523345,2532145316,5944281563,111010001,141.3
male,23.99726027,science,german,4,1,-2.429624051,7.9,0.35618483,21.5,1.389845203,14.4,-2.033144565,10.7,0.514202233,7.1,-0.44050727,1.001E+11,3413253451,5422525226,7824578863,10101100,61.6
male,35.02465753,science,german,6,0,-0.79783041,26,0.145914825,15,1.890819836,25,1.240363499,22.9,1.28286026,24.4,0.752425602,1.1011E+11,5224153425,2264125643,6674315672,110001101,113.3
male,44.10684932,other,german,6,0,-1.083140568,11.9,0.189437849,6.1,0.462388093,20.2,1.197249887,9.6,-0.06567515,12.3,0.140052022,10100101101,5233124411,5514622314,5257889114,110011101,60.1
male,62.57808219,0,german,2,0,-4.415494561,13.7,-3.040965737,13.2,0.768907289,13.1,2.099670154,13.1,1.990685277,12.4,-0.519439515,0,2345134531,5314625316,8423794568,0,65.5
male,28.24931507,other,german,4,0,-0.079699721,13.9,1.821416993,9,1.471985236,19.8,0.645628027,8.5,1.643111871,12.2,1.100488481,1011011101,2541243513,5265534421,5274851924,10001101,63.4
female,42.00547945,humanities,other,5,0,-2.208056913,49.1,-3.040965737,3.8,1.559462675,35.4,1.550664214,39.8,0.605726728,19.5,-0.306633806,1.1E+11,4213521145,2415526324,2895846118,111111111,147.6
female,33.6739726,humanities,english,7,3,1.390181916,8.5,-3.040965737,13.2,0.93445029,9.8,2.062006431,4.6,1.033630788,7.1,0.475860737,1010110011,2341254354,5143221546,4578652141,0,43.2
male,35.74520548,humanities,german,6,0,-0.309001915,8.1,0.145914825,6.4,1.506297387,12.2,0.027307115,6.2,1.893948021,10.2,0.652893086,10100110000,4251234543,1122335664,5417896273,10011100,43.1
male,31.8109589,science,german,6,3,1.347181894,9.4,0.35618483,52.3,2.103236412,14.3,2.367156857,6.3,1.657533616,5.3,1.566258722,1101111001,5342132543,2653412564,9865348756,100101010,87.6
male,48.84657534,other,german,6,0,0.771756741,14.5,0.189437849,29.6,0.180015927,27.7,1.292854562,55.3,1.877701333,14.8,0.862353282,101100111,3412341352,5424153142,3481698274,10001100,141.9
female,30.01369863,0,english,3,4,1.060495216,9.9,0.145914825,7.3,2.151460252,13.7,1.172498385,10.1,1.999894425,9.4,1.306052621,1011101001,2315445231,4251265313,5634182697,110001101,50.4
female,27.63561644,other,other,7,2,0.389487119,21.5,-3.040965737,15.8,1.393835366,37,1.401275016,21.5,0.473686799,14.2,0.123463713,1000011011,4235142315,1251463315,5563744389,0,110
male,18.73424658,science,english,5,0,1.306093628,9.6,1.821416993,26.2,-0.447848223,13.3,0.855678375,13.6,0.270036132,9.4,0.761075381,101110001,2433111221,5415224135,5258645593,101110010,72.1
female,53.65753425,humanities,english,5,2,0.404517268,24.5,1.821416993,37.3,1.732846234,18.4,1.976435169,19.3,1.916127467,8.8,1.570268626,1.1101E+11,4153142541,5243561254,8259378152,10100101,108.3
male,24.80273973,other,french,4,0,-2.58284201,48.7,0.35618483,34.9,0.124392956,29.6,1.460329317,39.2,0.983024528,32.2,0.068217924,1001101111,1234523453,5226354261,4288943617,1110101,184.6
male,29.28767123,0,german,3,1,-0.189567147,10.4,-0.596190895,5.9,-0.404403196,17.2,1.920774472,7.9,1.235991372,7.7,0.393320921,1.10111E+11,2321242522,1625341523,4591853257,11101100,49.1
female,33.92328767,other,english,6,1,-1.080104986,10.3,0.446237926,10.3,1.885052465,19,1.924978014,8.8,0.667239914,8.3,0.768680667,101010110,4253123455,5263412532,8656397144,111000100,56.7
female,29.92328767,science,german,6,0,-1.283928445,10.5,0.35618483,13,-4.580406459,18.4,0.909471715,15.1,1.371895989,14.2,-0.645356474,1.101E+11,4522111111,5614455623,5739685482,101110001,71.2
male,45.70684932,0,english,3,0,1.060495216,12.2,0.35618483,5.1,0.841160275,27.4,0.605859156,12.3,1.459707407,11.7,0.864681377,1011101001,1125145311,1131642543,8542645918,100011101,68.7
male,29.12876712,humanities,spanish,7,0,0.467207985,13.4,-0.596190895,10.5,0.330946946,14.5,0.115227977,8,1.708119409,8.7,0.405062285,1101110000,2514323331,2351362111,2341738594,11010100,55.1
female,24.88767123,other,english,6,1,-4.415494561,11.4,-3.040965737,22.8,-9.982032341,14.3,2.240138775,11.5,-10.14764171,12.1,-5.069199115,0,3333333333,1235642136,5475555555,0,72.1
female,29.1260274,science,german,6,0,-0.251212237,11.5,0.20659518,6,1.385866827,11.6,1.75106193,7.1,1.911666054,8.6,1.000795551,110110100,4352341213,5124652354,7459237584,11000101,44.8
female,47.44383562,0,english,2,4,0.108783204,13.1,-0.678035429,10.2,-0.128897528,16.2,1.066255107,9.8,1.661633824,12,0.405947836,11010010110,1143134114,5331642256,5247893147,100100001,61.3
male,30.90958904,humanities,english,6,3,0.918008535,17.3,-3.040965737,10,0.568513456,14.9,2.240138775,13.6,2.06594152,10.6,0.55032731,1010011100,2343134453,5264132561,4571982657,0,66.4
female,47.03287671,other,english,4,0,1.091831565,14.4,0.089538752,21.1,0.900781559,13.4,0.351254568,11.5,1.441796436,16.9,0.775040576,1110101011,2325412255,5153252216,2186397455,101100,77.3
female,48.16986301,humanities,english,6,0,-1.283928445,20.4,-3.040965737,30.7,1.999093406,130,0.813332016,23,0.784462327,35.5,-0.145601287,1.101E+11,1531243521,4234532462,6749561957,0,239.6
male,49.69041096,humanities,english,6,5,-0.043087657,11.8,1.821416993,17.2,1.257153515,18.9,-1.663386005,9.6,0.786612884,10,0.431741946,1100011010,2455123244,5121463333,5586397411,101001010,67.5
female,58.87123288,science,english,4,1,-0.189567147,35,0.32143388,40.9,1.779919421,44.4,1.916583573,12.8,1.667487544,10,1.099171454,111011,4153241235,5162543516,6542813987,101000101,143.1
male,54.28767123,humanities,english,4,4,-1.521361312,22.9,-3.040965737,11.3,0.303994498,16.7,0.429623094,10.2,1.346316083,7.1,-0.496478675,110011000,3553341225,6332514525,3569184575,0,68.2
male,35.26849315,other,german,6,1,-0.526397725,10.8,0.781777371,7.6,1.007419332,15.3,-0.471434364,7.2,1.134700485,9.4,0.38521302,1.00101E+11,3121542214,1355124666,6454278413,100101,50.3
female,44.9369863,other,english,4,5,-1.283928445,27.7,0.089538752,80.9,0.859845913,31.4,0.106067892,37.6,1.390732856,18.4,0.232451394,1.101E+11,3523314354,4364316452,3354682397,110010111,196
male,48.64383562,humanities,english,4,0,0.517184144,16.5,-3.040965737,11.3,1.366149358,17.2,0.359443463,20.4,0.960886479,14.5,0.032539542,1101110110,3152434225,5143265226,5182597466,0,79.9
female,53.91780822,0,english,3,2,-0.693076878,15.3,-3.040965737,20.8,1.563989331,23.2,1.0868656,19.1,1.841803015,13.2,0.151723066,1.11111E+11,2351342533,2564412564,4826571962,0,91.6
female,50.47123288,0,english,3,5,-0.251212237,16.2,-3.040965737,26.1,-0.413831559,29.9,1.583223475,9.7,-2.662751034,11.1,-0.957107418,1.11101E+11,3452111333,2561235641,7676798545,0,93
male,32.42191781,humanities,german,7,0,-0.79783041,6.8,1.773448729,19,1.541506688,10.1,1.162719587,7.4,0.825843334,8.7,0.901137585,1.1011E+11,2351244533,5523541562,5821536268,10100111,52
male,49.73972603,humanities,german,6,1,-0.526397725,8.4,-3.040965737,6.7,1.001434082,22.3,0.579963443,7.6,1.482602832,13.2,-0.100672621,1.00101E+11,4125445322,5332645114,5671413589,0,58.2
female,27.50958904,science,spanish,6,2,-0.189567147,20.9,0.145914825,46,1.519393234,13.7,0.358075301,16.5,1.442481497,12.7,0.655259542,1.10111E+11,2545132142,2414364536,5746851935,100011010,109.8
male,49.69589041,science,german,7,1,-1.490675215,23.5,1.466399166,8.8,-4.266566497,15.4,0.324300673,15.4,1.449211203,10.1,-0.503466134,1010010101,2431222222,4545621453,1754268978,1110001,73.2
male,62.24383562,science,english,4,0,1.390181916,12.5,-0.09938208,23.5,-9.982032341,22.4,0.845940579,17.4,1.074565222,18.7,-1.354145341,1011100111,4444444444,2636155244,3821936774,101000000,94.5
male,37.07671233,science,german,4,0,-1.527003245,7.9,-0.596190895,4.4,-0.688618259,13.2,1.827435724,9.1,-0.826960502,13.4,-0.362267435,1.01001E+11,2313325454,2216356241,5565732739,110001011,48
female,34.52054795,science,english,4,0,-1.04918793,13.5,0.189437849,32.2,-4.270502937,12.3,0.448463888,10.3,1.990685277,11.2,-0.538220771,11001010101,3124555555,4156413566,4896712364,1100010,79.5
male,45.03013699,other,other,4,5,-0.097475919,10.3,-0.252960072,13.2,1.914139537,22.7,1.518848382,19.1,1.312560765,11.8,0.879022538,10100000110,2345121432,4261135424,5649278584,101110101,77.1
female,27.26849315,0,french,2,5,-0.420979762,33.8,-3.040965737,11.9,1.834228356,39.9,2.178196446,16.6,-8.129425419,32.1,-1.515789223,1.1111E+11,5123144251,2316415362,6658666666,0,134.3
female,26.13972603,science,english,7,0,2.282238792,16.2,1.821416993,13.5,-9.982032341,14.1,0.748507633,9.9,-0.032879413,10.2,-1.032549667,100110111,4444444444,2544213554,8586224717,11110001,63.9
male,28.90684932,humanities,english,5,0,-2.649760005,8.8,0.568657951,12.4,1.629014055,11.5,-0.416057291,6.5,-2.784163071,6.7,-0.730461672,10011010,3432154234,2223554112,5555241877,1011,45.9
female,15.32328767,0,english,3,2,0.451132209,25.1,0.189437849,26.4,1.81224127,26,1.328065664,14.4,1.433871833,6.9,1.042949765,10100011010,4231523451,3665132561,5134853926,100001010,98.8
male,39.01643836,other,english,7,0,4.803904085,10.1,-3.040965737,10.9,1.110221617,13.5,1.389758646,12.7,0.379773621,15,0.928538446,110100111,2321554513,2531435266,7266359694,0,62.2
male,21.57534247,other,german,4,0,-0.711381115,7.9,0.145914825,11.4,1.52819509,16.7,1.490822283,9.8,1.365102718,8.6,0.76373076,1000011010,1232453213,2543366514,5294273146,101100011,54.4
male,26.25479452,other,german,6,0,1.482692438,10.6,0.35618483,14.4,-6.061145726,10.1,0.944438923,7.4,0.967323332,11,-0.46210124,11000101100,2453333333,1234521652,8575425938,10100011,53.5
male,56.43835616,0,german,6,3,-4.415494561,9.4,-3.040965737,14.9,0.79171143,28.8,0.927874413,10.8,-0.862798011,9.1,-1.319934493,0,2513431555,5325564512,5654712223,0,73
female,51.32328767,0,english,3,5,-0.258636645,19.1,-3.040965737,14.9,1.214511038,24.5,0.266775798,13.9,1.302889209,13.9,-0.103085267,10010111010,1421234153,1526356456,1897842658,0,86.3
female,28.34794521,humanities,english,6,0,0.331697441,7.2,-3.040965737,12.6,0.884257683,9.9,2.128601427,7.8,1.225594161,9.3,0.305836995,1011101011,2541342542,1652324516,1529365758,0,46.8
male,26.96164384,science,german,6,0,-0.088630552,16.8,1.821416993,13.8,0.45440775,30.7,1.355769816,24.1,1.477547885,16.6,1.004102378,11010001101,2432143454,5263341621,4538751892,110001100,102
male,18.50136986,0,english,3,0,-0.755616052,6.3,0.35618483,4.7,-9.982032341,8.1,-0.452454597,6.7,0.251655522,12.1,-2.116452527,11000001,5555555555,5442633555,5266843839,110001010,37.9
male,39.12054795,science,spanish,6,0,-2.429624051,36.2,-3.040965737,6.4,1.377945163,38.9,2.355640486,9.7,1.37032566,9,-0.073335696,1.001E+11,4212345231,5462135246,8577416253,0,100.2
female,43.46849315,humanities,german,6,1,0.108783204,33.3,0.068744507,15.5,0.835868798,48.9,0.750318514,35,0.624667852,23.4,0.477676575,1.00011E+11,3452234321,2632215631,3235247895,10101010,156.1
male,47.90410959,science,german,7,0,0.317797423,20,-1.932211616,4.3,0.388418917,19.5,0.667652981,15.2,1.103569856,17.8,0.109045512,11101100010,3325554235,5235143354,4553687964,111111011,76.8
female,24.64383562,science,english,6,4,0.119853202,8.5,0.35618483,18.2,2.069818343,13.9,1.52831709,16,2.143107142,10.7,1.243456122,10010100001,2451342521,4254613251,1532867419,11010101,67.3
male,33.97534247,0,english,3,5,-4.415494561,24.3,1.036960055,6.8,1.692341555,10.9,0.201718568,8.9,2.244683152,8.2,0.152041754,0,4231542135,1524352436,5287469315,101010100,59.1
female,48.75616438,humanities,german,4,1,-0.420979762,11.6,1.821416993,37.7,1.532617685,14.8,1.623326183,14.3,1.807239669,14.7,1.272724154,1.1111E+11,2243135234,3352214635,5862318596,1100011,93.1
female,56.6739726,science,english,6,5,1.435280313,19.2,-1.126483048,35,-4.477856185,20.6,1.871296863,21.7,1.659266992,22,-0.127699013,11100100111,2454111111,5126231425,5496276839,100000010,118.5
female,29.29041096,humanities,french,6,0,-0.004965397,17.4,0.20659518,9.3,0.849136679,18.4,1.187296467,13.1,0.77535568,14.6,0.602683722,1000111101,3211153421,5223411326,5531497735,1111010,72.8
female,20.27671233,other,french,4,1,0.685710118,5.4,-0.688451355,7.2,1.455151528,11.4,-0.02664051,8.6,-15.15284495,5.1,-2.745415035,11000000101,2423154312,5222143522,5555555555,11100000,37.7
female,22.87945205,humanities,english,4,2,-0.336596018,10.3,1.821416993,7.6,1.81224127,7.1,1.398386989,7.8,1.442481497,10.4,1.227586146,11101001000,2435513224,5514362251,5761859345,110011100,43.2
male,20.57260274,science,german,5,0,-1.036525626,16.8,0.010229046,13.8,0.021039471,25.7,1.093804069,15.8,-0.432099521,18.1,-0.068710512,11110110110,2313325425,3163453362,6628648557,111000011,90.2
female,24.26575342,humanities,english,5,5,-0.088630552,9.4,0.35618483,21.3,1.823189941,9.6,2.05274744,9.3,2.054701956,10.9,1.239638723,11010001101,3452123435,2531652413,4158932675,101110001,60.5
male,42.03013699,humanities,german,4,3,-1.283928445,18.1,0.35618483,10,1.43852565,12.1,1.430489356,12.8,2.043341365,11.1,0.796922551,1.101E+11,5133214532,5143256612,6183549678,100101010,64.1
female,34.45753425,humanities,german,6,0,-1.438529766,15.3,1.773448729,6.6,0.849136679,25.8,1.98960194,10.9,1.378719238,11.8,0.910475364,1.01101E+11,4225314353,6625342165,5346518325,110010100,70.4
male,45.44931507,science,german,6,0,-0.301972727,10.8,1.543792939,5.3,1.467757041,10.3,-2.974096894,5.3,1.03173832,9.2,0.153443736,1.0111E+11,3412453124,5556222214,8625954788,11010011,40.9
male,45.88493151,humanities,other,7,0,0.435331247,13,0.145914825,9.6,0.621504387,20.7,0.897336896,6.6,1.606568176,14.3,0.741331106,110011010,3543235122,2536515526,5263479857,110001101,64.2
male,36.68493151,other,german,6,0,-0.693076878,21.3,-0.596190895,15.8,-9.116666283,24.6,0.184709969,17.6,1.893948021,10.3,-1.665455213,1.11111E+11,5555555554,4345634465,1458632987,1101110,89.6
male,45.92328767,science,german,6,0,-0.79783041,16.3,-0.47314368,10.9,1.139676282,19.3,0.652367933,26.4,0.824188705,17.9,0.269051766,1.1011E+11,4432535414,5235632264,8691583845,11001111,90.8
male,61.36438356,science,german,6,2,-1.283928445,15.8,0.35618483,18.4,1.136371547,18.8,1.266361883,16.9,0.597611579,14.1,0.414520279,1.101E+11,3453142512,6315432421,3655417989,100101010,84
female,19.43013699,humanities,french,4,0,1.532668597,13.3,-0.490516869,25.9,1.12323311,33.8,1.75106193,17.3,-2.044878104,15.5,0.374313733,1011011100,2521452351,2534512465,4444238617,11110000,105.8
male,61.09315068,science,german,6,3,1.124267658,16.1,-2.438154003,47.1,1.890819836,37.6,1.384035956,18.4,1.381351602,19.4,0.66846421,1110100011,1234521134,1536642133,5896127896,10000,138.6
male,39.35616438,science,other,4,3,-0.004965397,18.5,0.723053306,20.6,0.041378052,27.6,1.566848751,24.4,1.427615555,13.5,0.750786054,1000111101,4411223355,3441362543,1452836141,1011011,104.6
female,21.39178082,humanities,english,5,0,-0.590539089,7.3,-0.596190895,8.4,1.106988293,11.2,1.478544909,7.5,1.523359746,7.7,0.584432593,1.10101E+11,5243545121,2514261355,5284147623,100010011,42.1
female,29.57260274,humanities,german,7,0,0.345809681,13.2,0.20659518,17.4,2.137504904,18.1,1.430489356,13,0.929884915,16.8,1.010056807,1101101011,3251431254,5426153341,5338165217,10111100,78.5
male,23.25205479,science,other,5,4,0.685710118,7.4,0.781777371,8.4,-0.049189114,19,1.386894363,15.5,1.506127949,8.4,0.862264138,11100010101,3421342324,5342215461,5623416549,11000001,58.7
male,49.17808219,0,german,3,5,-0.024223047,8.8,1.821416993,15.2,1.785252811,43.3,1.153008935,26.9,1.3664068,14.6,1.220372498,10011101100,4214354132,2516334611,3596146592,100011110,108.8
female,48.1890411,other,german,6,4,0.165508595,21.8,-1.298379402,10.5,0.314710833,33.2,-0.025602541,38.7,1.643423961,19.6,0.159932289,1.1001E+11,4124541543,6651633511,5267945236,11101110,123.8
female,20.01917808,humanities,spanish,5,0,-0.590539089,40.2,1.336502127,6.8,-0.085642803,21,0.746699102,18,0.423959211,13.9,0.36619571,1.10101E+11,3255321214,2442513622,4336281966,10001011,99.9
male,37.88767123,science,french,5,0,-1.241508926,13.1,0.35618483,23.4,-7.823521473,23.6,0.909471715,13.8,1.742176632,13,-1.211439444,1101101100,2355555555,5424352153,5128356479,110010101,86.9
female,58.87945205,other,english,4,0,-0.693076878,20.5,-1.298379402,30.8,-0.596132561,39.9,0.732314737,27.3,1.925838252,10,0.01411283,1.11111E+11,3523135333,5436626456,2365897415,11101110,128.5
male,29.60547945,humanities,german,6,0,1.306093628,11.7,1.452177581,12.6,0.758894759,13.8,0.711012825,12.9,1.585680762,15.6,1.162771911,11100101100,2143222354,5225663514,5417963265,11000011,66.6
male,35.76986301,science,spanish,6,0,-0.526397725,13.2,1.821416993,10.4,1.253547947,17,1.743649822,10.4,1.946203798,9.8,1.247684167,1.00101E+11,5523154351,5343623154,8645132658,110001100,60.8
male,38.02739726,science,german,4,0,0.045010762,20.7,-0.956960541,17.8,0.940144501,36.5,0.849827535,11.8,0.812290891,15.6,0.33806263,1001011011,3123252441,5145261152,8436749167,111100011,102.4
female,22.35616438,science,german,4,3,0.685710118,5.1,1.036960055,5.6,1.823189941,10,1.409975188,4.4,2.143107142,7.2,1.419788489,11000011011,5243514231,5364256142,8536471982,100010101,32.3
male,63.77534247,science,german,7,0,0.706482538,9.8,-0.688451355,16.4,0.309342006,22.7,1.696408927,9.3,1.841803015,8.7,0.773117026,101101011,1253432334,1462533145,4567235419,100100010,66.9
male,43.71506849,other,german,7,0,1.306093628,8.3,0.089538752,15.7,1.885052465,18.7,1.619939856,13.3,0.150958987,16.5,1.010316738,11110100111,5341232541,2531262345,2633945154,100111101,72.5
female,37.35890411,humanities,english,6,2,0.004816004,26.1,0.35618483,44.1,1.430289055,22.4,1.121908677,25.3,1.338864877,20.7,0.850412689,1110101,4233125453,4235546112,8624715669,10001110,138.6
male,24.1890411,science,french,6,4,-1.02368745,6.3,0.145914825,5.1,0.977755599,8.8,-0.518876322,6.3,0.019511762,7.2,-0.079876317,1010110101,3421211534,1114516265,4458278589,110001101,33.7
male,30.22739726,other,german,6,0,1.19276816,6.2,-0.688451355,28,0.639641753,22.4,1.463348761,11.9,0.874234754,11.6,0.696308415,11000101110,4321543215,5121634425,5148966355,100100010,80.1
female,51.85479452,other,english,5,4,-0.683787013,24.6,0.145914825,11.7,1.312428541,37.2,1.170047244,22.5,1.83348649,11.5,0.755618017,1011101101,1345221454,5345163242,8426794325,110001101,107.5
male,55.5369863,other,english,7,4,0.345809681,17.3,-3.040965737,16.9,-1.280398721,22.7,-0.261897897,23.5,-0.09961062,16.5,-0.867412659,1.11011E+11,3333435123,2426661563,6765266178,0,96.9
female,29.08767123,science,english,5,3,0.626054983,19.9,-2.023993528,21.4,1.218013456,19.5,1.448316545,10.2,1.837373764,16.5,0.621153044,11000110010,4211314125,3416653224,1259735864,111110111,87.5
male,35.6630137,humanities,german,6,0,-0.376501515,19.1,0.20659518,3.9,1.890819836,8.3,0.250224531,10.4,1.441796436,6.3,0.682586894,1101110111,3214523314,1252554631,7546981233,110011010,48
male,48.1890411,0,german,3,0,1.482692438,9.1,-0.678035429,5.7,1.554951183,19,1.386894363,7.9,1.83348649,10.4,1.115997809,111100011,3522415243,4265311266,7526418563,11000100,52.1
male,28.04383562,science,german,6,0,0.944802694,7.7,1.336502127,6.3,0.394113129,17.4,0.511135975,8.2,1.302889209,8.5,0.897888627,1101001011,3433122443,5522635441,8652239457,100110101,48.1
female,28.86575342,science,english,6,0,0.771756741,19.4,0.446237926,29.6,-9.982032341,23.7,0.50200839,30.6,0.700804301,14.2,-1.512244997,101100111,1111111111,4255652311,8656248639,101100100,117.5
female,43.56164384,0,english,3,0,-0.970473691,21.9,-2.438154003,19.6,1.301190542,13.9,0.512663069,9.3,1.639527355,12,0.008950654,1010010010,2315445531,5266411213,4576251489,10000,76.7
female,22.53150685,0,other,3,0,0.404517268,41.9,1.821416993,29.9,-9.982032341,19.2,1.084560433,20.5,0.83469805,14.6,-1.167367919,1.1101E+11,3333333333,3511255643,5211967236,11110001,126.1
female,34.94520548,humanities,english,6,3,-4.415494561,25.1,-3.040965737,16.6,0.612526493,27.8,1.703573328,12.7,1.750349488,16,-0.678002198,0,3413315254,5213645236,5739864785,0,98.2
male,55.50958904,0,english,3,1,-0.610967186,23.1,-3.040965737,55.5,0.739090298,17.2,0.466084434,10.4,1.718569295,10.6,-0.145637779,1011010100,3213554351,2562235456,7691254826,0,116.8
male,44.3890411,humanities,german,4,0,0.944802694,7.7,0.35618483,23.7,1.268028506,33.1,0.861553884,9.8,1.887173035,10.5,1.06354859,1011010011,4331522154,2154213653,4259812735,10001110,84.8
male,49.94520548,humanities,german,7,0,-0.420979762,14.6,0.189437849,10.6,0.47646851,14,1.034788252,21.4,1.45832225,16,0.54760742,1.1111E+11,3252332145,2241165241,5813396754,11110101,76.6
female,50.64931507,humanities,german,6,0,-0.39582627,13.2,-0.490516869,9,0.540657526,22,1.560352362,9.6,-0.468603028,11,0.149212744,11001001101,4124553235,5321415633,5866584256,111100001,64.8
male,25.9369863,science,english,5,1,-0.720399077,6.6,1.336502127,12.5,-1.046122988,37.2,1.179877782,8.9,1.295020868,10.5,0.408975743,1011011010,5555143522,5362451655,5685923654,101110,75.7
female,28.08493151,0,english,3,2,-0.693076878,11.7,0.068744507,12.3,1.779919421,25.1,2.153178307,8.6,1.925838252,7.4,1.046920722,1.11111E+11,4321455234,6541235426,8562398741,10101010,65.1
female,36.0739726,humanities,spanish,5,0,0.331697441,12.8,1.821416993,7.5,1.087749693,23.3,1.298214079,14.1,1.557967299,11.3,1.219409101,11011100100,1322553411,5453661423,7314659825,100001110,69
female,45.72328767,0,german,3,0,-0.189567147,16.8,0.285179156,8.9,0.992505791,17,0.018705403,14.6,1.625271812,9.3,0.546419003,1.10111E+11,4252435145,1152113642,4768135691,1000101,66.6
female,43.72328767,0,english,2,0,0.331697441,24.3,1.821416993,10.2,-2.193116338,25.2,1.05043286,23.7,1.359247918,16.3,0.473935775,11011100100,2222234152,2516451364,1528795345,11100001,99.7
male,55.29589041,science,english,6,5,1.060495216,26.3,0.068744507,8.3,-2.337952296,24.2,0.633911068,20.1,1.229410299,14.7,0.130921759,11100110001,4524441111,2326651442,4368514479,101010101,93.6
female,26.81369863,humanities,english,6,4,0.517184144,16.6,-3.040965737,16.8,1.885052465,13.8,1.819607204,16.4,1.627587136,11.6,0.561693043,11000101101,1324535124,1525436241,5216957836,0,75.2
female,53.97534247,0,english,3,3,-0.266001893,15.3,1.336502127,12.1,-2.765533296,36,1.788725653,20.2,1.395245522,17,0.297787623,1011010000,2455222224,2664352164,1598366752,11001010,100.6
male,66.39178082,other,english,4,2,1.907453695,23.7,1.773448729,23,0.849136679,18.8,1.916583573,17.8,2.143107142,9,1.717945964,101111001,3251324513,1566342351,1548976235,101110000,92.3
female,17.51506849,0,other,3,0,0.045010762,15.4,-3.040965737,17.7,1.050077892,13.3,0.764890913,13.5,1.806892704,16.2,0.125181307,11010010011,3214545323,5234556141,5234714895,0,76.1
female,19.84931507,humanities,other,5,4,0.552068804,9.6,-0.791814807,27.9,0.536422683,23.7,0.125605565,8.8,2.143107142,8.8,0.513077877,10011010100,5152451345,1656436266,5624178936,101001111,78.8
male,45.62465753,science,german,4,1,-0.590539089,18.5,1.773448729,9.7,1.497637041,17,1.028136817,10.9,-0.028545363,21.8,0.736027627,1.10101E+11,2445351524,5336162423,9594226575,101110000,77.9
male,46.82465753,other,english,7,1,-1.256703796,21.9,0.145914825,22.6,1.346716423,18,0.62229181,15.7,1.320139202,8.3,0.435671693,1.11E+11,3454142354,4565531235,8425696354,1110010,86.5
male,20.19178082,humanities,spanish,5,1,-1.438529766,8.9,-3.040965737,9.8,1.9318982,21.4,2.338542444,6.6,1.988928063,10.7,0.355974641,1.01101E+11,5123454231,1265432516,5219834517,0,57.4
female,35.47945205,humanities,english,4,5,0.685710118,38.1,-0.694560743,39,1.278992033,51.4,1.182346291,25.9,2.143107142,5,0.919118968,1001110001,4511435215,4431642532,9632784516,10000010,159.4
female,21.55616438,science,english,5,0,0.665394272,4.5,0.35618483,3.1,1.264393743,6,1.250704719,5.5,2.007577919,8.3,1.108851096,1011001110,2433452132,1522346562,5473265814,11010101,27.4
male,41.71506849,other,english,4,0,1.19276816,5.8,1.336502127,20.5,-0.297224459,12.5,0.869426634,11.8,1.52885676,11.9,0.926065844,1100111110,4134452121,1255452146,5193685769,1011101,62.5
male,36.1890411,0,french,4,4,-1.616294023,13.8,0.35618483,34.3,0.048716921,19.3,1.328065664,13.5,1.174055512,9.7,0.258145781,1.0001E+11,4344155254,3542331653,8537958465,101010011,90.6
male,43.79726027,other,german,4,0,0.665394272,8.1,1.036960055,6.2,0.332763102,13.4,0.08792641,9.6,1.329792186,9.1,0.690567205,1011001101,3423412524,5323625125,5246853814,100010101,46.4
male,35.93424658,0,german,3,0,1.764967014,9.2,1.821416993,15.7,1.286350953,17.4,1.084560433,8.8,1.411412991,7.2,1.473741677,1011001011,4152345231,5231421512,8586271485,101001010,58.3
male,49.56712329,humanities,german,6,0,0.706482538,17.1,0.145914825,28.5,0.407494011,29.3,0.774076661,14.1,0.866850454,15.4,0.580163698,101101011,5535232543,2265611245,5364155627,101100011,104.4
male,31.45205479,science,german,6,0,-0.266001893,6.6,0.20659518,6.1,1.110221617,22.6,-0.031818788,12.1,0.885186595,15.8,0.380836542,1011010000,2251443115,5233432252,5265793194,10111100,63.2
male,45.40273973,science,german,6,0,-1.372248554,6.2,-1.210243675,4.6,-0.567566967,11.1,0.903391096,7,0.799941161,7.8,-0.289345388,11101101101,4332111421,5422124654,5233978155,101011111,36.7
female,36.09315068,science,french,7,0,0.374697463,12.5,0.35618483,18,0.931612187,28.8,0.851775087,21,1.319253134,13.6,0.76670454,1001110100,5231321434,1655216145,5322468571,10101001,93.9
male,39.33150685,science,german,6,0,1.58550205,7.8,-0.678035429,9.1,0.58156699,10.7,1.544242669,9.6,1.54883877,7.4,0.91642301,1111100010,3423454321,2335126435,7246483957,100111011,44.6
male,20.10684932,science,german,4,5,-0.702274305,9.3,1.821416993,12.9,1.90242921,15.9,1.5251537,10.2,2.244683152,10.8,1.35828175,10001100110,4235144352,5136612415,5376182495,10100101,59.1
female,31.45479452,humanities,french,5,0,0.972396797,10.2,0.189437849,24.2,2.261006722,14.1,1.469407349,19.3,1.893948021,15.5,1.357239347,110101111,2345312435,2465223416,4265893751,101110011,83.3
female,31.45479452,other,french,4,5,-1.438529766,16.3,-0.47314368,24.8,-0.011721128,12.3,1.398386989,14.9,1.110188145,18.6,0.117036112,1.01101E+11,3453421133,2543142532,4796233657,100101111,86.9
female,31.45479452,science,other,4,2,-0.389429471,11.4,-3.040965737,12.1,0.827970364,20.4,1.792548627,14,-15.15284495,5.1,-3.192544234,11011010100,3421345323,1256325461,5555555555,0,63
male,51.00273973,humanities,german,6,0,0.435331247,14.9,-0.179909136,15.4,0.84381383,21.6,1.606476245,15.8,0.620957688,19,0.665333975,101001101,5254114531,5336451632,9556864572,100110011,86.7
male,23.79726027,science,english,7,0,-0.236182088,9.5,-0.688451355,2.7,-9.982032341,9.2,1.103109432,7,0.814845772,9.8,-1.797742116,100100011,1111111111,5163523561,5632696738,100011111,38.2
male,46.2630137,0,german,4,0,-0.759925309,10.5,1.821416993,19.9,0.251655823,19.3,1.121908677,11.6,1.036895476,10.2,0.694390332,1010111010,3235135453,5415162346,5182746437,101110010,71.5
male,31.17534247,0,german,3,1,0.41979586,21.7,-0.596190895,29.2,-2.620324462,28.8,-0.231777157,12.6,0.933824911,15.9,-0.418934349,1011011110,2212211223,2432565356,4624597543,100110001,108.2
male,20.35342466,science,german,4,0,1.060495216,16.5,0.35618483,6.5,1.450975776,25.2,1.427540205,28.7,1.525382689,10.6,1.164115743,1011111000,2414531214,5261445324,8462735467,101010110,87.5
male,60.48767123,science,english,6,0,-4.415494561,12.4,-3.040965737,6.5,1.610112986,17.5,0.669361716,10.1,2.143107142,13.1,-0.606775691,0,3245123245,1542651266,8562413987,0,59.6
male,27.10410959,science,german,6,0,1.22902119,8.9,0.35618483,17.4,1.519393234,25,1.563596771,10.2,2.244683152,13.7,1.382575836,1011110010,4234135254,2414366524,5729418365,10001110,75.2
male,26.29041096,humanities,german,5,0,0.665394272,6,0.20659518,12.2,1.214511038,7.7,1.657649912,7.3,1.080734862,7.9,0.964977053,1011001101,2432534312,2451131642,5262196478,101100001,41.1
male,49.70136986,humanities,english,4,0,-4.415494561,5.5,-3.040965737,10.4,1.16303933,11.6,1.119544855,13.9,0.74555644,13.1,-0.885663934,0,1322534155,5322462535,8586339478,0,54.5
male,56.63835616,0,french,2,0,-1.010668449,12.2,0.35618483,8.6,0.555585238,19.1,0.83627036,11,2.113637588,19.3,0.570201913,1000010111,2351551233,5331252314,8136257841,100011101,70.2
male,32.69863014,science,german,6,0,0.467207985,11.8,0.35618483,29.2,-0.324271642,20.3,1.19226429,18.1,1.519609859,13.3,0.642199064,1101110011,4115444233,4614326214,5624147586,100011101,92.7
male,22.41917808,science,spanish,5,2,1.19276816,6.1,-0.791814807,7.2,1.156322713,16.7,1.401275016,7.5,1.371895989,9.3,0.866089414,11001010011,4355124123,3526614542,5326845749,111001101,46.8
female,20.48219178,0,german,4,NA,0.304103338,11.1,1.336502127,18,1.007419332,17.8,1.53785058,14.4,2.054701956,11.8,1.248115467,1101111010,3543211324,2326415463,5263417589,101011001,73.1
male,54.40273973,science,german,6,0,-0.693076878,32.9,0.068744507,16.3,-9.982032341,21.3,2.071327355,22.2,-15.15284495,22.2,-4.737576462,111111,3333333333,1234566421,5555555555,10101010,114.9
male,21.44109589,science,german,4,5,-0.693076878,57.9,-0.490516869,16.7,0.85716061,12,1.64726373,8.3,1.557967299,7.8,0.575759579,1001011010,2413523111,2541163352,5416523978,111100001,102.7
female,30.54520548,other,german,4,3,-2.090507878,28.5,0.189437849,15.5,-0.545974578,31.7,0.033793424,24.1,1.499857431,13.9,-0.18267875,101010010,4554332444,6263315316,9534758493,110011101,113.7
male,32.91780822,science,french,6,0,0.331697441,12.8,-0.688451355,15.4,0.895251042,13.3,0.927874413,9.6,1.442481497,8.2,0.581770608,1001110110,4342513425,5235541563,5247856915,11100000,59.3
male,31.96438356,humanities,german,6,0,1.532668597,11,0.20659518,7.4,1.10054484,8.6,0.63224523,12.6,0.118955093,7.8,0.718201788,111011100,2433551213,5242263612,5862147547,100001101,47.4
male,31.23287671,science,german,6,0,0.944802694,8.6,0.20659518,6.1,2.261006722,13.9,1.341848891,10.6,0.052288668,13.2,0.961308431,101101001,5241312345,5365224351,7582532295,101100001,52.4
male,43.98630137,science,german,7,1,-0.79783041,14.5,0.35618483,14.9,-0.047819842,14.2,0.824753989,10.3,1.089762977,13.7,0.285010309,1.1011E+11,2323521143,5663251142,8163456692,11100010,67.6
male,25.76712329,science,french,7,0,0.771756741,12.2,0.35618483,9.9,-0.081640782,28.2,0.399716037,21.4,1.013978339,14.9,0.491999033,11110010110,4245334234,2433645414,5348577293,110001010,86.6
male,48.10684932,humanities,german,6,0,-1.674032116,21.3,1.773448729,31.2,-9.982032341,19.1,0.927874413,22.4,0.710505096,12.4,-1.648847244,110110110,4444444444,2553426631,6529457254,10001111,106.4
male,20.39178082,science,german,4,0,1.58550205,32.2,0.781777371,30.1,0.671982084,36.8,-0.87570062,22.4,0.514803828,23.5,0.535672943,110100011,5433552142,6461521115,2565917544,100101,145
male,18.01369863,science,german,4,0,-0.580153207,4.3,1.821416993,7.3,-9.982032341,10,0.222654923,5.3,-0.282204445,9.6,-1.760063615,10000010100,3333333333,5421655521,5455983144,10011101,36.5
male,24.85479452,science,german,6,0,1.482692438,11.5,-0.791814807,5,0.814908389,12.9,1.827435724,8.9,1.298762704,9,0.92639689,1111010111,5233135224,2561432251,5364579158,111100101,47.3
male,32.02191781,science,german,4,0,0.451132209,6,1.336502127,6.1,1.72260528,11.6,1.347400584,7.2,0.752645531,9.4,1.122057146,1101000101,2345123145,1532636551,5125893374,10100110,40.3
male,23.76164384,science,german,6,0,1.435280313,7.1,1.821416993,6.6,0.971900463,10.5,0.899352041,8.4,1.235991372,7.7,1.272788237,1111001011,5123224353,2352514463,5623694167,1100011,40.3
male,22.89315068,science,german,5,0,-0.585360735,7.4,0.781777371,15.9,-0.779939574,12.5,1.339081318,8.1,0.858937371,11.6,0.32289915,11001110010,2434444521,5542615623,8581675296,101001000,55.5
male,34.68767123,other,other,6,0,0.108783204,16,0.145914825,13.3,1.667631154,18.6,-2.816461735,7.2,1.155959787,12.3,0.052365447,1.00011E+11,1352431213,6666543666,8856234956,10011100,67.4
male,47.76438356,0,german,3,0,0.771756741,21.6,-3.040965737,10.4,1.106988293,21.5,1.654179243,12,1.427615555,17.6,0.383914819,11110011001,2414235142,5314261432,5763591672,0,83.1
male,28.20547945,science,german,6,0,0.866643444,12.1,1.821416993,25,-2.674389678,16.5,-0.052341588,16.6,1.645922953,8.6,0.321450425,1001101110,3423343333,5114614366,5694725463,11110001,78.8
male,27.15616438,science,german,6,0,-1.283928445,12.5,-0.956960541,3.5,-0.244998563,18.6,0.915578984,22.2,1.24911721,15.4,-0.064238271,1.101E+11,1241234454,5341312446,3469175652,11101101,72.2
female,41.61369863,0,german,3,3,-0.189567147,24.2,-3.040965737,14.6,0.129071638,23.9,1.758513675,8.2,2.174028829,10.7,0.166216252,1001100100,2232341254,5354261534,5863241785,111111111,81.6
male,45.13972603,science,french,4,1,-4.415494561,15.9,-1.126483048,6.9,0.639641753,21.2,1.583223475,11.7,1.175323261,12.6,-0.428757824,0,3425134251,5312543162,5628517594,110011111,68.3
female,59.37260274,science,french,4,0,-1.264208577,28.8,1.036960055,31.5,-3.150853147,28.3,0.893315326,9.8,-8.12982972,15.2,-2.122923213,1.0101E+11,3131133133,2565243166,6666665577,110101010,113.6
male,54.3260274,science,french,4,0,0.685710118,7.9,-1.210243675,29.8,1.667631154,8.7,1.182346291,6.6,0.851438566,17.2,0.635376491,111001010,3454231435,5314456361,3245239584,1010,70.2
male,61.22465753,science,other,7,0,0.771756741,32.9,1.821416993,24,0.332763102,43.7,-0.143992134,24.2,1.330811804,9.5,0.822551301,11101000101,5412445145,3554646652,2534785952,10011101,134.3
male,57.70410959,science,german,6,1,1.390181916,12.4,1.543792939,9,0.700334269,28.1,1.355769816,19.6,1.654072681,15.3,1.328830324,11000110011,4532313423,4254163252,8561739618,11010011,84.4
female,58.04383562,humanities,german,6,5,1.030186475,17.7,0.35618483,19.9,1.20059175,22.9,0.669361716,15.3,1.742176632,24.3,0.999700281,11101001101,3124351244,1523362123,5167853294,1101010,100.1
male,31.86575342,science,german,6,0,1.19276816,13.6,0.089538752,7.5,1.467757041,16.1,1.792548627,17.7,2.073961189,16.7,1.323314754,11010001100,2314352143,5164325165,3587912485,11010111,71.6
male,45.72328767,other,german,5,2,-2.710075739,14.3,0.35618483,14.5,0.781528553,18.8,1.290182513,11.9,1.421925325,12.8,0.227949096,10010110110,4245213341,2536552143,5428623814,10100011,72.3
female,30.66849315,science,german,6,5,0.841993082,14.6,1.773448729,7.6,-3.313505478,23.7,1.117185036,10.8,0.63552674,13.5,0.210929622,11001011101,3333321332,2532611653,5778343958,111100010,70.2
male,20.49863014,science,french,4,1,-0.526397725,17,0.20659518,17.1,1.20753341,14.7,2.05274744,18.2,1.524515389,10.2,0.892998739,1.00101E+11,2451323214,1534526413,5172945132,10110011,77.2
male,64.76712329,science,german,6,0,-1.283928445,31.9,1.821416993,14,1.591473532,14.9,1.284853738,8.3,1.708119409,15.5,1.024387045,1.101E+11,1321545342,6614356125,6539154273,110001100,84.6
male,29.74520548,science,french,7,1,-0.301972727,22.8,0.089538752,15.2,1.692341555,20.1,1.91240524,15.5,0.888726788,12.9,0.856207922,1.0111E+11,3213514325,3261435622,5925484375,111010110,86.5
male,7.717808219,0,french,1,0,-0.420979762,88.2,-3.040965737,25.3,0.895251042,24.6,-0.288804782,36.9,1.360807032,32.5,-0.298938441,10100110100,3421534212,6532666551,6547889612,0,207.5
female,19.42191781,humanities,french,4,3,-1.172615508,33.8,0.446237926,22.8,-1.26938288,26.8,1.762254544,16.7,0.816307602,25.6,0.116560337,1.01011E+11,5155554253,5631242655,8614137922,111000100,125.7
male,41.33424658,science,french,5,1,-2.789938338,22.9,0.145914825,13.6,-1.040235142,24.5,1.445329463,20.9,-15.15284495,10.1,-3.478354829,10000000,3235413333,4251336426,5555555555,101100011,92
male,17.59452055,0,french,3,0,0.251269885,12.7,0.35618483,22,0.731738074,22.3,1.034788252,11.2,-0.000559129,12.7,0.474684382,11001110,2145322213,5436255433,8683841745,10100011,80.9
female,19.88219178,other,french,4,2,-0.910361982,13.1,0.35618483,12.3,2.056679907,8.6,0.545124805,7.7,2.174028829,9.1,0.844331278,1.011E+11,2345112435,4525661356,5489627145,10101001,50.8
female,19.73150685,other,french,4,1,0.817983063,19.6,0.35618483,21.3,-0.540284376,18.6,1.167600408,15.5,1.643111871,15.9,0.688919159,11001011100,4235444222,5224135662,5426857146,101011100,90.9
female,21.41643836,other,french,5,4,-1.264208577,15.9,1.336502127,13.7,1.022499883,19.5,1.503208791,19.9,2.054701956,7.2,0.930540836,1.0101E+11,5243152435,3526443126,5623897412,101011001,76.2
female,18.5260274,0,french,3,2,-1.858937111,6.3,-0.596190895,6.8,0.029718421,16.8,1.314417436,7.1,1.313821261,6.8,0.040565822,10100101010,3523134234,2153625546,5264175866,110010001,43.8
female,34.8739726,humanities,french,6,5,0.771756741,29.7,0.089538752,8.5,0.695567258,21.5,-0.484941477,14.3,1.837373764,14,0.581859008,11100001010,2532354143,1366563444,1562836947,101111001,88
female,67.2109589,humanities,french,4,0,0.374697463,23.4,1.466399166,17.6,-9.982032341,15.1,1.052682211,17.7,-15.15284495,8,-4.448219691,10100001011,2222222222,6362651463,8888888888,101101010,81.8
female,54.09863014,humanities,french,6,0,1.701194572,17.5,0.446237926,27,1.221525007,24.1,1.204761889,21.8,1.627587136,18.7,1.240261306,1011101000,3134452231,5211423612,5364857294,111011,109.1
male,30.53424658,other,french,6,1,-0.088630552,7.5,0.20659518,10.7,-1.128417515,24.5,0.726958653,10.2,-0.357428065,13.3,-0.12818446,11010001101,5211115231,6253622143,6662487158,101000110,66.2
male,77.50410959,humanities,french,7,0,-4.415494561,10.6,1.821416993,39.3,-2.670291977,11.8,0.743089066,8.6,-15.15284495,7.7,-3.934825087,0,2454322222,6334415652,9999999999,1110011,78
female,54.93150685,other,french,6,0,-0.910361982,44.4,0.20659518,13.9,0.478492071,20.1,2.338542444,8.7,1.893948021,16.2,0.801443147,1.011E+11,1112453112,1652345126,5624897143,11110010,103.3
female,55.43287671,other,french,6,1,-0.759925309,11.3,-0.252960072,41.6,0.93445029,15.7,1.025926709,20.3,-15.15284495,7.1,-2.841070668,1010111010,4214235413,4251523431,5555555555,10101000,96
female,52.22465753,science,french,4,0,0.374697463,19.6,0.189437849,19.6,1.779919421,18.1,1.781111028,29.8,2.054701956,10.8,1.235973544,1001110100,4231532415,5266345612,5168742539,1100010,97.9
female,60.57534247,humanities,french,7,5,-0.635883352,60.7,0.068744507,48.9,-0.043703652,21.3,1.384035956,13.6,2.141168,16.5,0.582872292,111100,4453112512,5634165346,5341876945,10101010,161
male,61.84931507,science,french,6,2,0.213536737,13.7,1.821416993,19.7,0.763891718,18,0.433948414,35.3,1.376091347,19.2,0.921777042,101101101,4235553154,5212624562,4354926158,101011010,105.9
male,16.90410959,0,french,3,0,0.404517268,19.2,1.336502127,18.1,0.917510707,26.2,1.792548627,12.5,0.863265709,17.1,1.062868887,1.1101E+11,3143242253,2461352462,8548635471,101110100,93.1
male,63.87123288,other,french,4,1,-1.616294023,31.9,0.20659518,16.1,1.779919421,34.9,0.919665418,24.6,-15.15284495,13.5,-2.772591792,1.0001E+11,4321145234,4522416134,7777777777,1111010,121
female,35.23287671,other,french,4,0,0.264197841,22.7,1.773448729,19.3,1.221525007,24.2,0.759408389,34.7,0.128416599,7.4,0.829399313,1100101101,2344535413,4356632611,8852795245,10100111,108.3
female,36.64931507,science,french,5,0,0.331697441,25.6,1.821416993,25.6,2.208774394,20.5,1.51570639,12.3,1.174516391,12.2,1.410422322,1010001011,3514215234,5365142534,6438751859,10001101,96.2
female,58.17260274,humanities,french,4,4,-0.402179104,29.9,0.089538752,17,1.119968432,39.9,0.931997117,47.9,0.401149418,36.9,0.428094923,1110001010,2243215422,5336132545,1458749966,110010111,171.6
male,NA,humanities,french,6,0,-0.48102254,14,-3.040965737,5.5,1.20753341,16,2.099670154,7.2,1.742176632,6.7,0.305478384,11010111010,4251423512,1234561234,5423658971,0,49.4
female,54.13150685,humanities,french,6,0,-4.415494561,38.3,1.336502127,33.4,1.434401055,29.2,1.583223475,25.2,1.062942459,21.2,0.200314911,0,3243125435,2653124216,5683784964,1011101,147.3
male,62.84657534,other,french,6,4,-0.693076878,35.1,-3.040965737,8,0.104304428,19.4,1.075377712,18.4,2.007577919,13,-0.109356511,1.11111E+11,4345143243,5136451324,5614398754,0,93.9
female,37.9369863,humanities,french,5,1,0.588321834,19.1,1.773448729,11.1,-0.708056072,19.3,1.330811424,16.7,1.297264883,12.1,0.85635816,11011001001,2333215533,5144322516,8567149963,110101100,78.3
male,67.10410959,other,french,5,5,-3.531128974,23.9,1.336502127,28.9,1.779919421,44.4,0.790765159,21.1,1.925838252,12.9,0.460379197,10101010101,3142541325,1565341145,5942675831,101110100,131.2
male,67.61369863,other,french,5,5,-0.140475941,25.7,0.145914825,35.7,1.90242921,34.5,1.509443579,22,1.742176632,26.1,1.031897661,1010011011,4233511423,2532661425,4286147935,1110010,144
female,77.50958904,humanities,french,5,0,1.060495216,85.7,0.089538752,72.5,0.989542799,52.6,1.664617291,65.5,0.77268743,46.5,0.915376298,11110001101,2433153145,3261456134,8462964811,100101000,322.8
male,33.6,other,french,4,1,-0.189567147,16.4,1.821416993,21.8,0.671982084,20.8,1.478544909,14,-15.15284495,12.5,-2.274093623,1.10111E+11,1454314523,2254164521,4444444444,10100101,85.5
female,18.60821918,0,french,3,2,1.58550205,4.9,0.446237926,9.3,1.839781679,15,1.490822283,6.7,2.143107142,9.9,1.501090216,1100000111,3321453241,5236611243,5473268914,1001101,45.8
female,49.77260274,other,other,5,5,-0.693076878,8.8,-3.040965737,19.5,1.999093406,25.9,1.654179243,15.9,-15.15284495,6.1,-3.046722984,1.11111E+11,2153425143,6432511664,5555555555,0,76.2
female,53.65205479,humanities,french,4,5,-4.415494561,19,-3.040965737,19.8,1.992844304,28.4,1.219908483,20.7,1.391660859,16.5,-0.57040933,0,3421532435,2645415365,5624198535,0,104.4
female,8.030136986,0,french,1,0,-0.420979762,24,1.269405268,52.3,1.515013786,53.1,2.007353428,40.3,-15.15284495,21.9,-2.156410447,1.1111E+11,5223514321,5136246115,5555555555,101000010,191.6
female,63.85205479,humanities,french,4,3,-4.415494561,16.7,-0.265943141,29.7,-8.169085689,17.7,1.401275016,11.5,0.674395028,14.3,-2.154970669,0,2322222222,5251634525,8249876186,10110010,89.9
female,30.60821918,humanities,french,6,0,-4.415494561,19.4,0.35618483,10.7,1.142989148,18.5,1.920774472,13.4,0.31961642,8.2,-0.135185938,0,4345232134,5364251234,8626695874,101011100,70.2
male,28.69863014,science,french,6,0,1.030186475,20.4,1.773448729,19.7,-1.354566161,25.1,1.475492393,28.6,1.925838252,11.7,0.970079938,101101110,2243541111,5243264315,6475293185,110101100,105.5
female,20.72876712,humanities,french,4,1,0.771756741,10.8,-0.596190895,16.9,1.890819836,21,1.773537787,10.2,1.449211203,12.2,1.057826935,11000001100,2411352431,5613524661,8617435965,11100110,71.1
female,58.93150685,0,french,3,5,-1.616294023,25.5,0.35618483,11.2,1.968133903,28.9,1.436406447,14.7,1.778022105,19.3,0.784490652,1.0001E+11,4123554231,5363142534,5694853261,10101100,99.6
female,51.72328767,0,french,3,0,-0.702274305,32.4,1.821416993,30.8,1.484750062,26.2,0.948611,22.8,1.521916405,21,1.014884031,110100010,2311355412,5625136144,8536982657,110011100,133.2
female,15.35890411,0,french,2,0,0.727732527,5.1,-0.596190895,19.3,1.426189572,9.5,1.650717197,5.9,1.988928063,8.4,1.039475293,10101111001,4254312342,5321632456,5264378569,11001110,48.2
male,39.29041096,science,french,6,4,-0.553666186,11.4,0.35618483,12.8,0.160685274,16.8,0.725177856,10.3,0.717520686,10.3,0.281180492,1110111010,4423414232,2254212653,5283757154,11010101,61.6
female,20.90410959,other,french,4,3,-1.172615508,10.2,1.821416993,67,1.9318982,15.5,1.875353555,12,-15.15284495,11.2,-2.139358343,1.01011E+11,1254342513,1566243152,4444444444,11100001,115.9
male,57.26575342,other,french,4,1,0.374697463,18.2,0.089538752,26.7,1.748355186,31.7,0.591233649,21.8,1.807239669,18.1,0.922212944,1011100100,2451231435,4311264526,4621876492,1101000,116.5
male,66.87671233,science,french,6,1,1.030186475,19.8,-3.040965737,52,1.275327598,24.7,1.059452133,9.3,0.765771452,8.7,0.217954384,101101110,4254415234,5162245214,5264558962,0,114.5
male,72.60547945,science,french,7,1,1.907453695,21.5,0.145914825,29.6,1.455151528,22.7,1.378336672,19.1,1.385308571,16.3,1.254433058,1011100101,2321452351,4354612413,4628964718,110001101,109.2
male,29.78356164,science,french,6,0,1.764967014,7.5,-0.142574845,5.5,0.851806014,12.7,1.531487679,9.8,-0.495836877,7.8,0.701969797,1011001011,4311233455,4522611534,8562414777,11011100,43.3
female,59.57808219,science,french,5,0,0.74948256,17.5,-3.040965737,12.9,-0.020137899,23.7,0.78518009,15.5,1.999894425,10.6,0.094690688,1010011001,4345122244,2351462625,1269854237,0,80.2
male,37.27671233,humanities,french,4,0,-0.414755268,12.4,-0.956960541,15.7,1.908271645,18.3,2.099670154,7,-7.238689615,10.1,-0.920492725,1011011011,3542314523,2514326514,5555558632,101101011,63.5
female,18,0,french,3,0,0.374697463,10.4,1.821416993,27.6,-0.324271642,11.5,1.53785058,18.2,1.645922953,11,1.011123269,1001110100,3545523111,1353426152,2463986143,10001101,78.7
female,52.44657534,humanities,french,6,3,0.972396797,18.1,-0.490516869,16,-0.092286522,20.2,0.948611,15,0.82382125,13.6,0.432405131,1011110110,1332353513,2243516621,5285649722,11001101,82.9
female,19.63561644,other,french,4,0,0.706482538,14.2,-3.040965737,14.9,1.081397422,22.9,0.546689626,12,0.915198704,10.2,0.04176051,11001110011,2414523153,5136516421,9537195249,0,74.2
female,17.42465753,0,french,3,5,-0.526397725,10.6,1.821416993,17.1,0.911911202,8,0.324300673,-54.9,1.627587136,8.2,0.831763656,1.00101E+11,4254312314,1523244542,5486295172,100001110,-11
female,17.13150685,0,french,3,2,0.517184144,22.1,1.036960055,15.1,0.835868798,25,1.36137736,31.5,-0.530423823,18.9,0.644193307,1011101100,2443251135,5232664521,4426428754,1010101,112.6
female,35.02465753,science,french,7,0,-0.520846154,9.8,-0.956960541,8.4,-9.982032341,10.4,1.773537787,12.4,0.867039355,12.6,-1.763852379,1101000,3333333333,5265134261,8158747162,11101101,53.6
male,17.46575342,0,french,3,0,-1.527003245,17.9,-0.179909136,17.5,1.301190542,30.1,-0.278450756,31.3,0.159303587,14.7,-0.104973802,1.01001E+11,3543125421,1622444533,9867546759,11001100,111.5
female,29.52328767,science,french,7,3,0.317797423,6.4,0.35618483,10,1.20059175,17.6,1.800226183,10.6,2.244683152,10.3,1.183896668,1100110000,3214521432,1532461256,1752496381,10001110,54.9
female,26.40547945,science,french,6,0,0.331697441,10.8,0.35618483,17.9,0.870640994,16.3,1.487742783,15,1.92434031,9,0.994121272,1001110110,4354231235,5243212634,5423685741,1110101,69
male,21.57260274,science,french,5,5,0.64551536,9.9,0.446237926,10.8,1.193685689,21.3,0.137227592,10.2,1.448935947,15.4,0.774320503,10001100101,1235425142,5322414466,5668793215,111000100,67.6
female,63.31780822,0,french,0,0,-0.693076878,16.5,0.068744507,37.9,1.050077892,84.4,2.153178307,45.8,-15.15284495,11.6,-2.514784225,1.11111E+11,1224152331,5314263125,5555555555,10101010,196.2
male,28.47671233,science,french,7,0,1.390181916,7.9,1.773448729,20,1.246365641,11.6,0.049046603,12.2,2.054701956,11.3,1.302748969,1011100010,3244124523,5455216263,5426987132,11010001,63
female,30.68493151,other,french,6,4,-1.083140568,11.4,0.068744507,17.3,1.090937101,19.2,1.851188679,9.2,-10.90759827,9.1,-1.79597371,10010110101,4231125445,1526431536,5575555555,101010101,66.2
male,18.19178082,0,french,3,3,-1.664386806,29.7,-0.678035429,38.8,1.610112986,36.7,0.316315133,30.2,1.690322041,17.3,0.254865585,10111111111,5142352421,5266111253,4268518973,11111100,152.7
male,19.7890411,science,french,4,0,1.19276816,16.2,-3.040965737,16.6,1.149639428,14.4,0.861553884,8.4,-15.15284495,10.3,-2.997969844,11000101110,5341153243,6623511644,5555555555,0,65.9
male,47.85479452,other,french,4,2,0.972396797,13.4,0.35618483,17.1,1.682402919,15.5,2.123737643,9.6,1.92434031,13.7,1.4118125,1011011001,3243154253,5341623651,8546273956,10101001,69.3
male,18.38630137,0,french,3,4,0.108783204,8.6,0.568657951,3.9,0.026819218,8.8,1.202253386,6.8,2.113637588,10.5,0.80403027,1.00011E+11,4233451112,2655411324,5297148562,111110100,38.6
male,33.43013699,0,french,2,5,-0.097475919,23.2,-3.040965737,8.6,0.741549986,9.3,1.409975188,9.2,-0.906727502,15.3,-0.378728797,1.01111E+11,2441522312,1664253145,1572141514,0,65.6
female,18.42739726,0,french,3,0,1.907453695,11.9,-2.023993528,3.8,2.137504904,9.6,0.897336896,9.8,-15.15284495,10,-2.446908598,1011100101,4253143251,5563124413,5555555555,111111101,45.1
female,33.69041096,humanities,french,6,4,0.014702021,18.9,1.336502127,12.6,1.20059175,15.7,1.274256935,9.2,-15.15284495,7.9,-2.265358424,11101001010,5234123452,2661423541,6666666666,10001011,64.3
male,30.68219178,0,french,3,0,0.685710118,19.6,1.336502127,16.1,0.542779952,39,0.158394676,32,1.259796114,21.6,0.796636597,111001010,5121141254,5343254433,1576419255,101011001,128.3
male,4.002739726,other,other,7,5,-0.693076878,16.9,-3.040965737,8.5,-9.982032341,6.3,0.518788234,8.6,1.413563548,18.8,-2.356744635,1.11111E+11,2222222222,6661243521,5341876223,0,59.1
female,19.75068493,0,french,3,5,-0.251212237,15,0.35618483,26.8,1.362240273,19.6,-1.098381349,10.7,-15.15284495,8.2,-2.956802688,1.11101E+11,1432543155,4564546564,8888888888,110001010,80.3
male,28.62739726,0,german,2,0,-0.873085407,6.1,-0.252960072,35.9,0.474447986,11.7,1.924978014,11.6,0.146803514,11.2,0.284036807,11000010,3132314513,5452362154,7464485149,101010,76.5
female,78.64383562,humanities,english,6,0,-0.079699721,68.7,-3.040965737,20.7,1.962026505,30.7,1.835308474,23.3,1.423278243,22.9,0.419989553,110101000,2435144123,6452312536,6523987147,0,166.3
female,33.95342466,humanities,french,4,4,-0.759925309,11.8,1.821416993,6.1,0.564190245,19.5,0.905415023,5.9,2.244683152,9,0.955156021,1010111010,3215213352,5436524152,8467152938,1100011,52.3
female,38.62739726,other,french,4,4,-0.5696493,22.7,-3.040965737,9.2,1.484750062,19.2,1.586521637,7.5,1.456385112,8.9,0.183408355,1001100110,4351132454,4521654412,8423948712,0,67.5
male,32.21643836,humanities,french,6,0,1.060495216,16.8,0.35618483,22,-9.982032341,17.7,1.057191836,27.6,0.696822501,19.4,-1.362267592,1011101001,1111111111,3511436552,5315682997,11100010,103.5
male,43.6739726,other,french,6,3,-0.693076878,18.9,-1.932211616,23.8,1.193685689,16.3,1.859197166,8.1,0.915198704,8.1,0.268558613,1.11111E+11,1251154321,1532462543,5874158695,110111111,75.2
female,46.29863014,0,french,0,0,-2.321899973,10.1,-3.040965737,10.9,1.442662916,9,1.747350948,6.5,1.456661698,7,-0.14323803,10101010010,4432125543,5523641254,8562394558,0,43.5
female,41.75616438,other,french,4,0,-0.205368109,17.4,-3.040965737,8.9,1.467757041,11.4,2.513331583,10.6,1.661633824,59.6,0.47927772,10111100010,3452134532,1645325614,1489632789,0,107.9
male,59.68219178,0,french,3,1,-2.921637281,17.6,0.010229046,11.3,0.928780054,28.6,0.232617238,11.3,2.073961189,12.7,0.064790049,100000,1254321555,1642111453,8517329586,10010110,81.5
male,27.99178082,science,french,6,0,-4.415494561,17.7,0.35618483,12.9,-9.982032341,17.5,-0.298228859,21.1,1.408728993,12.5,-2.586168387,0,3333333333,3423551451,4866591378,101011100,81.7
female,40.13150685,0,french,3,5,0.404517268,20.4,-3.040965737,9.6,1.563989331,19.4,0.620639797,14.4,2.143107142,8.2,0.33825756,1.1101E+11,5431223351,6123566614,1234567892,0,72
male,48.63561644,science,french,7,0,-0.526397725,23.1,0.20659518,16.9,0.827970364,37.4,1.754782821,11.4,2.143107142,8.1,0.881211557,1.00101E+11,1124352543,5236144326,8542617935,11110010,96.9
male,40.59452055,humanities,french,4,0,0.374697463,11.6,1.773448729,8.2,0.258517896,13.6,-1.288654738,10.6,1.492054875,9.3,0.522012845,1001110100,3541251211,5326416161,4625873985,100101110,53.3
male,34.63835616,science,french,6,1,1.060495216,14.9,-1.210243675,26.5,0.873353339,39.7,0.869426634,27.6,1.120168998,18.9,0.542640102,11010001011,3534154421,1136341542,5961639582,1010,127.6
male,43.55068493,humanities,french,6,0,1.00084008,11.2,0.35618483,37.3,1.554951183,21.3,1.375495748,24.3,2.143107142,12.6,1.286115797,11000101001,4315524315,2364421345,5874123698,10101001,106.7
female,48.93150685,humanities,french,4,2,-4.415494561,36.8,0.068744507,12.5,-5.098567753,23.6,2.099670154,22.5,-15.15284495,17.6,-4.499698522,0,1222221111,6143256143,5555555555,10101010,113
male,44.23835616,science,french,6,0,-1.402771782,15.4,-0.956960541,9.6,1.937870179,16.1,2.066659099,7.6,1.925838252,9.7,0.714127041,1010101101,3543212345,2513632415,5629715834,11100111,58.4
male,20.0739726,humanities,french,4,2,-0.43940563,24.4,0.35618483,18.8,0.555585238,24.2,2.355640486,15.1,-0.089161913,13.9,0.547768602,11101010010,3531424215,3516423561,5666248957,10101100,96.4
male,25.31232877,science,spanish,4,1,0.076347112,11.2,1.036960055,4.7,1.38190017,17.1,1.916583573,7.2,2.066146633,8.3,1.295587509,11011100110,3132453231,5624513562,5412698514,101010001,48.5
female,28.51780822,humanities,french,6,2,0.374697463,20.8,0.35618483,33.9,1.489032034,32.1,1.136176443,26.9,1.524515389,22.5,0.976121232,1011010001,2423451243,2135526346,5374865974,100101010,136.2
female,31.15342466,science,french,5,3,-1.283928445,14.1,0.35618483,23.5,1.225045738,20,0.855678375,25.8,1.251537765,21.2,0.480903653,1.101E+11,2421523314,5236411363,4285641687,10001110,104.6
male,29.69041096,science,french,6,1,0.108783204,13.9,0.010229046,4.9,1.20059175,13.1,1.685730922,21.6,1.526539845,14.6,0.906374954,11010010110,5212453315,5136245463,6714568432,1101101,68.1
female,50.31232877,0,french,3,3,0.389487119,23.8,0.20659518,24.4,1.614813441,22.2,1.696408927,17.3,2.244683152,12.1,1.230397564,1000111011,2412545132,5415265341,5298417635,101000011,99.8
female,49.75342466,0,french,3,1,-0.693076878,37.8,0.35618483,25.4,0.09361038,22.9,2.18833084,13.4,2.007577919,14,0.790525418,1.11111E+11,4214243214,5261425631,8563148975,110010101,113.5
female,31.72328767,science,french,6,0,-0.585360735,17.9,0.35618483,10.8,-9.982032341,14.7,0.923763871,12.2,0.218887568,31.6,-1.813711361,1010111011,2222222222,5131245652,8695523577,101110001,87.2
male,46.8739726,science,french,6,1,-0.123515212,12.9,1.336502127,41,1.393835366,18.3,1.372660604,10.1,1.925838252,17.7,1.181064227,1011010010,4231524315,5314256216,6428596173,101011001,100
female,39.83561644,humanities,french,5,0,-0.693076878,26.8,0.145914825,14,-3.259591551,29,-11.37692329,21.7,-15.15284495,14.9,-6.06730437,1.11111E+11,4224442222,5555555555,5555555555,11100101,106.4
male,32.20547945,science,french,5,0,0.374697463,6.8,-0.47314368,2.9,1.056283797,8.4,0.205390435,6.1,1.376091347,6.8,0.507863872,1011110101,2453223414,2346662125,8624175635,110100111,31
male,31.23287671,science,other,4,1,1.19276816,13.7,-0.984117278,14.7,0.639641753,36.2,1.33631923,16.1,0.473540325,9.8,0.531630438,1110011101,3451234512,5345624413,5682541134,11,90.5
male,37.36438356,science,french,7,5,-0.776964202,16.4,0.20659518,23.5,0.503014977,15.7,1.93766526,12.4,0.970349856,8,0.568132214,11101010111,4322511124,1234564326,4528531458,10111100,76
male,21.49041096,science,french,4,1,1.482692438,16.9,1.821416993,33,1.228575699,21,0.700482753,21,2.143107142,6.4,1.475255005,1101000110,4155221324,1424451625,4523678915,10100101,98.3
female,71.95616438,other,french,4,4,-0.693076878,28.9,0.35618483,58.5,-9.982032341,19.4,1.531487679,36.7,-15.15284495,13.7,-4.788056333,1.11111E+11,1111111111,4316255411,5555555555,10001110,157.2
male,33.15890411,0,french,3,4,-1.283928445,25.5,0.35618483,32,1.126505722,21.4,1.736276932,20.1,1.723820841,16.9,0.731771976,1.101E+11,2512325413,4214361523,6748961324,110001010,115.9
male,44.17260274,other,french,6,0,-0.301972727,12.3,0.189437849,10.6,1.573088549,10.3,1.126648386,6.3,1.496447836,12.9,0.816729979,11100100100,3544121335,1241365523,5631774856,100001010,52.4
male,79.45479452,0,other,1,0,-1.256703796,43.2,-0.984117278,23.4,-5.554720621,44.2,-11.37692329,12.6,-15.15284495,19.7,-6.865061989,1.11E+11,3335222222,3333333333,6666666666,1111111,143.1
male,45.33972603,science,french,7,0,-1.616294023,24,1.773448729,15.4,0.36587983,15.3,0.053435498,10.3,0.829434449,10.2,0.281180896,1.0001E+11,5354515253,4134265465,5541296397,111001010,75.2
male,31.9890411,science,french,4,4,-0.189567147,37.8,-3.040965737,26.7,2.144464501,26.8,1.145770098,17.6,1.335280554,13.6,0.278996454,1.10111E+11,3541231543,6456322315,6855237491,0,122.5
female,29.52328767,humanities,french,6,3,0.238520252,11.8,-3.040965737,9.7,-6.061145726,7.3,2.355640486,7.5,1.771226882,12,-0.947344769,11000101011,3333333245,2546312564,1487539728,0,48.3
male,54.03835616,science,french,6,0,-0.336596018,6.3,-0.252960072,9.2,0.859845913,9.6,0.674500528,11.4,-0.287585521,11.5,0.131440966,11010110000,4523325311,5215662214,5346665874,101010,48
female,23.45753425,humanities,french,6,0,0.665394272,22.6,1.336502127,25.6,1.896612013,23.5,1.739958501,15.3,0.966617995,24.7,1.321016982,1011001101,4512133245,3252416354,2625417849,100110101,111.7
male,40.02739726,science,french,6,0,0.331697441,12.1,1.773448729,8.9,0.206229486,22.9,1.350184746,14.3,0.977333425,10.8,0.927778765,1001110110,2351235521,1523425624,5245769136,10001111,69
male,43.6630137,science,french,5,0,1.19276816,7.3,-0.678035429,9.9,1.2356635,10.5,-0.253106241,9.1,0.486335738,9.9,0.396725145,10011101,3442231453,5222361443,4552385615,100100001,46.7
male,16.72876712,0,french,3,0,0.331697441,11.9,0.35618483,17.9,1.497637041,21.8,0.637248729,16,-15.15284495,10.1,-2.466015383,11001101100,3521445213,4364412526,2222222222,11100010,77.7
male,28.40273973,science,french,7,0,0.251269885,11.3,0.145914825,5.3,1.52819509,12.4,1.643818802,7.8,1.388349119,8.8,0.991509544,11101110011,3423125431,2635124352,5497628553,101100011,45.6
male,38.67671233,0,french,3,3,-0.39582627,10.1,1.336502127,16.1,-0.28579248,14.7,1.207274916,9.9,1.302889209,11.3,0.6330095,1010101110,3513351243,5422635431,5426617829,10001011,62.1
female,20.3890411,science,french,4,3,-0.251212237,11.7,-3.040965737,9.4,1.480481662,10.2,1.916583573,8.5,2.021266031,9.6,0.425230658,11010110010,3245413243,1536425516,5268743659,0,49.4
male,54.81369863,science,french,6,0,-0.258636645,10.1,1.336502127,28.3,1.290045548,8.9,1.339081318,8.9,2.007577919,9.1,1.142914053,1001111010,2345213214,1524251365,5238745962,110100010,65.3
female,18.7369863,0,french,3,0,1.060495216,9.5,1.821416993,13.5,-0.830675299,22,1.219908483,13.1,-7.493044823,8.3,-0.844379886,10111100011,3422343332,5245561354,5555558754,110001100,66.4
female,26.34520548,science,french,4,0,-0.590539089,11.6,0.35618483,11.3,2.116839346,14.9,1.475492393,9.5,1.925838252,9.6,1.056763147,1.10101E+11,2153432451,4253462341,1523689473,100011101,56.9
,32.2109589,0,other,0,NA,0.451132209,6.2,-0.791814807,4.5,1.146310183,10.2,0.777767982,4.2,1.074565222,10.6,0.531592158,11010011000,3421113524,1224535265,5687459332,101001111,35.7
male,49.84383562,0,french,2,0,-1.010668449,18.5,-2.438154003,39,-2.58602147,33.5,1.60313057,17.8,-15.15284495,7.3,-3.916911662,11001100110,2433333155,5132643654,5555555555,111101111,116.1
female,36.23287671,other,french,5,1,-0.301972727,8.7,0.145914825,51.9,1.32376111,28.2,0.051239323,35.1,1.925838252,8.9,0.628956156,1.0111E+11,4234152531,2513651353,5412896732,101100011,132.8
male,36.72876712,science,french,4,0,1.390181916,14.9,0.35618483,41.1,0.702724117,21,0.803884705,13.6,0.869875645,16.8,0.824570243,1011100111,2453132353,2325436325,5268653781,101010110,107.4
male,30.08767123,science,french,6,0,1.907453695,9,0.35618483,32.9,0.417133845,13.7,1.52831709,13.2,1.268343679,17.5,1.095486628,1011100101,1323513435,5462511634,5698126575,100011101,86.3
male,16.68219178,0,french,3,3,-1.402771782,22.9,-0.956960541,15.7,1.239221438,20.8,1.739958501,13.6,1.279649965,6.8,0.379819516,10010101011,2421335243,4156342661,1176234568,10010001,79.8
male,26.49589041,other,french,6,0,-0.014644373,18.1,0.35618483,19.8,1.541506688,22.1,0.942357559,14.1,2.244683152,12.4,1.014017571,1001101100,4212532431,2454166531,5439627185,10001110,86.5
male,43.51232877,science,english,7,0,0.097844215,27.7,1.036960055,26.6,-0.857222915,49.6,1.563596771,48.5,1.742176632,33.4,0.716670952,10011000100,3411222333,2532641543,5387654192,11101010,185.8
male,6.879452055,0,french,1,0,-0.114916696,61.5,-0.694560743,42.4,0.639641753,36.5,2.426211157,48.1,1.999894425,38.7,0.851253979,10110010101,1234512345,6541234561,5826397841,101000,227.2
male,45.70684932,0,french,3,0,-4.415494561,23.1,-3.040965737,12.2,0.639641753,15.9,1.378336672,8.4,-15.15284495,15.2,-4.118265365,0,2345123451,5362136523,5555555555,0,74.8
female,13.78082192,0,french,2,3,0.918008535,9.3,0.723053306,20.4,0.746482882,11.1,1.184819181,9,1.113064891,10.1,0.937085759,10001101001,2343351231,1525326412,4155872549,111100000,59.9
female,33.36986301,other,french,6,0,0.841993082,10.6,0.35618483,20.9,1.362240273,12.1,1.143365485,23.6,1.145972226,12.8,0.969951179,10001011001,4324152443,4652341451,5363195762,10100011,80
male,33.15068493,science,french,7,0,0.065783182,11.4,0.089538752,17.3,0.794269226,15.4,1.300901588,8.8,1.778022105,8.8,0.805702971,1101000011,3112452432,1545262153,8546987253,111010011,61.7
male,34.00547945,humanities,english,5,0,-0.189567147,17.6,1.821416993,13.2,-0.234305863,25.2,0.78518009,13.5,2.054701956,14.2,0.847485206,1001100100,5223523152,4335264611,4685712398,10100101,83.7
male,38.49863014,science,french,6,1,0.685710118,12.1,1.821416993,9.7,-1.489321737,19.3,2.114060708,11.8,2.072312735,9.5,1.040835763,1001100101,4314434445,3541623645,4683719562,101110010,62.4
male,33.67123288,science,french,5,4,0.213536737,6.6,0.781777371,4.4,1.541506688,10.8,2.085426695,4.4,0.076513878,8.2,0.939752274,10000111001,4325123521,1345632145,6214789589,100101,34.4
male,33.30958904,science,french,7,1,1.060495216,59.7,0.20659518,36.2,0.799399438,49.9,1.883502543,60.6,0.903549347,28.3,0.970708345,1011101001,4413534452,2366415342,3613785896,101000011,234.7
female,28.95890411,other,french,6,0,0.944802694,14,0.145914825,35.3,1.116711649,33.2,1.671619683,13.2,1.820832402,14.5,1.139976251,11010010111,2352415214,1523651422,5281347953,100011010,110.2
male,37.17260274,other,german,6,4,0.534461914,17,1.773448729,21.2,1.304926131,13.5,1.224994156,10.9,1.009828999,14.1,1.169531986,11000011001,2321445532,4153665462,5198562578,111001010,76.7
male,36.25479452,science,german,6,0,0.251269885,11.7,-0.47314368,16.3,1.034687107,20.9,1.037012471,10.1,1.001975798,14.2,0.570360316,11110010001,2345321225,4542362315,4233659745,11010000,73.2
female,29.20821918,humanities,french,6,0,-1.283928445,25,0.35618483,11,1.591473532,16.6,1.743649822,18.5,1.943548639,6.3,0.870185675,1.101E+11,3445132415,5316324365,8542315987,10101001,77.4
female,30.90136986,other,french,6,2,-4.415494561,5.6,0.145914825,14.3,1.484750062,15.5,1.518848382,12.4,-15.15284495,5.5,-3.283765249,0,4215523414,5351244635,5555555555,110001101,53.3
female,33.72876712,other,french,6,0,-3.531128974,20,0.446237926,20.7,2.223492344,21.5,2.355640486,7.7,1.742176632,14.6,0.647283683,10101010101,5423514325,6435214635,6432587915,111110,84.5
female,49.10958904,other,french,4,5,1.58550205,16,-3.040965737,9.6,0.998451403,19.8,-0.058439948,14.3,1.999894425,12.6,0.296888439,1111100010,3451123433,5425125626,8513274596,0,72.3
female,33.68493151,humanities,french,5,1,-1.283928445,44.1,1.336502127,21.7,1.001434082,22.9,1.352974483,26.7,1.52798751,13.9,0.786993951,1.101E+11,5244535432,3525413425,4873261468,1011101,129.3
female,18.54794521,0,french,3,1,-0.846067465,14,1.821416993,40.2,2.030781434,19.7,1.177413638,15,2.143107142,9.7,1.265330349,10001101101,3245215432,1135524162,1542638795,11100001,98.6
male,33.44657534,science,french,6,5,1.060495216,15.3,-1.210243675,13.5,0.321902728,17.4,0.454312682,11.9,2.113637588,4.9,0.548020908,10111100011,4554322335,1544326566,5436798514,10001000,63
female,40.88219178,humanities,french,6,3,-0.693076878,28.4,0.35618483,20.9,-9.982032341,22.3,1.100777259,40.7,-15.15284495,15.9,-4.874198417,1.11111E+11,1111111111,3614255423,2222222222,10101001,128.2
male,44.63835616,science,french,6,0,-1.095184175,40.1,0.20659518,50.4,1.545973289,20.3,1.028136817,19,1.756381682,11.6,0.688380559,10010100,5412345432,5313645526,6853498651,100111010,141.4
male,32.64383562,humanities,french,6,0,1.58550205,17.2,-3.040965737,22.2,0.206229486,26.8,1.62672076,25.5,2.072312735,11.4,0.489959859,1110100111,2133544254,6251343626,5321486739,0,103.1
male,29.60821918,humanities,french,6,2,1.124267658,8.7,0.145914825,9.7,1.370069824,10.1,0.523399842,7.2,0.467400922,8.2,0.726210614,1110100011,3421554531,5226336416,5456285617,11100101,43.9
male,50.79452055,0,french,3,0,-4.415494561,6,1.821416993,14.3,-0.128897528,20.4,0.50200839,10,-15.15284495,5.9,-3.474762332,0,2251432332,1523621114,5555555555,1110011,56.6
male,50.79452055,0,french,3,0,-4.415494561,6,1.821416993,14.3,-0.128897528,20.4,0.50200839,10,-15.15284495,5.9,-3.474762332,0,2251432332,1523621114,5555555555,1110011,56.6
female,39.78630137,other,french,6,2,-0.818235958,19.2,-0.252960072,9.4,1.004423382,18.2,1.929194274,13.2,1.441796436,17.9,0.660843612,1.10001E+11,1124315441,4423156214,1452786399,10100010,77.9
female,58.45205479,humanities,french,5,3,0.891969241,15.1,-0.596190895,14.8,1.260768763,19.7,0.817128947,15.9,1.557967299,11.1,0.786328671,101011011,2341245435,6625433145,5623587419,11101100,76.6
male,20.04383562,other,french,4,0,-0.414755268,16,0.35618483,26.3,0.340052316,26.6,1.355769816,22.4,1.175323261,9.2,0.562514991,1011011011,2431225322,3253614252,7251456395,100011101,100.5
male,21.3369863,humanities,spanish,5,0,0.014702021,6.8,0.20659518,14.9,1.823189941,14.3,1.586521637,10.2,1.86630319,8.8,1.099462394,1100010100,5324135243,5311342651,5268419278,11110010,55
male,29.49041096,other,french,5,0,-0.097475919,10.3,-0.688451355,11.3,2.151460252,10.8,1.51570639,5.9,2.244683152,11.5,1.025184504,1.01111E+11,4315224351,5112364216,5483267195,100011111,49.8
female,43.9369863,other,french,4,0,0.374697463,26.5,-0.688451355,13.9,0.28456666,34.5,1.133788314,20.9,0.810650693,32.6,0.383050355,1001110100,5343415452,2562123452,1989723215,110110101,128.4
male,65.10958904,science,french,7,3,1.532668597,27.9,-0.048061521,25.6,0.107375533,21.2,-2.273285936,19,2.04293717,19.1,0.272326769,1110111000,1114551423,1152236666,5869324586,111,112.8
female,47.38082192,other,french,6,0,-1.017200871,23.9,0.446237926,21.4,2.201475302,26.2,1.114829206,28.7,0.960886479,18.3,0.741245609,1001101101,2315442513,5144216533,5742536188,100100101,118.5
male,47.2109589,science,french,6,0,-0.251212237,22.8,1.036960055,48,0.388418917,18.8,1.415805627,21.2,1.143711295,15.8,0.746736731,1011110100,5232453345,3265311526,8364585796,10101110,126.6
female,67.32328767,science,french,7,0,0.534461914,19.9,1.336502127,17.5,-4.448539003,22.8,0.617341634,15.7,2.171391676,11,0.04223167,1111101,2312222221,1542234542,7541862375,1011101,86.9
female,41.43835616,humanities,french,6,0,-1.283928445,28.1,-0.688451355,17.5,0.206229486,26,-0.815757057,13.3,1.442481497,13.6,-0.227885175,1.101E+11,1455341534,6665231141,7845792167,111110001,98.5
female,32.34246575,science,french,6,0,-1.010668449,17.5,0.35618483,17.9,1.253547947,49.9,0.388489608,37.3,1.628205142,39.3,0.523151816,1000010111,3532241543,6246333412,9652158679,101011100,161.9
male,61.62739726,0,french,0,0,0.41979586,8.4,1.336502127,4.7,1.873591298,14.6,1.851188679,9,0.040621313,8.8,1.104339855,110111010,5452331254,1566342516,5694185856,110100010,45.5
male,43.78356164,science,french,6,0,0.841993082,4.8,0.145914825,3.6,0.249945754,14.7,0.52957249,5.1,-15.15284495,5.3,-2.677083761,10001011001,3254312323,5215632163,8888888888,101001110,33.5
male,10.41369863,0,french,1,0,0.483568302,52.6,-0.596190895,64.1,0.507145898,22.2,1.875353555,30.8,2.244683152,30.4,0.902912002,11000110101,2532231423,5136462543,5371649825,100101011,200.1
female,65.52054795,humanities,french,7,5,1.060495216,10.4,0.35618483,25.8,-0.944464146,12.3,2.178196446,7.7,0.681080804,8.8,0.66629863,10011100001,4154322225,1654253641,8567432414,1101010,65
male,39.20821918,other,french,6,0,1.030186475,20.1,0.35618483,25.6,0.655714839,30.7,0.602595751,11.2,1.133802286,31.8,0.755696836,101101110,3431124554,2663531165,2565374528,10001110,119.4
male,57.56712329,science,french,6,0,-1.802244866,23.5,-0.252960072,5.9,0.807131588,35.7,1.904085974,17.3,-15.15284495,12.6,-2.899366466,100010001,3431453123,5213546215,6666666666,10100010,95
female,27.33972603,science,french,6,0,-0.742566418,13.2,0.145914825,24,-9.982032341,20.3,1.692840493,11,1.043128023,8.3,-1.568543084,10010111101,3333333333,1535264512,5654714896,10110001,76.8
male,50.53150685,0,french,3,0,1.347181894,6.8,-3.040965737,7.7,-0.039574842,7.3,-1.388592434,9,-0.497713679,13.5,-0.72393296,11000010011,3422233451,2525553261,5265711132,0,44.3
female,55.64109589,0,french,3,0,-1.256703796,13.1,-0.956960541,15.6,-0.081640782,33.8,-0.478954473,17.7,1.606568176,11.5,-0.233538283,1000110111,4335543243,2254226515,4517463985,111001110,91.7
female,24.72328767,humanities,french,6,3,0.891969241,8.1,1.336502127,17.7,1.046985631,10.4,1.032567577,9,1.480635055,11.7,1.157731926,11100101001,2355312234,4522634456,4236257489,10100110,56.9
male,28.29589041,science,french,6,1,-0.114916696,4.3,1.036960055,14.5,1.001434082,26.7,1.36137736,7.2,1.27226693,9,0.911424346,10110100010,1335231455,5462513543,7319867574,11101010,61.7
male,57.25479452,science,french,6,0,-0.197501391,7.5,1.036960055,10.4,1.806800135,13.2,1.851188679,7.9,2.244683152,8.3,1.348426126,1001000110,5241235425,1532641243,4562398714,1010101,47.3
male,36.04931507,science,french,6,0,-4.415494561,4.6,-3.040965737,6.2,1.293750307,8,-5.05939411,8.5,1.682939824,12,-1.907832855,0,3421232145,2525225225,4236519542,0,39.3
female,41.61369863,humanities,french,6,3,-0.693076878,9.1,-3.040965737,8.6,0.566350116,17.5,-0.904732356,18.7,1.492479455,15.2,-0.51598908,1.11111E+11,5325453214,4354351612,5317854698,0,69.1
male,53.62191781,0,french,3,1,-0.693076878,33.7,-0.729549989,26.5,-6.061145726,42.2,1.224994156,94.5,1.925838252,8.7,-0.866588037,1.11111E+11,4213333333,2314461252,8564793214,100111001,205.6
female,51.54246575,humanities,french,4,0,1.347181894,6.5,-0.596190895,21.6,-0.457988927,18.4,0.184709969,11.6,-15.15284495,8.6,-2.935026583,11000010011,3444511544,2554266365,8888888888,11001110,66.7
female,51.08219178,0,german,3,1,0.500223415,16.4,1.466399166,18.3,1.672537094,26.6,0.993188955,20.7,1.235991372,13.2,1.173668,11001001110,2435421234,2124235164,2534589657,1110001,95.2
male,47.70410959,0,french,3,0,0.225944088,17.8,0.145914825,13.9,1.697338515,15.2,0.683107553,13.2,-15.15284495,7.1,-2.480107995,1.00111E+11,5342312544,2665352514,5555555555,101001110,67.2
male,25.20821918,0,french,3,4,0.972396797,30.7,1.773448729,44.9,0.876071159,34.3,-0.004679131,34.2,2.143107142,16.9,1.152068939,1011110110,2411345413,2522654164,2437816529,101110000,161
male,71.63561644,humanities,french,5,1,-1.256703796,39.3,-2.023993528,27.6,1.225045738,31.4,-0.205561194,28,1.765812122,14.6,-0.099080131,1.11E+11,4325551423,2636142626,5294835614,100000,140.9
male,9.356164384,0,french,1,1,1.266754339,42.2,-3.040965737,24.6,1.758794611,45.1,1.650717197,23.9,2.244683152,24.6,0.775996712,11010100011,3452121435,2563641623,5326174895,0,160.4
male,27.0630137,science,french,6,0,0.866643444,12.1,0.35618483,13.1,-0.734641593,12.9,0.923763871,13.9,2.141168,9.2,0.71062371,10011100010,2453413434,5453126525,5428931465,110001010,61.2
female,52.67671233,science,french,6,5,-0.420979762,7.9,1.773448729,13.3,1.110221617,16.5,1.454309986,16.5,1.922469921,10.7,1.167894098,11111,3423513344,5523642512,8657423659,110101100,64.9
female,42.10136986,science,french,6,1,1.060495216,13,0.145914825,13.4,0.909120156,15.6,1.998449417,12.7,1.713662116,15,1.165528346,11010001011,3245453421,1532365241,5263468715,11100101,69.7
female,26.90684932,science,french,4,4,-1.674032116,16.1,-0.179909136,5.6,2.110020704,12.4,1.773537787,11.7,2.244683152,7.3,0.854860078,110110110,3224153421,1522416325,5426398175,11001100,53.1
male,44.53150685,science,french,4,0,0.108783204,10.4,-0.179909136,14.6,-1.130258499,19.5,0.78518009,13.7,2.066146633,19.3,0.329988459,1.00011E+11,3411555541,5224315166,6527341625,11110100,77.5
male,32.26027397,science,english,5,4,0.685710118,9.6,-3.040965737,10.5,1.559462675,17,1.386894363,7.9,0.460704665,9.5,0.210361217,10110111,2341523245,5512462352,5452317238,0,54.5
female,19.97808219,science,french,4,0,0.918008535,8,1.336502127,7.9,1.692341555,13.2,2.426211157,5.4,2.171391676,5.1,1.70889101,1100100001,2415324513,6251436152,8417963284,10001011,39.6
male,56.05479452,science,french,7,0,-0.590539089,8.7,0.446237926,7.1,1.52819509,6.6,-0.293096356,10.1,-0.375041346,8.3,0.143151245,1.10101E+11,3421352433,4351435244,8655254824,10011011,40.8
,37.60821918,0,other,0,NA,0.467207985,14.7,0.089538752,30.8,0.736635094,18.7,1.057191836,15.4,0.621441118,9.8,0.594402957,1101100010,3425445251,2535426651,6422835141,1101000,89.4
male,45.84383562,science,french,5,2,0.817983063,15.3,0.145914825,11.1,1.463542079,20.3,0.712775599,11.7,1.28286026,9.9,0.884615165,110111001,2534133244,5221146335,5562489561,11100101,68.3
male,25.19452055,science,french,6,0,0.665394272,15.1,1.821416993,7.9,0.963165217,24.7,1.67865744,15.6,2.143107142,12.1,1.454348213,11100110100,2452341221,1545316254,4867239518,10001101,75.4
male,34.15890411,science,french,6,0,-1.283928445,20,0.20659518,49,0.734184358,46.4,0.421012523,16.5,0.850503767,13,0.185673476,1.101E+11,4232534254,2125426323,2647145734,101001100,144.9
male,21.28767123,other,french,5,1,-0.21316844,15.8,1.773448729,21.7,1.146310183,27.8,1.204761889,19,1.462759127,11.4,1.074822297,1001110101,2453111423,4216341533,5143962852,100010110,95.7
female,19.38082192,science,french,4,2,0.451132209,31.3,0.189437849,18.1,0.562033833,20.1,1.253302059,18.7,1.077592846,8.8,0.706699759,11100111001,2354523512,5133423164,8636541598,100001010,97
male,40.1369863,0,french,0,0,-0.526397725,10.8,1.773448729,11.7,1.037751224,10.6,1.235221527,8.4,1.08943574,7.7,0.921891899,1.00101E+11,3253423524,4216535342,8476219562,10100111,49.2
male,39.69041096,science,french,7,2,-0.693076878,9.4,-1.474774505,17.2,1.823189941,21.4,0.026228993,6.8,1.562551853,10,0.248823881,10111000,3214352134,2356444116,5269314755,10100,64.8
male,44.22191781,science,french,4,0,0.374697463,8.8,1.821416993,18.6,2.076435944,21.8,1.916583573,10.6,0.310626565,8.6,1.299952108,11101001011,1354425143,5113436251,1626368371,10011101,68.4
female,40.28219178,science,french,5,3,-1.283928445,13.9,-0.791814807,26.2,1.785252811,18.9,1.758513675,12.2,0.875563882,11.8,0.468717423,1.101E+11,2314352214,5422163512,5882423615,111001101,83
male,33.35068493,science,spanish,7,0,0.331697441,7.5,0.35618483,8.6,0.590340175,14.3,1.295531744,15.7,1.667487544,10.1,0.848248347,11001110100,3435215321,5351624316,5687364192,11100010,56.2
male,38.63561644,science,french,6,2,0.817983063,8.1,1.821416993,6.2,0.726858796,12.6,-0.285361981,8.1,1.506127949,10.5,0.917404964,1110100110,4315453452,5336355211,9632568723,101100010,45.5
male,48.22739726,humanities,english,5,0,0.451132209,25.1,-3.040965737,17.7,1.890819836,23.7,0.191973962,19.6,1.528277206,12.3,0.204247495,101011100,4355124315,3436543144,7859142574,0,98.4
male,41.66849315,science,french,6,0,0.500223415,16.1,-0.142574845,27,0.092089568,48.3,1.084560433,19.8,1.887173035,14.9,0.684294321,100111110,4511432143,1141365241,8624795841,100011011,126.1
male,27.34520548,humanities,german,4,1,-0.590539089,7.6,0.089538752,12.8,0.390314314,11.7,0.55139466,5.5,1.893948021,6.5,0.466931332,1.10101E+11,3514335121,6522653142,9325487651,11010111,44.1
male,22.14520548,science,french,5,3,-0.123515212,5.6,0.35618483,13,0.409416465,27,1.333562606,10,1.902781659,10.1,0.77568607,100110001,1354322343,2416544216,5168375426,10001110,65.7
male,37.35068493,science,other,7,3,-0.014644373,64.3,-3.040965737,9.4,1.63856501,17.6,-0.553427008,14,-15.15284495,15,-3.424663413,10110011001,4232155431,5542166612,4444444444,111111111,120.3
male,33.38082192,science,french,6,0,0.374697463,9.1,1.036960055,30.2,1.169789616,14.1,0.815229188,13.2,0.685778108,8.9,0.816490886,1011100100,2312432534,2542613326,5865231419,1010101,75.5
male,26.18356164,science,french,6,0,-1.438529766,9.4,0.35618483,18.6,1.316195478,19.5,1.344621973,8.8,1.742176632,10.7,0.664129829,1.01101E+11,2353411453,2451365316,5429638716,1101010,67
female,41.55068493,science,french,7,1,0.374697463,10.6,0.35618483,16.7,1.890819836,16.4,2.109247326,7.7,1.210187229,8.6,1.188227337,1001110100,4521432554,5326614325,5627716453,1101010,60
male,34.86027397,science,french,7,0,1.435280313,12.1,-0.956960541,32.8,0.794269226,20.2,1.143365485,23.3,1.433871833,14,0.769965263,1111101011,2313341453,5143326113,2518677423,1010010,102.4
male,43.59178082,science,french,6,0,-0.693076878,10.4,-0.09938208,8.9,0.329133237,9.3,-0.80035941,10.5,-2.447042857,8.8,-0.742145598,1.11111E+11,3422544423,5655422231,5477732111,1000001,47.9
female,32.54246575,other,french,4,2,-0.79783041,19,-0.252960072,13,1.166410244,11.9,1.924978014,9.8,2.244683152,11.9,0.857056185,1.1011E+11,5423554125,6612346521,5263984175,101010,65.6
male,34.02465753,science,french,6,0,0.626054983,8.1,-0.596190895,3.5,2.083086225,12.7,0.875360523,5.6,0.671229382,9.4,0.731908044,1010011101,4235125314,1521642455,8524597212,110001011,39.3
male,39.72876712,science,french,7,1,1.482692438,5.1,-0.596190895,6.6,0.45440775,8.9,1.904085974,4.4,-4.554426148,7.4,-0.261886176,11000101100,2434521321,1524136521,8888856275,100101011,32.4
male,51.57808219,science,french,6,5,-0.932027047,5.6,-3.040965737,8.9,-1.035637842,15.5,0.87140179,5.8,1.441248606,6.3,-0.539196046,10101101001,4233335122,1536542354,7562849614,0,42.1
male,40.67945205,science,french,6,5,-0.258636645,8.4,0.35618483,10.1,0.305774642,16.1,0.820936252,23.2,1.45832225,10.7,0.536516266,10010111010,2454512433,2535161536,4259811732,11100010,68.5
female,40.29041096,humanities,french,6,5,0.108783204,18.8,1.773448729,13.8,1.385866827,31.2,1.143365485,16.7,2.073961189,13.3,1.297085087,1.00011E+11,5213225314,2315236412,5249863257,110101,93.8
male,5.232876712,0,french,1,0,-1.172615508,62.9,-0.984117278,75,1.385866827,52.7,1.433444761,78.1,-4.233656694,20.9,-0.714215578,1.01011E+11,5421455321,1234563116,9991114447,100100,289.6
female,39.19726027,science,french,5,0,-1.283928445,7.9,0.35618483,9.6,1.484750062,11.9,0.875360523,12.9,1.315966466,7.7,0.549666687,1.101E+11,3243521324,2354516351,5236245879,10101100,50
female,11.17534247,0,french,1,0,-0.420979762,12,0.145914825,33.7,1.624263859,25.5,1.110129461,20,-3.617551102,13.4,-0.231644544,11111,4253142335,5341624623,7799922555,1110010,104.6
female,29.30410959,science,french,7,1,0.534461914,22.1,1.821416993,23.2,0.28456666,28.9,1.253302059,44.6,1.357690376,10.1,1.0502876,1111101,4355512213,2261354164,8136657943,10011101,128.9
male,38.19452055,science,french,6,0,0.794580957,5.5,0.20659518,14.8,-0.069562862,16.1,1.131404271,9.3,0.724395978,8.2,0.557482705,10010000111,2221324355,5524361533,5452682346,1100101,53.9
male,19.1890411,0,french,3,1,-0.205368109,5.8,1.036960055,33,0.835868798,27.4,2.085426695,9,-15.15284495,12.2,-2.279991503,1010110111,4221343315,1563254163,5555555555,1010101,87.4
male,18.16712329,0,french,3,3,1.390181916,13.9,0.781777371,32.6,0.45440775,18.9,0.746699102,26.2,-15.15284495,9.6,-2.355955763,1011010111,3212534134,5211314566,8888888888,1000011,101.2
female,31.41917808,0,french,2,1,-0.451488597,29,1.821416993,9.4,1.614813441,18.2,1.851188679,11,-4.698034629,8.8,0.027579178,111110,3422154322,5146235541,5555444779,110001100,76.4
female,49.15068493,science,french,4,0,0.500223415,29.5,1.821416993,33.9,1.007419332,22.3,0.787039293,32.9,1.838789744,16.7,1.190977756,11100100110,3135422411,2632136252,5792615372,101100010,135.3
female,13.22191781,0,french,2,2,0.665394272,21.9,0.35618483,44.8,2.208774394,30,2.123737643,11.7,2.171391676,13.4,1.505096563,10011001011,4231532541,2536145326,8249763582,10001110,121.8
female,22.42739726,humanities,french,5,1,-0.693076878,13,1.336502127,11.1,0.917510707,13.3,1.0868656,7.9,1.659266992,9,0.86141371,1001011010,3425341234,2565215362,5628748912,101110,54.3
female,21.90684932,humanities,french,4,0,0.685710118,12.3,1.336502127,21.7,1.885052465,34.7,1.481604126,18.5,0.881749844,14.5,1.254123736,11110010100,4452312435,4346154231,5563854927,101011001,101.7
male,55.04657534,science,french,4,0,-0.693076878,36.8,-3.040965737,24.5,0.825347814,15,0.725177856,16.3,1.230843782,17.2,-0.190534632,1.11111E+11,4341234553,1424566323,5842172657,0,109.8
female,24.2109589,humanities,french,6,1,0.918008535,14.1,1.773448729,16,0.056096003,21.8,2.099670154,19.1,1.433871833,16.5,1.256219051,11100101111,3243213525,1356214356,5468756392,1010011,87.5
male,36.74794521,other,french,6,5,-0.693076878,32,0.145914825,7.3,0.639641753,22.4,1.946188057,15.6,2.143107142,12.2,0.83635498,1.11111E+11,3451234512,5134266541,5632417896,110001101,89.5
female,36.07123288,other,french,4,4,-1.664386806,33.6,0.145914825,13.6,1.480481662,22.9,1.292854562,18.4,0.970551835,24,0.445083215,1.01E+11,5314521535,4613456264,5126964714,110001101,112.5
female,36.28493151,humanities,french,6,4,-1.324486369,21.4,-0.142574845,20.5,1.211017705,15.6,1.630123626,12,1.625271812,12.4,0.599870386,11001101010,4345213251,2423516325,5362487614,1110110,81.9
female,38.85479452,other,french,6,0,-0.369969093,21.1,0.089538752,23,0.001003493,28,-0.19364718,20.4,0.450858669,17.5,-0.004443072,1.11001E+11,4442133244,3562335653,6811965149,101100,110
male,68.89589041,humanities,german,6,0,-0.693076878,11.1,-3.040965737,21.7,0.116631096,25.7,0.638920563,20.2,2.054701956,13.4,-0.1847578,1.11111E+11,2422214532,5635156231,1937856423,111111111,92.1
female,43.5260274,other,french,5,0,-4.415494561,18,-0.048061521,12.9,-9.982032341,11,-11.37692329,5.5,-15.15284495,6.1,-8.195071334,0,5555555555,5555555555,4444444444,111,53.5
female,22.93972603,science,french,6,0,0.331697441,12.4,1.821416993,8.4,1.225045738,23.2,1.160285573,14.5,1.639527355,15,1.23559462,1011101011,4134532215,5235621143,8463741892,101110010,73.5
male,58.83561644,0,french,3,0,0.374697463,31.4,0.145914825,28.2,1.282666466,29.1,1.714389473,18.7,2.06594152,15.5,1.116721949,1001110100,3234142534,1453126342,5261873926,11100101,122.9
male,53.07123288,0,french,3,1,-0.189567147,28.9,-0.47314368,15.2,1.64336601,30.3,1.375495748,19,2.073961189,15.5,0.886022424,1.10111E+11,3554314253,5416535412,5674281659,100110000,108.9
female,34.34794521,science,french,5,0,0.290609175,14.5,0.189437849,19.1,0.980692741,16,1.725290229,10.3,1.807239669,10.3,0.998653933,11011000101,4154521433,5452613546,5128679582,10100001,70.2
male,36.92054795,other,french,6,2,-0.79783041,16.2,-3.040965737,6.6,1.282666466,15.9,1.409975188,10.2,1.742176632,7.9,0.119204428,1.1011E+11,2551243522,5442631523,5632458917,0,56.8
female,39.61917808,other,french,4,5,-0.693076878,9.9,0.189437849,8.2,1.667631154,14.6,1.593141473,6.6,1.925838252,11.7,0.93659437,1.11111E+11,4315234543,5213654236,5321485967,11110101,51
male,55.41643836,0,english,3,5,1.833467516,15.4,0.35618483,22.3,1.834228356,13.5,0.549824549,15,1.381351602,19.3,1.191011371,101110011,2345213245,5654156351,8627458629,101110001,85.5
male,54.13972603,0,english,3,1,0.771756741,8.9,-3.040965737,10.7,1.559462675,16.8,1.547449743,10.5,0.38474416,10.2,0.244489516,11010011110,3421542235,1225346621,5226784336,0,57.1
male,28.52876712,other,english,5,4,1.060495216,10.5,-3.040965737,14.6,1.242788802,12.5,0.531119934,7.4,0.895446706,8.1,0.137776984,1011101001,3244152214,5144125636,7854452139,0,53.1
female,53.18082192,science,english,6,3,1.19276816,25.4,-3.040965737,30.2,1.732846234,28.8,2.148228131,33.2,1.925838252,14.1,0.791743008,11101000110,5214352411,6425133246,5349716829,0,131.7
male,47.27671233,other,other,4,2,1.701194572,11.7,-3.040965737,13.5,1.785252811,14.5,1.815709375,10.6,1.229410299,10.3,0.698120264,101110100,3431254231,5216453652,5126895547,0,60.6
male,55.06849315,other,french,4,2,-0.420979762,26.5,-3.040965737,4.4,-2.796670731,16.2,0.712775599,21.8,1.30476854,9.9,-0.848214418,1.1111E+11,3523333343,3424365133,5641528954,0,78.8
male,35.18082192,other,english,6,4,-0.683787013,8.9,-0.956960541,14.3,1.260768763,10.1,-0.622768325,6.7,0.95727749,11.3,-0.009093925,1011101101,2435112214,1256533565,5268384198,110001,51.3
male,35.54794521,science,german,6,0,1.701194572,6.7,1.821416993,9.7,1.10054484,12.4,1.609829972,6.6,1.509272769,10.2,1.548451829,1111001110,4331534122,2366142135,4362781625,101001010,45.6
male,38.94794521,science,spanish,7,2,0.201293726,6.1,1.036960055,5.8,0.6743221,15.5,2.076011302,8.7,1.629751238,5.8,1.123667684,1011101,4215452145,2513462354,4586215648,11101010,41.9
male,53.5260274,other,english,4,5,0.119853202,27.7,-3.040965737,13.8,1.106988293,16.5,2.355640486,11.4,1.346316083,16.2,0.377566465,1100110101,3254321234,2563412536,5624718696,0,85.6
female,81.38630137,humanities,french,4,0,-0.693076878,46.3,0.068744507,44.9,-8.169085689,28.7,1.308995355,25.2,1.371503257,19.6,-1.222583889,1.11111E+11,5155555555,5314653452,1538647349,101010101,164.7
female,63.71506849,science,french,5,1,0.588321834,9.2,1.336502127,28.4,-2.061557236,23.3,1.518848382,12.5,-15.15284495,11.4,-2.75414597,11010001,2134441111,1342513643,7777777777,10100110,84.8
female,42.23287671,humanities,french,6,5,-0.880661956,12.8,-0.678035429,19.5,1.52819509,14.7,1.871296863,8.3,2.143107142,7.9,0.796780342,10010110010,5452123451,2546311564,5132986754,11111100,63.2
female,42.93972603,other,french,6,2,-0.123515212,23.7,-2.023993528,14.1,1.335189856,16.8,0.999675265,11.5,0.981701511,14.8,0.233811578,1011010010,4142351412,3451625126,9745169251,10000000,80.9
female,31.72328767,science,french,6,2,0.345809681,17.8,0.35618483,16,2.056679907,18.3,1.643818802,6.7,1.448935947,10.6,1.170285833,1.11011E+11,4523414325,5136452365,8552467138,110010101,69.4
male,34.60273973,science,french,5,0,-0.123515212,12.5,0.35618483,20.5,1.519393234,18.3,2.240138775,17,1.626197526,14.7,1.123679831,10010110100,2454315132,5264153246,4867513529,10101001,83
male,48.26849315,other,german,6,0,-0.693076878,30.5,0.145914825,15.2,1.116711649,30.8,1.875353555,44.8,2.143107142,10.3,0.917602059,1.11111E+11,1235145534,6321543251,9534271685,101001110,131.6
female,17.67123288,0,english,3,4,-0.376501515,12.3,1.821416993,12.7,-1.175483671,20.8,1.657649912,22.1,1.54283163,9.6,0.69398267,101000101,2333545111,5223415621,4765889124,10011101,77.5
female,28.43561644,humanities,german,6,1,-0.205368109,14.5,1.336502127,40,1.239221438,41,0.959096174,28.1,1.639527355,22,0.993795797,1110000100,4154352312,4225146635,5827684539,111010001,145.6
male,47.92054795,science,german,6,5,0.665394272,25.2,-0.490516869,29.4,0.021039471,30.9,1.53785058,9.9,1.426665728,12.5,0.632086636,100111001,4325222311,5326641425,5368714129,111100001,107.9
female,16.68219178,science,german,6,0,0.588321834,12.4,0.145914825,3.7,1.301190542,10.5,0.919665418,6.7,1.026703036,8.2,0.796359131,101000110,2335412133,5446235121,5628962437,110001101,41.5
male,39.10684932,science,french,7,0,-0.79783041,9.4,1.773448729,15.1,1.955946679,32.5,0.26166213,18,1.153229503,11.7,0.869291326,1.1011E+11,2513423155,5322654266,8641247834,100010110,86.7
female,13.82739726,0,french,2,3,-1.283928445,19.3,-0.252960072,20.7,1.139676282,22.5,1.028136817,14.8,1.156415303,9.9,0.357467977,1.101E+11,2422531423,6341255312,1623657851,10100010,87.2
female,8.720547945,0,french,1,1,-1.264208577,24.8,0.35618483,26.1,1.10054484,22.2,0.828582214,20.9,0.596263185,30.3,0.323473298,1.0101E+11,1345324423,6325146145,1264785988,101011100,124.3
male,48.75616438,science,french,6,5,-0.251212237,6,-0.688451355,6.4,-0.641847854,10.2,-0.911346955,6.9,0.521890163,12.3,-0.394193648,1011110100,2223524344,2522342666,6298525774,11011101,41.8
female,26.01369863,science,german,6,0,0.727732527,9.6,1.036960055,17.3,0.93445029,30,1.630123626,12.4,2.113637588,16,1.288580817,11000010101,3254322453,6125423215,1523694175,1010101,85.3
female,52.75616438,science,german,4,2,-0.024223047,21.1,0.189437849,21.6,1.393835366,35.3,0.828582214,27,1.627587136,17.2,0.803043904,10011101100,2351423134,1423461433,5372645816,1100010,122.2
male,58.69863014,science,german,7,0,-0.445466857,8.2,-3.040965737,5.6,1.9318982,13.2,0.657444343,13.3,1.423007565,12,0.105183503,11101001001,2343153241,5226352441,8758243615,111111111,52.3
male,23.41917808,0,german,3,0,-1.616294023,30.8,0.068744507,13.2,0.397922691,17.3,-1.232591609,25.4,1.925838252,12.7,-0.091276037,1.0001E+11,5534512255,4453612612,1452873692,10101010,99.4
female,60.29589041,0,german,3,0,-4.415494561,15.1,-3.040965737,7.9,-0.78391091,16.7,0.274481659,14.3,0.042061077,12.2,-1.584765694,0,3444221155,5235344151,5554178239,0,66.2
male,65.21369863,other,german,6,1,-0.301972727,13,-1.298379402,44.9,0.658026735,24.5,-0.068544944,14.8,1.27226693,13.7,0.052279318,1.0111E+11,3452543553,5244362121,8525679135,1010100,110.9
female,57.12328767,0,german,3,0,-0.088630552,21.4,0.068744507,9.8,0.118179893,26.4,1.879422092,15.5,0.409277272,16.5,0.477398643,10011101001,2312245522,1534162514,5722945668,10101010,89.6
female,42.70958904,humanities,german,6,0,2.282238792,13.2,0.35618483,13.3,1.545973289,21.8,1.895816081,11.6,1.442481497,10.9,1.504538898,100110111,2345123244,5243561624,5426587135,1101010,70.8
female,27.96712329,science,german,6,0,2.075979669,5.9,1.821416993,49.9,0.79171143,21.5,2.552403477,6,1.925838252,6.9,1.833469964,11110100001,2432152315,2561345162,1685923745,10011101,90.2
male,30.20547945,other,german,6,0,1.347181894,9.1,-0.252960072,5.5,-8.169085689,9.3,0.684835356,10.7,0.376606343,8.7,-1.202684433,1101111001,3433333333,5244461254,5624585915,10001010,43.3
female,27.81917808,science,german,6,1,0.374697463,8,0.781777371,16.7,1.239221438,15,1.263740108,8.1,1.492479455,7.9,1.030383167,1001110100,2435143244,1423525462,5471258632,100101,55.7
male,12.6739726,0,french,2,1,0.626054983,10.6,-0.596190895,9.8,-3.936030441,13.3,1.916583573,14.1,1.082796892,13.2,-0.181357178,11000110010,2444444513,5326415532,5621146587,1011100,61
female,48.8630137,other,german,4,0,-0.189567147,17,0.068744507,16.9,-1.666442083,21.4,0.072244073,14.2,2.06594152,13.3,0.070184174,1.10111E+11,4415451111,4222366152,5631789562,10101010,82.8
female,26.77534247,science,english,7,1,-0.580153207,6.6,0.010229046,6.8,1.12323311,10.8,0.851775087,12.8,1.514576253,9.3,0.583932058,101110101,3512324554,5254612526,8172416923,101101100,46.3
female,40.43013699,other,french,7,0,0.685710118,18.3,-0.956960541,12.7,1.523786971,21.9,1.395504934,33.4,-15.15284495,13.8,-2.500960695,1001111001,1332425113,1421624351,1111111111,11100111,100.1
female,48.49589041,0,french,3,0,1.347181894,8.5,0.35618483,22.3,1.624263859,15.2,1.509443579,8.6,2.054701956,13,1.378355224,1101111001,4225312453,5224631426,5647298134,100011101,67.6
male,62.0109589,0,french,3,0,0.331697441,16.5,1.452177581,11.5,1.037751224,18.3,1.710774755,18.2,0.511347847,14.9,1.00874977,1001110110,4154431253,5324662134,1259771258,101101,79.4
male,68.89589041,humanities,german,6,0,0.500223415,21,0.32143388,18,1.136371547,25.6,0.127922228,13.6,1.132904607,13.6,0.643771136,1.10011E+11,3453231253,2651443335,6185968736,101000101,91.8
male,33.57808219,science,english,6,0,0.404517268,21.2,-0.678035429,16.5,1.493327665,32.1,0.642270259,24.4,1.450312717,21,0.662478496,1.1101E+11,5542315425,4212645625,9257685296,100001001,115.2
male,39.02739726,0,other,0,NA,0.238520252,9.5,-1.932211616,5.5,0.796831889,9.3,0.154844425,6.6,1.999894425,9.2,0.251575875,11110010101,3452134524,5412365236,8562417963,100,40.1
female,19.59452055,other,french,4,0,0.404517268,12.2,-3.040965737,15,1.497637041,16.4,1.119544855,13,1.557376733,15.6,0.307622032,10110001001,4221532354,4354153652,4583476918,0,72.2
male,36.56986301,science,german,7,0,-1.283928445,12.2,1.452177581,57.9,1.293750307,26.6,0.532669098,18.1,0.620796578,20,0.523093024,1.101E+11,2312524312,3513264454,5324469383,101101,134.8
male,55.99726027,0,french,0,0,0.201293726,24.1,0.145914825,17.2,1.610112986,13.9,1.633534822,9.8,1.509845243,12.5,1.02014032,11011001110,2534214353,2513161452,5296274851,11100101,77.5
male,23.83013699,science,other,6,0,-1.438529766,10.7,0.35618483,17.3,1.697338515,13.4,1.089174586,12.3,1.351346642,13,0.611102961,1.01101E+11,4351132435,1552143425,4139687552,1101010,66.7
female,39.64383562,science,french,4,0,0.517184144,24.9,-0.596190895,12.8,0.41520035,14.2,1.073091455,13.7,0.260818516,14.9,0.334020714,1011101100,4215552311,5243321644,5136345485,100010011,80.5
female,40.13424658,0,french,3,3,0.500223415,20.1,0.068744507,6.9,-0.516312952,23,2.229621948,13.2,1.457215017,17.3,0.747898387,1.10011E+11,4521324444,5361432516,5179365415,101010101,80.5
male,40.76712329,other,french,4,3,-0.693076878,20.4,1.466399166,7.5,2.261006722,18.2,1.64726373,11.5,1.661633824,10.3,1.268645313,1.11111E+11,3152143512,6543215243,5629845637,10101101,67.9
male,40.72054795,other,french,4,0,-0.693076878,10.8,0.145914825,23.6,0.462388093,25.7,1.839261591,11.4,1.83348649,5.6,0.717594824,1.11111E+11,1254525323,1365412634,7546235941,100011010,77.1
female,39.30684932,other,french,4,0,-1.440590712,41.1,-3.040965737,16.9,1.515013786,22,2.123737643,8.9,1.625271812,16.7,0.156493358,100000100,4153254153,5364215643,3687492854,0,105.6
male,26.83287671,other,french,4,0,-0.526397725,30,-1.298379402,38.6,0.621504387,45.1,1.384035956,28.1,1.351863523,20.9,0.306525348,1.00101E+11,2342521424,2436523342,6548913732,11101110,162.7
female,31.58082192,science,french,6,0,-2.438059094,6.8,1.821416993,9.5,1.774607071,14.2,0.568783657,6.6,1.374910251,8.2,0.620331776,11010101010,4132531541,4265251315,4367595621,101001010,45.3
female,37.63835616,other,french,4,5,-2.429624051,11.9,0.068744507,10.4,1.672537094,14.7,0.915578984,8.5,1.925838252,5.7,0.430614957,1.001E+11,1541324153,4251365132,5972645318,101010101,51.2
female,33.54794521,science,french,5,3,-0.48102254,22.1,-0.265943141,9.5,1.455151528,27.1,1.194754859,22.7,1.199610115,8.8,0.620510164,11010111010,3523415235,5463145341,8527596518,111000101,90.2
female,39.8630137,humanities,french,4,5,-3.381537794,21.4,-3.040965737,28,-0.79181862,30.4,0.576760055,23.8,0.729745436,8.8,-1.181563332,1010101010,1543543525,4563156533,1478636583,0,112.4
male,12.69315068,0,french,2,2,-0.645664753,43.7,0.145914825,36.2,1.290045548,14,2.099670154,7.4,1.358468951,10,0.849686945,1011010110,3245342314,2534612536,7342615628,10011100,111.3
male,14.29589041,0,french,2,2,-0.910361982,13.6,0.20659518,14.6,0.794269226,7.6,1.445329463,7.7,1.534373386,8.5,0.614041055,1.011E+11,2513243213,5362465112,1685435186,10111001,52
female,11.2,0,french,2,3,-1.172615508,18.5,-0.179909136,17,1.268028506,22.8,2.002894311,8.5,1.925838252,8,0.768847285,1.01011E+11,3542133521,5364123556,1745689235,1011110,74.8
female,49.60547945,science,french,4,1,-0.818235958,73.4,-0.596190895,28.3,2.076435944,35.7,1.25590425,58.5,1.756381682,14.8,0.734859005,1.10001E+11,2354145321,5342561224,7896325869,11101100,210.7
male,38.60547945,science,german,6,0,-0.79783041,16.4,0.189437849,15.5,1.610112986,24.3,1.792548627,10.4,1.925838252,11.9,0.944021461,1.1011E+11,4235432134,5214632536,5238417698,11110101,78.5
male,35.38630137,science,french,5,0,-0.251212237,6.4,0.20659518,8.6,1.624263859,8.5,2.029865597,6.6,1.336815676,7.8,0.989265615,1011110100,3342154235,1563241235,4156328958,110011010,37.9
female,17.51232877,0,french,3,0,-0.720399077,9.3,-3.040965737,8.8,1.197134292,9.4,1.766005483,7.4,1.057377321,7.3,0.051830456,110110111,2353214533,2513611425,5426855937,0,42.2
male,22.01643836,0,english,3,1,-0.715901094,22.4,-0.956960541,42.1,0.937294386,24.5,1.177413638,18.4,1.83348649,7.2,0.455066576,10010111011,3422152244,3523461145,7548296581,1010010,114.6
male,18.10958904,0,french,3,1,0.866643444,7.6,-0.688451355,20.5,0.193058926,12.4,0.441187251,13.1,1.354709463,10.7,0.433429546,11101110001,3441113534,2614233361,5264133685,111110001,64.3
male,16.38082192,0,french,2,2,-1.283928445,46.9,-0.596190895,28.8,1.519393234,18,1.5251537,19.5,-15.15284495,10.2,-2.797683472,1.101E+11,3245425132,5264513623,5555555555,11010100,123.4
male,59.6109589,science,french,4,0,-0.258636645,19.5,-3.040965737,15.2,-4.270502937,18.5,2.426211157,6.6,2.073961189,8.5,-0.613986594,10010111010,3333334251,1536243516,4563879541,111111111,68.3
male,41.11232877,0,french,3,5,1.435280313,22.6,-3.040965737,26.3,1.629014055,33.8,1.121908677,35.1,0.655662414,18.7,0.360179945,1101011100,4515224351,5246535512,3485598251,0,136.5
male,15.64109589,0,english,2,0,-1.438529766,17.3,0.145914825,13.7,-0.8168157,14.5,-0.756809836,11.8,0.78858686,10,-0.415530724,1.01101E+11,3454343534,5356354433,6518955748,1110010,67.3
male,49.56438356,science,french,4,0,1.390181916,10.1,0.145914825,18.1,0.761390921,14.5,2.05274744,7.2,1.718569295,8.1,1.213760879,11000110011,2115433235,5632541236,6514298325,1110010,58
female,51.57808219,science,french,5,5,-4.415494561,11.7,1.543792939,11.5,0.846472625,17.6,2.034412005,10.9,2.244683152,9.3,0.450773232,0,3432255412,2516436214,8567429318,111101,61
male,65.71506849,science,french,7,0,0.517184144,11,1.036960055,5.8,1.968133903,11.4,1.904085974,6.9,2.06594152,9.3,1.498461119,11000101101,1243542134,5362145436,5489236541,10101110,44.4
male,36.51506849,science,english,7,0,1.19276816,11.9,-0.678035429,7.6,1.839781679,15.6,0.703983943,20.1,1.238992053,21.8,0.859498081,101100011,3245122314,1615634522,5192425819,11111100,77
male,31.96712329,science,german,6,0,-0.301972727,8.5,0.35618483,13.7,1.377945163,11.7,-0.315201942,6.4,1.335664192,6.9,0.490523903,1.0111E+11,4253122433,2522436335,5824652879,10001110,47.2
male,59.80821918,science,spanish,7,0,0.517184144,9.5,-0.956960541,9.5,0.630542535,13.5,1.266361883,8.8,1.040167072,11.5,0.499459018,1101110100,3325413433,2532641225,6537854662,110101101,52.8
female,42.78630137,other,french,6,2,0.404517268,30.3,0.20659518,12,1.001434082,27.1,0.748507633,19.6,1.365102718,13.1,0.745231376,1.1101E+11,4254124431,2562135566,7586523964,101100001,102.1
female,45.03013699,0,french,2,0,0.74948256,38.3,0.145914825,37.3,1.955946679,23,1.560352362,15.1,0.781778329,20.8,1.038694951,11100111110,3124542315,2462153466,5264583696,100011010,134.5
female,45.03013699,0,french,2,0,0.74948256,38.3,0.145914825,37.3,1.955946679,23,1.560352362,15.1,0.781778329,20.8,1.038694951,11100111110,3124542315,2462153466,5264583696,100011010,134.5
female,45.03013699,0,french,2,0,0.74948256,38.3,0.145914825,37.3,1.955946679,23,1.560352362,15.1,0.781778329,20.8,1.038694951,11100111110,3124542315,2462153466,5264583696,100011010,134.5
male,14.79726027,0,french,2,0,0.165508595,19.9,1.036960055,27.1,-1.562899095,24.3,0.877344115,9.7,-0.837912134,18.8,-0.064199693,1.1001E+11,3421412141,5212632256,5556247432,110101010,99.8
male,48.11506849,0,french,3,0,-1.699271466,44.9,0.068744507,25.7,-0.377861559,23.5,0.865484699,23,-15.15284495,6.5,-3.259149755,100101010,3214532222,1234562356,5555555555,10101010,123.6
female,28.96164384,science,french,6,0,1.390181916,24.3,1.336502127,13.1,0.272347841,16.6,1.017121163,21.3,0.797410768,9.3,0.962712763,1011100111,5435241524,3534642235,4251635465,101011,84.6
male,58.24657534,science,german,7,0,-0.315978053,18.1,1.821416993,25.9,1.455151528,23.3,0.763061007,29.4,0.028382235,13.9,0.750406742,11010001001,5354122135,1421316443,9862454155,101011010,110.6
male,25.7369863,humanities,german,6,0,0.64551536,21.5,1.773448729,9.9,-2.710718483,19.1,0.423876805,16.7,0.752382392,12.8,0.17690096,11100011111,3333311254,1456663143,3475996631,10001111,80
male,58.78630137,science,german,7,0,-0.79783041,26.9,-3.040965737,13.8,0.646506741,27.7,1.509443579,14.2,1.742176632,9.5,0.011866161,1.1011E+11,1131452412,1315426534,1652418739,0,92.1
male,NA,science,german,7,2,-4.415494561,6.1,-3.040965737,6.2,-9.982032341,16.3,1.796382117,12.9,2.244683152,11.2,-2.679485474,0,4444444444,5641235643,7852413697,0,52.7
male,57.89589041,science,german,7,1,1.390181916,12.9,0.35618483,18.6,1.712441616,27.4,2.208823458,13.4,1.661633824,11.2,1.465853129,1011100111,2415452143,1523642516,8246398215,10100011,83.5
female,55.91780822,0,german,3,3,-0.301972727,44.2,0.068744507,33.2,1.405877286,26,0.277059778,15.4,-0.182573424,13.8,0.253427084,1.0111E+11,4512312245,3543266614,3266598877,10101010,132.6
male,54.52054795,0,german,4,0,-0.3567641,35,0.781777371,18.1,0.378981744,21.3,1.668114088,19.3,0.511197762,13.3,0.596661373,1000111000,5345551253,5411621543,6454725418,100101,107
male,59.54520548,humanities,german,6,0,0.076347112,27.3,-0.09938208,18.1,0.903555359,21.1,0.193188318,15.2,1.3890109,11.6,0.492543922,1101101,2213452334,4153142122,5127739468,1000001,93.3
male,44.60547945,humanities,german,6,5,-0.5696493,9.4,1.773448729,17.3,1.885052465,31.3,2.250735578,17.2,1.141904927,22.3,1.29629848,1001110111,5432121345,5134662351,2643954361,100010110,97.5
female,35.83561644,humanities,german,6,0,-0.004965397,21.9,1.821416993,26.1,0.751433914,31.1,0.875360523,23,1.756381682,15.5,1.039925543,1000111101,2124553325,5414663122,5682736589,10100101,117.6
female,4.446575342,0,english,0,NA,-1.517580801,58.8,-3.040965737,46.9,1.790607406,44.7,1.807946275,38.5,2.244683152,39.2,0.256938059,1001010101,1234532315,1243561236,7895623147,0,228.1
male,54.87671233,humanities,german,7,3,-0.369969093,14.5,1.226951829,13.9,-6.210054124,14.3,0.783323363,8.7,-0.692694709,13.5,-1.052488547,1.11001E+11,3213333333,5663425566,9675521888,101010000,64.9
male,38.63835616,science,english,6,0,0.304103338,14,0.35618483,18.7,1.657872568,18.6,1.157855802,28,1.253962116,12.4,0.945995731,1010010110,3124534115,2462312524,4628587154,1101010,91.7
female,58.78630137,humanities,french,6,3,-4.415494561,44,-0.252960072,19.6,1.90242921,46.5,1.692840493,18.9,2.072312735,24.7,0.199825561,0,5142355421,2434651426,5423678941,10001010,153.7
male,71.11232877,science,german,7,0,0.972396797,27.2,-0.596190895,27,0.515445949,32.4,1.271620277,14.4,0.893523747,14.3,0.611359175,1011011001,4152452413,5365124652,8264549824,1110100,115.3
female,55.46027397,humanities,german,7,1,-1.488723084,14.4,-0.678035429,29.1,1.541506688,18,1.847201629,13.8,2.054701956,12.8,0.655330352,10101011000,4513243251,3262153462,3469187256,100001001,88.1
female,28.91506849,other,german,4,0,1.306093628,11.6,1.821416993,17.2,1.426189572,14.4,0.845940579,9.2,-1.295062616,8.1,0.820915631,11100101100,2342155341,1544226113,5337141191,10110101,60.5
female,49.60273973,other,german,6,1,-1.256703796,14.3,1.336502127,14.2,2.043668414,21.3,0.861553884,9.6,-4.956523323,14.8,-0.394300539,1.11E+11,2451432154,5315462346,5555533947,101011,74.2
female,52.14794521,humanities,french,5,0,-0.369969093,23.1,1.036960055,12,0.478492071,31.6,1.219908483,10.7,1.149369834,12.7,0.70295227,1.11001E+11,5213155543,1516324261,1965285426,1010101,90.1
female,48.33424658,other,german,6,4,1.435280313,39.4,-0.956960541,25.9,0.211201845,29.3,0.509610553,30.7,1.038266593,16,0.447479753,11100011001,5221342142,3551136625,4378965883,11101101,141.3
female,22.3260274,science,german,6,0,0.201293726,19.6,-3.040965737,12,0.28456666,22.1,1.839261591,14,1.220243602,10.3,0.100879968,11100110110,3542355434,1523644312,8562475119,0,78
female,55.4109589,science,german,7,3,-1.264208577,33.5,1.466399166,16.7,1.806800135,48.6,1.972073748,24,1.781430948,8.9,1.152499084,10101111111,5341234513,2451325643,5624891425,101010010,131.7
female,43.84383562,0,german,3,0,-1.256703796,37.6,-0.179909136,19.9,0.547034866,25.3,1.22754397,28.8,2.174028829,8.9,0.502398947,1.11E+11,3324235152,3261452611,8234916528,100110011,120.5
female,54.76438356,other,german,4,3,-0.580153207,36.9,0.189437849,43.4,1.834228356,42.8,0.518788234,15.9,1.771226882,11.4,0.746705623,10010100010,5341322453,6664213524,5386478591,101011110,150.4
male,58.44657534,science,german,7,0,-1.283928445,26.2,1.036960055,33,1.179978913,22.3,0.473492601,21.5,1.449211203,12.9,0.571142865,1.101E+11,5323145533,5253561143,5845237981,101010001,115.9
female,60.50684932,0,french,3,4,-0.693076878,35,0.068744507,10.8,0.621504387,34.5,1.916583573,17.7,1.195516253,19.4,0.621854368,1.11111E+11,3412345433,6251634625,2854929761,10101010,117.4
male,27.25205479,science,german,7,0,-0.181564207,16.1,-0.956960541,15.5,0.302216703,35.2,1.114829206,25.2,1.678303867,8.2,0.391365006,10011001100,4443254413,6441362135,8496573295,110001,100.2
male,59.11506849,humanities,german,6,0,-1.283928445,12.3,1.269405268,40.6,1.943868759,25.6,0.719849081,12.8,-0.135585502,17.7,0.502721832,1.101E+11,2354251243,2623125363,9691816727,10111101,109
male,58.79726027,science,german,7,4,1.266754339,18,-3.040965737,13.2,1.20753341,13.5,-1.86757198,6.8,1.276692519,6.9,-0.23151149,101101111,4221345332,4236121111,8543962563,0,58.4
female,20.86849315,humanities,german,4,0,-0.590539089,11.4,1.773448729,45.5,0.270611311,14.4,1.630123626,13.9,2.007577919,10,1.018244499,1.10101E+11,2431324445,6615364251,8513268495,101110000,95.2
male,58.20821918,science,german,7,0,1.00084008,15.8,1.773448729,37.4,0.64880287,18.9,0.950701733,16.1,-0.615136403,19.2,0.751731402,110101100,4212345443,5564223356,9857524441,10100111,107.4
male,37.07671233,science,french,7,0,0.771756741,12.1,-3.040965737,11.4,0.13376663,15.6,0.788900981,10.3,0.888726788,10.6,-0.091562919,110010111,2433111455,5256631442,5423969811,0,60
male,17.42191781,0,english,3,0,0.467207985,7.8,-0.791814807,6.9,2.089769509,18.5,1.728942847,7.4,2.021266031,9.2,1.103074313,1101100010,2315434251,5144261532,5627489216,101001111,49.8
male,50.94794521,science,german,7,1,0.225944088,9.9,0.35618483,11.5,0.162285606,10.9,1.851188679,9.5,1.92434031,12.8,0.903988703,1000110100,2342351232,1213562431,8635471265,10001110,54.6
female,19.57808219,0,french,4,0,-0.980687428,11.6,0.145914825,33.8,1.358342501,24.6,2.007353428,8.9,1.202423612,7.7,0.746669387,1010111101,2321544233,5114635261,8586341589,1110010,86.6
female,19.55342466,other,german,4,1,0.389487119,16.1,1.773448729,6.8,0.18163941,22,1.014928444,17.7,1.137848299,12.2,0.8994704,1010001101,4544143551,2542653342,5658746259,100101110,74.8
male,50.71232877,science,french,6,1,-0.079699721,12.8,0.35618483,12.1,0.21452698,19.3,1.057191836,10.3,2.244683152,10.4,0.758577416,11100101010,2431433455,2641532155,5624781395,10001110,64.9
male,19.09863014,humanities,english,6,0,-2.429624051,19.3,1.821416993,11.1,1.968133903,18.5,1.427540205,22.2,0.499982704,18,0.657489951,1.001E+11,3452314325,5361231454,5365488579,11100001,89.1
male,19.09863014,humanities,english,6,0,-2.429624051,19.3,1.821416993,11.1,1.968133903,18.5,1.427540205,22.2,0.499982704,18,0.657489951,1.001E+11,3452314325,5361231454,5365488579,11100001,89.1
male,19.55890411,science,french,4,1,0.685710118,9.3,0.35618483,16.3,0.992505791,15,1.606476245,9.9,1.3275005,12.8,0.993675497,1010111100,1251423532,5342561143,5432841732,1101010,63.3
male,52.7260274,science,french,7,0,0.404517268,29.2,-0.956960541,22.2,2.208774394,20.6,1.671619683,31.9,1.718569295,23.4,1.00930402,1.1101E+11,1234554321,6652341665,5426971394,11101101,127.3
female,20.31232877,other,german,4,4,1.19276816,26,0.068744507,8.8,1.974269126,15.3,1.412887358,10.4,1.740015555,10.4,1.277736941,1101001111,5423122453,2354243651,5264385492,10101010,70.9
female,9.136986301,0,french,1,1,-1.616294023,124.7,1.036960055,57,1.16303933,51.6,0.150124783,31.2,0.972573078,22.9,0.341280645,1.0001E+11,2533445221,5443661622,5324588917,100010101,287.4
female,26.96164384,science,french,6,0,0.374697463,7.8,0.145914825,7.1,1.834228356,11.9,1.781111028,5.9,0.817221948,9.6,0.990634724,1011010001,2435121334,1522431265,8565725963,101001110,42.3
female,52.67671233,science,other,6,0,-1.283928445,20.2,1.543792939,32.5,0.494790957,40.2,0.783323363,21.8,0.720782638,22.5,0.451752291,1.101E+11,2235431222,1125321665,5264156687,1101001,137.2
male,38,science,english,6,1,0.841993082,15.6,0.446237926,10.3,1.748355186,14.1,1.643818802,13.3,0.950383718,8.5,1.126157743,1011001000,4223114352,2633454162,5326671468,10110110,61.8
female,16.97534247,humanities,other,4,3,-4.415494561,9.5,-3.040965737,4.5,1.834228356,8.1,-1.426339449,5.6,1.341815371,9.7,-1.141351204,0,3421354321,2543166661,8641758563,0,37.4
male,21.22191781,science,german,4,2,0.626054983,7.7,1.821416993,7.9,1.774607071,9.9,0.734104683,4.9,0.926151195,9,1.176466985,10011000110,2435412234,1542115623,5426865417,101011010,39.4
,55.03561644,0,spanish,3,0,-0.674402833,13.7,-0.729549989,20.2,0.632811582,17.9,0.526482748,11,0.832294886,10.9,0.117527279,10010001001,3211245533,2315314421,8562578749,110010011,73.7
male,30.1890411,science,other,7,0,-1.527003245,12,0.145914825,20.3,-1.025733318,35.9,1.843225955,26.7,2.021266031,13.2,0.291534049,1.01001E+11,5455132121,2561352463,6583297864,11100101,108.1
male,27.72328767,science,german,6,0,-4.415494561,15.9,0.068744507,7.1,0.714737391,35.9,0.243910642,13.1,0.266573084,10.5,-0.624305787,0,2154351354,5361422342,5624156695,10101010,82.5
female,29.23013699,science,french,6,1,0.404517268,9.1,1.336502127,6.2,1.149639428,10,2.076011302,5.6,1.885529545,6.6,1.370439934,11110100010,2453214323,2415362543,4578125684,10001011,37.5
female,19.38082192,science,french,4,2,0.374697463,9.8,1.036960055,4.6,1.339021093,11.6,1.367007562,6.1,2.174028829,6.4,1.258343,1011010001,2431254122,5425614324,5684172365,100010101,38.5
male,38.62465753,0,german,0,0,0.404517268,26.5,0.781777371,8.5,0.380863896,30.6,-0.071562209,25.1,0.449992907,18.8,0.389117846,11011001,4421123225,4622234166,4867714339,100111110,109.5
female,18.79452055,0,english,3,0,1.19276816,15.9,0.35618483,15.2,0.411341668,22.9,1.521997474,16.8,1.013978339,9.2,0.899254094,11010001100,2344253313,5623441651,5746683158,1110101,80
male,38.96986301,science,spanish,7,0,0.374697463,12.9,1.773448729,12.1,1.962026505,17.1,2.109247326,11.4,1.955151041,11.8,1.634914213,1011010001,4521134532,2653411652,4325967514,11101,65.3
male,68.35890411,science,french,5,0,0.374697463,14.4,0.089538752,84.2,0.917510707,42.9,0.696990338,32,0.031350404,40.6,0.422017533,1011100100,2441434251,5251135622,5246227482,1101000,214.1
male,66.98356164,science,french,6,1,1.060495216,12,1.036960055,11.8,1.211017705,20.3,0.942357559,8.5,1.24911721,13.2,1.099989549,1011101001,4215443452,2156224131,6585139874,10101110,65.8
male,51.50410959,science,french,6,0,0.918008535,7.3,1.773448729,9.5,0.46439059,11.1,-0.638240305,9,1.137848299,12.6,0.731091169,1111011100,3224441543,5665451121,8586495182,110101,49.5
male,19.67945205,science,french,4,0,0.918008535,10.5,-0.956960541,15.1,-1.017756913,23.6,0.482434705,20.5,0.594440757,17,0.004033308,1111011100,4155535455,5424415532,8165356254,11100,86.7
male,36.05753425,other,french,5,0,0.404517268,11.4,0.35618483,21.4,1.022499883,11.2,1.643818802,7.4,2.054701956,12.7,1.096344548,1.1101E+11,5324153245,5321642652,8354621975,1101010,64.1
male,20.38356164,science,french,5,2,0.225944088,7.2,1.336502127,9.8,1.737996065,12.5,1.924978014,9.4,1.663213726,10.5,1.377726804,11100100010,4231534241,1564531265,5426758234,10001011,49.4
male,38.83561644,science,french,6,0,-0.590539089,12.2,1.336502127,15.3,0.036993852,19.3,-0.413701461,12,-0.420066382,15,-0.01016219,1.10101E+11,4233254111,6265611315,5453363451,1011101,73.8
male,83.39178082,science,french,6,1,1.701194572,18.6,1.821416993,10.2,0.995475316,16.4,0.41530156,13.3,1.557376733,19.2,1.298153035,1111000110,3153241142,1621346213,4791268456,10011101,77.7
male,60.37260274,science,french,7,0,1.266754339,13.1,0.145914825,43,0.175157188,34.6,0.655750151,45.5,-1.299954712,33.3,0.188724358,101101111,5311145214,5224332665,5611699469,10011100,169.5
male,60.90136986,science,french,5,0,0.374697463,15.1,-0.265943141,22,1.173177489,31.3,0.901370105,19.5,0.703011412,19.5,0.577262666,1001110100,1215423143,5124251635,8473662114,111010,107.4
male,43.86849315,science,french,7,0,-0.635883352,10.3,-0.265943141,6,1.550454755,9.9,0.965425358,8.6,-15.15284495,8.7,-2.707758267,1.0011E+11,4223541234,6325526613,5555555555,101100101,43.5
female,40.70136986,science,french,4,0,-1.283928445,29.9,1.218460494,23.1,1.06564661,20,0.698735451,21.7,1.046094655,15.3,0.549001753,1.101E+11,4355313415,5125332514,5462584156,1011001,110
male,43.69041096,science,french,6,0,0.517184144,14.4,0.446237926,16.2,0.700334269,15.6,0.660838919,6.5,0.77144382,8.7,0.619207816,11010010000,2325123143,4323651215,5426724889,10011011,61.4
male,9.246575342,0,french,1,1,-1.283928445,65.1,0.010229046,78.8,0.830598032,39,-0.177912014,36.3,1.441796436,25.6,0.164156611,1.101E+11,2435543234,6311666542,2587963411,10010110,244.8
male,35.97260274,science,french,6,0,1.19276816,7.6,0.35618483,19.7,2.056679907,25.9,1.998449417,10.5,1.279156664,14.5,1.376647796,11100010100,2435132415,4265632514,8426748357,10100011,78.2
male,53.74520548,humanities,french,4,0,-0.702274305,20.7,-3.040965737,14.4,-9.982032341,13.9,1.02151698,12.9,0.756246264,12.5,-2.389501828,11001100010,3333333333,1625543141,8269417788,0,74.4
female,58.38356164,science,french,7,5,-2.438059094,8.8,0.145914825,11.2,0.51752898,18.7,1.792548627,8.7,0.511347847,7.4,0.105856237,10101010110,4543154352,2532416532,5625893575,101100011,54.8
female,43.03013699,science,french,6,0,1.030186475,7,0.089538752,12.4,-1.200743822,17.5,1.110129461,7.1,0.965711605,9.7,0.398964494,10011010001,2431231232,5351254362,5394572541,10000110,53.7
female,11,0,french,1,5,-0.123515212,21,0.010229046,19.3,1.046985631,23.8,0.418154116,22,-15.15284495,8.6,-2.760198275,10010110100,2145133253,5241615552,5555555555,100101101,94.7
female,52.9369863,0,french,3,0,-0.329774335,10.2,0.089538752,15.2,-0.437630579,18.7,1.160285573,10.3,0.784999686,7.3,0.253483819,1001110010,2324551451,2526342115,5265814175,101001,61.7
male,54.38630137,other,french,7,0,-4.415494561,22.5,1.466399166,14.2,-9.982032341,20.6,0.305738437,19.4,-15.15284495,10,-5.555646851,0,3333333333,3335416263,9999999999,10101101,86.7
male,49.62191781,humanities,french,4,0,-0.688443616,7.6,1.821416993,7.8,0.695567258,13.9,1.859197166,9.4,0.560758875,12.3,0.849699335,10010001101,3413524212,5362431452,5348656991,10001101,51
male,50.52054795,humanities,french,4,0,0.685710118,16.4,-0.252960072,27.2,0.392212382,19.3,0.236371546,15.7,1.44866074,16.4,0.501998943,1001111001,3255322413,4253221166,4556382945,10101000,95
male,70.80273973,science,french,7,5,-0.475190761,62.4,1.226951829,159.6,1.476226748,64.7,1.070808944,227,1.177977373,82.1,0.895354827,1000110001,3141542153,3141562653,3141692563,100010100,595.8
male,5.082191781,0,french,0,0,-1.172615508,44.1,0.32143388,288,1.834228356,46.6,0.984587243,65.5,0.943222835,85.6,0.582171361,1.01011E+11,1235431253,4563212156,5932478418,101000101,529.8
male,NA,0,french,0,0,-1.264208577,55.8,-3.040965737,92.6,0.639641753,33.4,1.339081318,41.7,2.171391676,76.2,-0.031011913,1.0101E+11,1234512345,4563216563,7893254178,0,299.7
male,51.14520548,other,french,4,0,-0.693076878,17.1,-3.040965737,17.6,-9.982032341,26.9,-11.37692329,11.5,-15.15284495,11.3,-8.049168641,1.11111E+11,3333333333,6666666666,9999999999,0,84.4
female,48.76438356,humanities,french,4,3,-4.415494561,24.3,-0.265943141,10.7,-9.982032341,14.7,1.170047244,5.3,-15.15284495,6.8,-5.729253551,0,2222222222,4542163523,8888888888,101100101,61.8
male,63.55616438,science,french,7,4,-0.258636645,24.4,0.145914825,54.9,1.510648534,36.8,1.300901588,48.3,0.444664727,47.5,0.628698606,10010111010,2541132554,4265234155,6575834318,110001101,211.9
female,11.54520548,0,french,2,1,1.58550205,81.5,0.068744507,33.3,1.519393234,51.7,1.497001774,40.2,2.04293717,18,1.342715747,11001111100,4532435123,5632416314,2859417285,101010101,224.7
male,40.93424658,science,french,4,0,-0.014644373,25.8,-0.956960541,30.5,1.297465286,28.5,1.295531744,17.3,2.112791718,12.3,0.746836767,1101100100,2534143354,4215643635,4356982574,11100,114.4
male,35.78630137,other,french,4,1,-1.283928445,21.8,-0.984117278,19.2,1.501960252,14.5,1.815709375,13.4,1.324069329,11.5,0.474738647,1.101E+11,4231542512,5362154256,5662819574,100111111,80.4
female,34.12328767,other,french,5,3,-3.531128974,9.4,1.821416993,7.7,0.639641753,12.3,2.332889402,5.5,-1.430362132,12.3,-0.033508592,10101010101,3452134521,5364221563,5622411777,10011101,47.2
male,38.10136986,science,french,7,0,-1.283928445,17.7,0.781777371,11.8,1.559462675,18.3,1.469407349,10,1.391660859,15.6,0.783675962,1.101E+11,3452213432,5234556213,5246893515,10110111,73.4
female,23.41643836,science,french,5,0,0.891969241,14.4,0.35618483,6.2,-0.169555078,22.6,1.222449,14.3,1.587034417,12,0.777616482,101011101,2422553115,5361342612,5238459278,101010011,69.5
male,21.43013699,science,french,6,0,0.331697441,11.1,-0.490516869,7.7,0.105839105,19.9,0.564019643,16.3,1.477547885,11.5,0.397717441,1001110110,2323452123,5465243352,5426847631,101001011,66.5
female,21.92876712,other,english,5,0,-0.132034478,18.4,0.20659518,13.9,1.068782069,11.1,-0.440941398,6.2,1.183067534,7.1,0.377093781,1110100,3415343241,2542412555,5842175873,11000101,56.7
male,25.07123288,science,french,6,0,0.606995879,4.4,-0.596190895,12.1,1.790607406,17.9,1.506322698,18.3,1.820832402,8.2,1.025713498,11010000101,2134543212,5165322451,5673154986,11001110,60.9
female,57.47671233,science,english,7,0,-0.526397725,21,1.466399166,20.9,1.2356635,22.8,1.490822283,16.1,0.760825141,19.9,0.885462473,1.00101E+11,3153224152,5245162351,1763475342,101101010,100.7
female,56.20821918,science,french,7,0,0.588321834,8.1,-0.179909136,24.3,1.758794611,21.1,-0.273244749,13.9,1.820832402,12.9,0.742958992,101000110,3415243312,2663614514,5314759683,110011001,80.3
male,34.02465753,science,french,7,0,-0.590539089,13.6,1.821416993,10.5,0.568513456,13.8,1.762254544,7.8,0.312077268,9.6,0.774744634,1.10101E+11,3432413541,1524356126,5265845117,10011101,55.3
male,47.89315068,science,english,7,0,-0.79783041,10.3,1.821416993,14,-9.982032341,15.5,1.509443579,9.1,-1.065316082,13,-1.702863652,11011,4444444444,1235263254,2365622215,100001110,61.9
male,38.45205479,science,english,7,0,1.00084008,34.4,-0.490516869,9.5,1.062518434,30.2,0.988881462,26,0.975002063,20.8,0.707345034,11100000101,3422531545,3634122614,4626941352,101100110,120.9
male,40.84931507,science,french,7,0,-0.389429471,13.9,0.189437849,13,1.712441616,16.2,1.64726373,8.1,1.411681647,9,0.914279074,1010110110,2453132435,5123425136,5469865132,11110101,60.2
male,20.45479452,0,french,3,0,0.225944088,28.4,1.821416993,19.1,1.358342501,16.4,1.155430261,20.1,-0.194885085,36.8,0.873249752,1000110100,2245314221,2311662451,4534567594,101001010,120.8
male,26.92328767,science,french,6,0,-0.301972727,8.9,-3.040965737,8.6,-0.035433335,11.3,1.189778164,9.4,1.990685277,12.9,-0.039581671,1.0111E+11,3345321232,5123655144,4756281364,0,51.1
female,24.36438356,science,french,6,0,0.944802694,5.3,0.145914825,9.4,1.839781679,25.1,-0.257509003,7.9,0.448839311,8.5,0.624365901,1011111100,4321533452,5556346112,5462567811,10110001,56.2
male,40.35068493,science,french,6,0,-0.693076878,28.6,-0.688451355,11.3,0.900781559,17.7,0.517254417,17.3,1.049917279,12.9,0.217285005,1.11111E+11,5253415533,4546611634,6523517453,100011,87.8
male,33.04109589,science,french,4,0,-1.283928445,32.1,-3.040965737,15,1.550454755,32.2,0.578360829,18.6,1.990685277,15.1,-0.041078664,1.101E+11,4315524311,4531136312,8536275918,0,113
male,45.0109589,science,french,7,0,-0.088630552,7.9,0.20659518,9.5,-9.116666283,21.2,-0.151601561,10.1,-15.15284495,7.6,-4.860629634,11110100101,3444444444,2532666411,3333333333,101000110,56.3
male,42.37260274,science,french,6,0,1.390181916,7.3,-0.596190895,22.6,1.480481662,11.8,0.596091782,10.5,1.429516961,10.2,0.860016285,1011100111,4213545532,1533541662,8565741286,1101110,62.4
male,35.52054795,science,french,6,0,-1.616294023,16.3,1.821416993,18.8,0.119730474,16.4,0.80576905,19.4,1.480073293,9.7,0.522139157,1.0001E+11,4355522344,1314532356,6524587931,100011110,80.6
male,47.08493151,science,french,5,0,-1.172615508,11.7,1.336502127,6.2,1.779919421,11.4,-0.212842584,7.3,1.639527355,7.9,0.674098162,1.01011E+11,3425124351,6254262261,8435942867,101110,44.5
male,48.80821918,science,french,7,0,-1.829675181,12.9,0.20659518,8,1.999093406,16.4,0.269339686,8.9,0.114071825,11,0.151884983,11000000000,3241534214,4241342135,7248275884,10110011,57.2
male,24.41917808,science,french,7,0,-0.818235958,23.6,-3.040965737,17.9,1.81224127,17.9,1.661129247,14.7,1.575640625,13.3,0.237961889,1.10001E+11,4523134452,2512636415,5681293659,0,87.4
male,33.16438356,science,french,6,0,-0.772733834,6.6,0.145914825,4.7,2.261006722,9,2.469090631,5.5,1.925838252,8.3,1.205823319,10010100110,4325314235,2563145236,5326485791,101001110,34.1
male,39.25479452,humanities,french,6,0,0.374697463,6,0.089538752,11.5,-9.982032341,14.5,0.969660841,13.9,1.19353171,14.2,-1.470920715,11101001011,2222222222,1143261625,1527945332,1111101,60.1
female,28.38082192,other,french,4,5,0.517184144,11.2,1.821416993,10.3,1.20753341,16.2,1.386894363,10.9,0.845279312,13.2,1.155661645,11000101101,4225434123,5542261543,5374895538,101001010,61.8
male,25.01643836,science,french,6,0,-0.973890826,12.9,-0.252960072,22.5,1.856580389,25.7,0.942357559,11.6,1.155959787,11,0.545609367,101001010,1324523143,5215136422,5214765233,101110101,83.7
female,22.83835616,other,french,6,4,0.517184144,11.1,0.20659518,7.1,1.943868759,16.9,2.01182686,9.8,1.925838252,9.6,1.321062639,10010111001,2315435241,1256435123,4587231697,10110011,54.5
male,45.03013699,science,french,6,0,0.665394272,16.7,-0.956960541,25.8,-9.982032341,25.9,-11.37692329,7.2,1.394049711,11.3,-4.051294438,110101110,1111111111,1111111111,3564173649,11101101,86.9
male,29.07945205,humanities,french,6,0,-1.482841831,9.1,-0.678035429,22,-0.908074842,11.2,-0.501274325,11.3,-0.020585649,15.7,-0.718162415,1.00001E+11,2443323433,6655654236,4147762881,1000110,69.3
male,32.43835616,science,french,6,0,2.282238792,7.8,1.821416993,21.4,0.700334269,18.9,1.883502543,11.9,2.072312735,15.3,1.751961066,11010001110,3453251232,5265143625,5618297463,101011010,75.3
male,43.28767123,science,english,7,1,0.345809681,6.1,1.269405268,16.3,1.142989148,8.5,0.763061007,11.4,1.161206345,10.5,0.93649429,1.11011E+11,2425135522,4323345612,8642853945,1100001,52.8
male,37.76986301,other,other,6,3,0.004816004,14.9,-1.932211616,18.5,0.041378052,21.4,-0.36816691,12.9,1.351863523,12.7,-0.180464189,1110101,3243343532,1425131511,1424576398,1000000,80.4
male,39.94246575,science,french,6,3,-0.610967186,30.8,0.35618483,12,1.450975776,17.6,1.030350436,14.7,2.073961189,10.5,0.860101009,1010110100,4243155241,5232451621,8652479156,101110001,85.6
male,25.23013699,science,french,6,0,0.972396797,8,0.35618483,7,-6.210054124,13,1.509443579,9.6,1.267609176,9.5,-0.420883948,1011011001,3453333333,4251325624,7534645289,101110001,47.1
male,34.02465753,humanities,english,7,0,1.907453695,16.1,0.35618483,25.1,-2.894613652,29.2,1.197249887,13.2,1.928087889,16.7,0.49887253,1011100101,2241355555,2654412633,9682417853,1110101,100.3
male,37.30410959,science,spanish,6,0,0.119853202,28.3,-0.179909136,45.2,-0.57592281,28.3,0.901370105,48.3,0.682756775,26.9,0.189629627,11110101101,4243243451,6544614351,7582593362,11001100,177
male,11.0109589,0,french,1,NA,-1.527003245,20.6,0.068744507,42.7,1.672537094,35,0.963312434,42.3,2.244683152,19.9,0.684454789,1.01001E+11,4132152334,6354563124,5269873415,101010101,160.5
male,73.04931507,science,french,6,0,0.014702021,10.1,-0.956960541,13.6,1.554951183,15.6,1.819607204,9.8,1.925838252,11.7,0.871627624,11101001010,3412253412,2352143652,5241865739,110101101,60.8
male,34.37808219,science,english,7,3,-1.04918793,12.8,-3.040965737,6.5,1.856580389,19.8,0.893315326,14.6,1.737525752,5.4,0.07945356,10101011001,2134152435,1536642436,7541265981,0,59.1
male,27.69041096,science,french,6,0,1.266754339,19,0.20659518,33.4,0.951605669,21,1.347400584,14.8,0.545492851,6.5,0.863569724,1011001111,4322134421,1534356451,5645178745,101000110,94.7
male,28.06027397,humanities,french,5,0,1.19276816,19.5,1.773448729,26.7,2.043668414,16.9,1.059452133,23,1.742176632,11.1,1.562302814,101100011,2354312453,3165232246,5432871698,100010110,97.2
female,64.58082192,science,french,6,0,-0.21316844,23.3,-0.47314368,17.7,1.779919421,20,1.09612459,16.9,0.709822349,13.7,0.579910848,1001110101,5312243514,1526125136,4922355619,100110000,91.6
male,49.23835616,science,french,6,0,0.727732527,16.2,-0.956960541,11.3,-9.982032341,20.4,1.032567577,38.5,1.516012755,15.5,-1.532536005,1111100111,1111111111,5363415226,5743596842,111001110,101.9
male,44.1369863,science,french,7,0,1.435280313,26.8,1.773448729,24.7,0.579382595,42,0.034877417,60.1,0.576177123,12.9,0.879833235,11100100111,4154524112,1513323435,6824659962,10100111,166.5
male,50.09041096,science,french,7,0,0.331697441,19.8,0.35618483,22.6,1.992844304,23.1,1.924978014,18,1.820832402,19.4,1.285307398,1011101011,4352134512,2534621524,5241856972,101110001,102.9
male,40.37260274,other,french,7,0,-4.415494561,35.1,1.821416993,16.6,1.653019665,25.7,1.976435169,10,-15.15284495,12.7,-2.823493538,0,2345135452,1562435316,8888888888,10011101,100.1
male,29.31232877,science,french,7,0,0.331697441,9.7,0.35618483,5.9,0.413269627,7.5,0.867454272,15.3,0.376606343,8.7,0.469042503,1011100110,3415344152,5362551466,5386545175,11010101,47.1
male,47.54246575,science,french,6,0,0.665394272,11.9,0.20659518,14.8,0.496842259,24,1.451310043,19.1,1.263209472,19.4,0.816670245,110101110,3225341544,5326546124,4257495618,101001100,89.2
female,17.64931507,humanities,french,4,1,0.794580957,10.7,0.089538752,9,1.974269126,18,1.153008935,19,2.143107142,14.6,1.230900982,110111100,4253123451,6253152434,8526937415,101111100,71.3
male,60.04109589,0,french,0,0,0.165508595,14.1,1.269405268,6.9,1.697338515,29.2,1.843225955,6.5,0.285521996,11,1.052200066,1.1001E+11,4413523412,5236412526,1923564562,110011110,67.7
male,26.33972603,science,french,6,0,-0.273308918,11.1,1.773448729,9.6,-9.982032341,17.4,0.915578984,15.4,1.378719238,11.6,-1.237518862,11011101000,1111111111,4421642513,7543796527,10001111,65.1
male,45.85479452,other,french,7,0,-1.616294023,13,0.781777371,10.1,-9.982032341,16.1,1.043706509,10.9,-7.238689615,6.5,-3.40230642,1.0001E+11,4444444444,2235241253,9999996587,101100000,56.6
male,50.33150685,science,french,4,0,-0.336596018,20.8,0.068744507,19.1,1.591473532,17.6,1.596463222,8.3,1.081819798,8.8,0.800381008,11010011010,2432251423,2653244165,4633589715,101010101,74.6
male,37.30958904,science,french,6,0,-0.140475941,17.2,-0.596190895,11.8,0.507145898,41.8,0.635578899,38.3,0.469152551,15.6,0.175042102,1001010110,2554245121,5415212234,9552675719,110101001,124.7
male,39.76986301,science,french,6,0,-1.616294023,16.2,-0.596190895,18.1,1.624263859,31.2,0.919665418,17.2,1.360807032,10.3,0.338450278,1.0001E+11,5423314254,2241625443,8569332416,1011100,93
male,43.47123288,science,other,7,0,-1.417663558,15.9,-1.932211616,16,0.892494277,19.1,0.223896324,14,1.118389909,17.1,-0.223018933,1.111E+11,4512525342,5356221323,9846798354,111111110,82.1
male,39.68219178,science,other,6,0,-0.189567147,29.2,0.145914825,22.4,1.992844304,21.4,0.783323363,16.7,2.072312735,10.9,0.960965616,1.10111E+11,3425143215,3563215441,6248591327,1110010,100.6
male,23.66575342,science,french,6,0,0.165508595,17.5,0.723053306,10,-9.982032341,4.6,0.382910129,33.6,-15.15284495,6.8,-4.772681053,1.1001E+11,3333333333,1231245314,5555555555,1111,72.5
male,30.10684932,science,french,7,0,-0.79783041,8.7,0.35618483,14.1,1.90242921,11.4,1.827435724,11.9,1.175323261,9.4,0.892708523,1.1011E+11,2413542341,2346124351,5263549571,10101001,55.5
male,34.02465753,science,english,6,0,-1.616294023,7.7,0.446237926,4.2,0.486616856,23.3,1.170047244,9.7,0.561844017,9.8,0.209690404,1.0001E+11,4335211134,1535266142,6817114938,101100100,54.7
male,43.31506849,science,french,7,0,-0.590539089,25.1,0.35618483,17,1.657872568,26.3,1.271620277,22.8,1.925838252,9,0.924195368,1.10101E+11,4314235124,5124526331,5217485693,100101010,100.2
male,29.42739726,other,french,6,0,-0.526397725,11,-0.596190895,14.5,0.721997134,17.8,1.64726373,7.8,2.113637588,23.5,0.672061967,1.00101E+11,3432154244,4521365321,5139862541,110101001,74.6
male,59.15068493,science,french,7,1,-0.251212237,61.9,0.35618483,69,1.986624066,52.8,0.815229188,51.8,1.523359746,42.8,0.886037119,1.11101E+11,1425535241,4255341366,9426838741,101011100,278.3
male,36.74520548,science,french,6,0,-1.264208577,11,0.20659518,12.5,1.707388405,14.8,0.705737842,8.3,1.39697444,9.5,0.550497458,1.0101E+11,3452124532,1234562345,4562354769,11000101,56.1
male,53.42465753,science,french,5,0,0.727732527,22.6,-0.791814807,17.9,0.977755599,23.5,-0.146850541,15.8,-0.078232136,13.1,0.137718128,101111010,2331243254,1141633252,5224856242,101100111,92.9
male,8.646575342,0,french,1,0,0.817983063,24.1,1.821416993,41.1,0.026819218,26.1,2.099670154,24.6,2.054701956,27.9,1.364118277,1100011,2353432443,4251634251,2581463978,110001100,143.8
male,14.56164384,0,french,2,3,-0.414755268,12.1,1.773448729,13.4,0.688448234,28.1,1.839261591,13.4,2.143107142,29.5,1.205902086,1011110111,2415552231,5342611254,6532971485,100010110,96.5
male,30.18630137,science,french,7,0,0.213536737,8.3,0.35618483,11.3,1.197134292,18.5,1.328065664,8.4,1.628205142,9.8,0.944625333,11000111101,2341125322,2462153451,8426325478,10001110,56.3
male,13.34246575,0,english,3,0,0.331697441,4.4,0.35618483,9.2,-9.982032341,3.9,1.0868656,6.8,0.164571907,10.7,-1.608542513,1011111,1111111111,3354412633,8865451997,10001110,35
male,69.90410959,other,french,7,0,1.532668597,11.7,1.336502127,45.1,1.193685689,23.6,1.372660604,11.4,1.40926542,15.5,1.368956487,1011100001,4351243221,5156443615,4587642163,1010111,107.3
male,67.08767123,science,french,7,3,-0.590539089,41.7,-3.040965737,31,1.633781065,30.4,1.616561738,37.5,1.289797464,23.3,0.181727088,1.10101E+11,5354221354,3521436453,6745947683,0,163.9
male,15.73972603,science,french,4,0,0.588321834,9.2,0.35618483,6.9,1.968133903,9.9,2.104450512,5.6,0.813294091,6.3,1.166077034,11011001001,3524125342,2534163522,5245668193,1110101,37.9
male,19.76712329,science,french,4,1,1.060495216,13.6,1.821416993,14.3,0.881523308,20.4,1.398386989,9.7,1.27226693,10,1.286817887,11010001011,2351432243,2433516244,5736485152,1110011,68
male,17.44383562,0,french,3,0,-0.420979762,6.2,0.20659518,11,0.41907012,10,-0.269763241,5.7,-0.68204851,8.9,-0.149425242,1.1111E+11,3413452433,5223516316,3223688799,110000101,41.8
male,16.08493151,0,french,3,3,-0.336596018,16.8,1.821416993,5.2,-0.590650821,12.2,1.728942847,8.6,1.496731682,8.6,0.823968937,100101110,3233343154,1534526514,5586397458,101011010,51.4
male,29.2,science,french,5,0,-2.585232015,13.4,1.821416993,28.9,-9.982032341,13.9,1.843225955,17,1.641240652,19,-1.452276151,1011101010,1111111111,3264535142,1625342957,110011100,92.2
male,67.99178082,other,french,4,0,-1.417663558,30.3,-3.040965737,10.7,0.761390921,17.5,-0.253987907,13.1,1.742176632,11,-0.44180993,1.111E+11,3452214333,5353615465,8965412374,0,82.6
male,19.57808219,humanities,french,4,5,1.435280313,11.2,0.285179156,10.2,0.873353339,11.1,2.168135226,6.5,0.981803241,5.4,1.148750255,1101011100,4253142342,2643152546,5415875623,1000101,44.4
male,27.52054795,humanities,french,6,4,-0.140475941,15.8,0.35618483,10.8,0.532201115,26.7,0.538883034,14.8,0.819968235,15.6,0.421352255,1010011011,3531423421,3554112466,5618496842,11100010,83.7
male,53.84931507,science,french,4,0,0.177283707,10.1,0.35618483,21.5,1.582249666,13.1,0.798246911,9.7,1.43523525,12.5,0.869840073,1101011011,3445231432,5523446121,5478223945,100101010,66.9
male,66.32054795,science,french,7,5,-1.482841831,56.9,-3.040965737,20.8,1.331369487,21.4,1.421660564,18.7,1.86630319,14.7,0.019105135,1.00001E+11,5413451524,3253126134,6173598123,0,132.5
male,6.02739726,0,french,1,0,-0.693076878,19.2,0.068744507,23.2,1.72260528,66.7,-11.37692329,19.2,-15.15284495,16.2,-5.086299068,1.11111E+11,5423154123,3333333333,7777777777,101010101,144.5
male,71.43561644,science,french,6,0,0.331697441,15.4,1.821416993,10.7,-7.937874665,20.5,1.194754859,12.5,1.132231691,14.5,-0.691554736,1011100110,4411111111,5245513462,5675286453,101011010,73.6
male,34.68219178,science,french,6,0,0.41979586,13.3,0.781777371,27.8,-0.363850366,17.4,-0.27671758,30.7,1.132904607,13.9,0.338781978,1011011110,5224453111,2326231556,5624589415,100101,103.1
male,28.36164384,science,french,6,2,0.153881601,14.2,-0.984117278,11.2,1.568531255,18.7,1.250704719,18.1,0.981803241,10.2,0.594160708,1011101110,4232531243,5652316524,4196736256,11011111,72.4
female,64.05753425,0,french,6,0,0.706482538,22,0.068744507,10.6,-0.159505188,27.8,1.33631923,10.6,0.348659242,16.1,0.460140066,10000110010,5533122245,1526321463,4586385158,10101010,87.1
male,44.17808219,science,french,5,0,0.374697463,16,-0.596190895,24.6,0.709919214,23.5,1.322590321,22.5,1.480635055,15,0.658330232,10111110,2431245243,1655236461,4582573419,1101110,101.6
male,70.01369863,science,french,6,0,-0.693076878,31.9,-3.040965737,15.7,-9.982032341,12.4,1.311703758,13,-0.196310332,11.5,-2.520136306,1.11111E+11,5555555555,1653445215,5656279134,0,84.5
male,26.49863014,science,french,7,0,0.451132209,11.1,-0.688451355,7,1.056283797,18,1.583223475,23,1.04842958,23.7,0.690123541,11100111001,2454123255,4315246423,4259287185,11011101,82.8
male,57.85479452,science,other,7,0,0.665394272,17.5,0.35618483,17.6,1.541506688,47.6,1.232657638,23.7,0.351093005,19,0.829367287,1110101110,1432254112,5416331242,1537548533,1110101,125.4
male,52.26027397,science,french,6,0,-0.014644373,14.1,0.35618483,20.6,1.662743022,15.4,1.372660604,9.1,1.315966466,10.5,0.93858211,1001101100,1535214253,1521645315,1743721965,1110101,69.7
male,40.94246575,science,french,6,0,-0.61600444,12.1,1.466399166,7.9,2.110020704,12.1,1.487742783,10.9,1.467905187,13,1.18321268,10100111011,3512452135,4265163251,8517442365,110001110,56
female,19.88767123,humanities,french,4,2,-0.004965397,3.7,-0.678035429,9.1,0.789158483,10.9,1.404169042,5.9,0.10885681,8.5,0.323836702,10001000111,2331552411,2214635224,6545628958,110000001,38.1
male,66.30410959,other,french,5,5,0.451132209,25.6,0.781777371,27.1,0.873353339,19.9,1.85518717,12.2,1.92434031,15.6,1.17715808,110010110,2412451324,4252135642,4576821356,110111100,100.4
female,14.59726027,0,french,2,0,0.345809681,27.1,-0.47314368,20,1.692341555,22.6,1.788725653,17.8,2.054701956,12.5,1.081687033,1101101011,2341523145,1436214563,1458769235,111100110,100
male,47.08219178,science,french,6,0,-0.693076878,20.1,-0.678035429,14.3,-9.982032341,17.9,0.728741728,14.8,-1.950998959,14.9,-2.515080376,1.11111E+11,4444444444,3125612533,8695278888,110011011,82
female,53.60273973,other,french,5,2,0.588321834,64.8,0.20659518,21,1.484750062,42.4,1.457316401,20.4,1.771226882,21.3,1.101642072,101000110,3453241345,5425166235,1856729645,11000101,169.9
female,17.53424658,0,french,3,0,-1.283928445,24.1,1.821416993,37.9,1.139676282,24.6,1.560352362,28.6,1.195516253,11.4,0.886606689,1.101E+11,5144132512,3526342615,8246585391,110001100,126.6
male,62.93972603,science,french,6,0,0.290609175,22.9,1.773448729,31,0.937294386,31.2,0.594470522,27.5,-0.196310332,12.4,0.679902496,1001011100,1325341345,3445621224,6464315728,1101011,125
male,40.24383562,science,french,6,1,-0.520846154,10.6,1.226951829,10.9,-7.823521473,15.8,0.78518009,11.9,1.376879245,9.5,-0.991071293,1111010,2311111111,6633522641,5426581725,110101110,58.7
female,66.39178082,humanities,french,5,0,-4.415494561,7.4,0.723053306,23.4,0.695567258,12.2,1.583223475,10.3,-15.15284495,8.8,-3.313299095,0,2341523444,1523645562,4444444444,111011000,62.1
male,61.15342466,science,german,6,2,0.131057385,22.7,-0.688451355,22.8,0.232963447,14.2,-0.481202615,9.4,-1.565737032,15.2,-0.474274034,10011110010,5345111434,5524633111,5229943888,100011,84.3
male,36.6,science,french,6,0,0.317797423,28,-0.791814807,10.6,1.106988293,42.5,0.413877469,27.6,0.767896152,12,0.362948906,101011001,2411252145,5113655242,6146274125,101100111,120.7
female,30.37534247,science,french,7,0,-1.283928445,5.7,0.35618483,13.7,1.867897086,11.1,1.392628828,6.5,1.135149781,10,0.693586416,1.101E+11,2341354312,1523645141,5647513654,11100010,47
female,41.03561644,other,french,4,5,-0.315978053,13.3,-3.040965737,10.5,1.480481662,19.9,1.415805627,14.9,1.723820841,10.6,0.252632868,11010001001,5325134325,2341654113,5296478514,0,69.2
male,33.61643836,science,english,7,1,1.22902119,10.5,-3.040965737,5.9,1.149639428,10.2,1.100777259,6.9,2.021266031,7.4,0.491947634,1011110010,1251344213,2563356412,5624897236,0,40.9
female,32.92876712,science,french,6,0,-0.645664753,10.5,1.821416993,13.2,1.732846234,18.6,1.807946275,18,-15.15284495,11.8,-2.087260041,1011010110,4325341243,5241562341,4444444444,110001100,72.1
male,37.63561644,other,french,5,3,-1.098170716,10.8,0.35618483,47.8,-8.169085689,20.6,2.002894311,8,-15.15284495,6.4,-4.412204444,10100110101,3433333333,2563421652,5555555555,101011100,93.6
male,53.88767123,science,french,6,0,1.701194572,13.4,-0.791814807,16,0.036993852,28.9,0.741287549,9.8,0.67456182,15.9,0.472444597,101110100,2454521322,2554113342,3665142966,111100101,84
male,50.9260274,science,french,4,1,-1.911115705,10.5,0.446237926,15.5,1.409915307,15.3,1.570108338,12.6,0.388066752,10.6,0.380642524,110010101,4234451234,1512423165,5265875269,110110010,64.5
male,65.76712329,science,french,7,0,-0.251212237,7.5,1.336502127,39.8,1.914139537,10.1,0.435393176,8.1,1.509272769,16.2,0.988819074,1011011000,3345212435,1532246324,1568295643,110101000,81.7
male,40.15068493,science,french,6,NA,-0.061574949,22.9,0.068744507,7.8,1.301190542,27.9,1.51570639,16.2,1.454312297,10.9,0.855675757,111111100,4231542412,1655443162,5622387495,101010101,85.7
male,26.64657534,science,french,7,3,0.771756741,23.1,0.20659518,14.8,0.796831889,16.3,1.93342333,8.6,1.803081216,9.1,1.102337671,10011110011,2345123453,5234611523,5623814985,101100001,71.9
male,45.16164384,science,french,6,5,-3.495939066,23.1,0.35618483,10.4,-0.666301842,13,0.078943475,20.2,0.274536844,12.6,-0.690515152,1E+11,3445353445,6445113316,5247589933,110001010,79.3
male,33.70136986,science,french,7,0,-0.258636645,8.9,-1.556328377,8.5,1.667631154,7.9,0.735896932,4.5,1.5516305,10.6,0.428038713,1001111010,3154534231,5524133266,5267129437,10010,40.4
male,68.5260274,science,french,7,4,-1.283928445,12.3,-0.179909136,59,1.331369487,17.5,1.172498385,11.6,-0.226499926,22.4,0.162706073,1.101E+11,4223451254,5536514256,9695347348,11001100,122.8
male,38.11780822,science,french,7,0,0.317797423,11.1,1.821416993,16.6,1.186814862,13.1,1.904085974,8,0.149651777,13.5,1.075953406,10111001010,3425552143,2563214562,8542269965,10011101,62.3
male,68.21643836,science,french,6,0,-1.264208577,22.2,1.773448729,26.3,1.712441616,17.1,1.162719587,21.1,0.262734326,15,0.729427136,1.0101E+11,2451423215,5513642416,5425143549,100010110,101.7
female,66.80821918,0,french,3,0,-4.415494561,28.6,-1.298379402,28.6,-9.982032341,9.1,-11.37692329,17.6,-15.15284495,17.2,-8.44513491,0,1111111111,5555555555,2222222222,110101011,101.1
female,34.63287671,science,french,7,2,-0.818235958,29.1,1.466399166,16.5,1.463542079,18.4,1.481604126,12.8,2.072312735,15.2,1.13312443,1.10001E+11,2432521435,5366415324,3241769528,10101101,92
male,67.2109589,science,french,7,0,-1.083140568,16.6,0.20659518,22.1,1.541506688,18.1,2.099670154,8.2,1.820832402,12.4,0.917092771,10100101101,1532143245,1532641536,1528413975,101100001,77.4
male,68.63561644,science,french,4,0,-4.415494561,119.1,0.35618483,24.5,-9.982032341,26.2,1.93342333,31.5,-15.15284495,12.4,-5.452152739,0,5555555555,5621344562,5555555555,1101010,213.7
male,31.44383562,science,french,6,4,-0.772733834,6.4,1.466399166,5.2,0.870640994,11,1.407069091,6.8,1.922469921,6.5,0.978769068,10010100110,3214323154,5412136532,5426178423,101010010,35.9
male,67.29589041,0,other,3,0,0.119853202,27.8,-3.040965737,4.1,2.245875337,13.9,1.214841303,8.9,0.58465233,21.6,0.224851287,1010110001,3241551342,2535146236,5526587923,111111111,76.3
male,35.2,other,french,4,0,0.213536737,29.4,0.068744507,15.5,0.690817063,34.2,1.5251537,16.5,2.054701956,14.4,0.910590792,1011000101,2424531425,5241536426,6128943675,10101010,110
female,57.42465753,other,french,5,5,-1.527003245,19.3,1.036960055,21,0.741549986,26.6,1.174953844,14.5,0.015912404,10.3,0.288474609,1.01001E+11,4213511352,1524662563,5417799332,110101010,91.7
male,68.89041096,science,french,5,0,-4.415494561,20.5,-3.040965737,13.3,1.559462675,9.9,-0.564756119,7.3,-0.470035847,9.8,-1.386357918,0,1423215432,5415466651,5566897783,0,60.8
male,68.67945205,0,french,2,0,-0.693076878,64.1,-2.438154003,22.9,-9.982032341,15.2,-11.37692329,23.6,-15.15284495,14,-7.928606294,1.11111E+11,1111111111,4444444444,6666666666,111101111,139.8
female,37.20273973,science,french,4,0,-0.693076878,40.1,-1.932211616,13.5,1.430289055,20.1,0.703983943,20.9,0.977333425,12.8,0.097263586,1.11111E+11,3534123455,4366533641,8568742914,1000000,107.4
female,42.09041096,science,french,6,0,-0.033703477,9.6,1.336502127,9.1,-4.270502937,13.7,0.259112316,9.4,1.275215915,21,-0.286675211,10110001101,4235111111,1253615365,5281654758,1011101,62.8
female,37.20273973,science,french,4,0,0.41979586,11.1,0.35618483,6.6,1.249952006,16.7,0.650679898,10,1.3890109,16.8,0.813124699,1011111010,3243115452,1445236225,8574426931,101110001,61.2
male,67.4,science,french,7,0,0.290609175,19.2,-0.179909136,23.2,1.992844304,34.2,1.743649822,30.1,0.498940104,14.9,0.869226854,110110101,2453122435,4215236254,1549628362,1011110,121.6
male,19.70684932,other,german,4,4,1.907453695,10,0.35618483,31.2,0.10124031,24,0.433948414,12.8,1.600181215,13.1,0.879801693,1011100101,2351223514,4214236214,5427513849,11100010,91.1
male,21.32876712,science,french,5,2,-0.157131054,16.2,0.35618483,20.5,0.799399438,24.1,1.306292206,10.9,1.125518581,13.4,0.6860528,1100011000,2241254223,1536245365,8672564367,101011100,85.1
male,60.58356164,0,french,3,0,-0.5696493,15.2,1.821416993,23.4,1.873591298,20.6,2.163131727,12.2,1.925838252,10.1,1.442865794,1001100110,2513424512,4153625441,7358196428,100011110,81.5
male,65.42465753,science,french,6,1,-0.818235958,21.9,0.145914825,51.1,-0.574996939,33.3,-0.016225866,30.9,1.404176862,35.1,0.028126585,1.10001E+11,2321322254,6336612353,6422385674,1110010,172.3
male,67.34246575,science,french,5,0,1.701194572,11.9,1.452177581,27.1,0.345545236,13.7,0.153663015,8.2,-9.699996884,7.7,-1.209483296,1011101000,2431545553,4233562665,5555559999,101101,68.6
female,60.48219178,science,french,7,3,-0.526397725,31.5,-3.040965737,7.9,1.61953036,27,2.552403477,13.3,1.925838252,12.2,0.506081726,1.00101E+11,4352415354,5316243615,4162578932,0,91.9
male,55.45753425,0,french,3,4,0.119853202,13,0.568657951,22.5,0.827970364,25.3,1.863218736,17.1,1.321659356,11.5,0.940271922,11101100101,2543255412,2556432154,4315262735,11001000,89.4
female,59.62739726,science,french,4,0,-0.683787013,23.3,0.068744507,17.7,-9.982032341,15.7,0.723399333,11.2,-15.15284495,8.3,-5.005304094,10101111011,2222222222,5236321422,8888888888,10101010,76.2
male,64.63013699,science,french,6,0,0.331697441,10.5,0.35618483,14.7,1.63856501,20.6,1.773537787,10.3,1.651560494,11.1,1.150309112,1011101011,3424511325,1523441652,4286974836,1110101,67.2
male,24.51506849,science,french,6,0,1.435280313,9.9,-0.678035429,21.7,0.812311129,15.4,1.395504934,18.5,1.356264005,19,0.86426499,110011110,3134245352,2143266215,5453982614,11011110,84.5
female,24.21917808,other,french,4,3,0.972396797,17,0.35618483,10.9,1.290045548,31.9,1.133788314,23.8,1.678303867,11.2,1.086143871,1011110110,4324541312,2352451562,5261857239,1110101,94.8
male,48.87945205,science,french,6,0,-1.283928445,7.4,0.35618483,9.4,1.062518434,12.4,0.581567902,16.5,1.576537088,9.6,0.458575962,1.101E+11,3425243115,2251562455,8369475463,10101100,55.3
male,28.83561644,humanities,french,6,1,-0.526397725,9.7,0.35618483,14.5,1.648184187,26.7,1.739958501,9.9,1.946203798,11.9,1.032826718,1.00101E+11,3154225321,4362531263,8469374168,100011101,72.7
female,21.52876712,other,french,4,3,1.19276816,12.4,0.35618483,21.7,-0.10021596,21,0.542000425,21.1,0.746954181,11.8,0.547538327,11111001100,2321454535,4512445652,5388997456,110001010,88
male,41.85205479,science,french,6,2,-0.445466857,30.2,-0.688451355,33.4,1.732846234,19.6,1.439374442,16.3,0.881749844,16,0.584010462,11101001001,3542412153,5452613354,5549853126,100100010,115.5
male,65.42739726,science,french,6,0,-0.39582627,9.3,0.35618483,12.5,-0.293805044,18.5,1.671619683,9.8,1.484150701,12,0.56446478,10011011001,4452133322,2165324155,5327794185,101011100,62.1
male,69.50684932,science,french,7,1,0.665394272,30,0.35618483,68.6,1.662743022,20.5,1.466374762,27.7,1.585680762,24.7,1.14727553,1011001110,3244152345,3623461543,3542519683,100011101,171.5
male,38.89589041,science,french,6,0,0.290609175,9.5,-0.688451355,18.4,-9.982032341,15.5,0.934063052,9.6,-0.407193263,15.7,-1.970600946,1110100100,1111111111,4352113251,6735156575,111110001,68.7
male,53.28219178,science,french,5,5,-1.674032116,20.5,-0.596190895,15.5,-0.262633198,30.7,1.699986524,16.8,-9.913096966,9.6,-2.14919333,110110110,1351315451,2532165412,5555555621,11101100,93.1
female,71.51506849,science,french,6,0,-1.04918793,19.9,0.446237926,28.2,1.999093406,15,1.879422092,10,2.112791718,20.5,1.077671442,10010101101,3425321435,1563214562,9654123589,111000001,93.6
male,26.59452055,science,other,6,0,0.404517268,15.8,1.773448729,24.3,1.537054852,23,1.199749391,27.4,1.383856506,10.3,1.259725349,1.1101E+11,2455314322,3261245534,5714468532,110101,100.8
male,28.59726027,science,french,5,0,-0.789540366,30.2,-3.040965737,18.3,-4.059034733,18.7,1.472446549,7.7,-0.196310332,10.1,-1.322680924,10000111101,4444423444,1525365413,4545268391,0,85
female,57.1890411,other,french,6,0,-0.79783041,34.7,-3.040965737,37,1.885052465,43.9,0.959096174,23.8,1.030897967,16.9,0.007250092,1.1011E+11,2314534211,2154254632,2534182534,0,156.3
male,76.70958904,science,french,7,0,-4.415494561,9.6,0.145914825,22.5,1.484750062,22.6,1.424597284,14.3,1.700004293,15.7,0.067954381,0,4533221254,5261443261,4562985721,10110001,84.7
male,58.9890411,science,french,6,4,-0.088630552,13.3,-0.596190895,12.8,0.94873122,19.6,1.140965014,11.6,1.381351602,18.5,0.557245278,11110100101,3453321344,2535462115,5621485629,1010110,75.8
female,53.43561644,other,spanish,5,2,-1.616294023,15.9,0.068744507,13.9,0.693190066,18.8,0.832420985,13.9,2.054701956,15.6,0.406552698,1.0001E+11,2223314523,6256436114,8254639715,10101010,78.1
male,18.23835616,science,french,4,0,-0.693076878,18.1,0.20659518,22.7,-9.982032341,20,1.093804069,24.7,1.441796436,16.8,-1.586582707,111111,3333333333,5426522341,5741236899,101000011,102.3
male,40.50410959,science,french,6,0,1.701194572,26.4,-0.688451355,34.6,0.33458171,41.8,1.052682211,30.7,1.234672914,12.4,0.72693601,1011101000,1442145125,2511426516,1125468275,110001000,145.9
male,56.42191781,other,french,6,0,-0.590539089,12,-0.688451355,16.7,1.758794611,25.2,0.961202709,11.2,1.587937513,17.9,0.605788878,1.10101E+11,2544123514,2253624435,5814627855,101110110,83
male,69.72876712,science,french,7,0,-2.549336953,28.3,-0.596190895,32,-9.982032341,28.6,1.308995355,19.2,0.049948144,12.1,-2.353723338,10100,3333333333,1526124435,9467546495,100101011,120.2
male,65.48493151,science,french,7,0,0.944802694,11.1,-0.596190895,7.2,1.342863261,16.2,1.082259074,16.5,-0.24179157,15.6,0.506388513,101101001,4352313354,2625346165,5529861676,110101001,66.6
female,34.66575342,0,french,3,0,-0.693076878,16.8,1.821416993,8.5,-9.982032341,21.1,1.043706509,15.4,-15.15284495,13.6,-4.592566134,1.11111E+11,2222222222,2254461356,3333333333,10011101,75.4
male,67.42739726,science,french,7,5,-2.208056913,37.3,-3.040965737,16,1.022499883,53.9,1.904085974,15.4,1.251537765,14.4,-0.214179805,1.1E+11,5134521345,1524136521,1253619657,0,137
male,63.56438356,science,french,7,0,0.404517268,8.1,-3.040965737,10.9,0.681366645,15.8,0.671072549,11.1,0.243808445,11.7,-0.208040166,1.1101E+11,4543332514,5611241136,8522491744,0,57.6
male,38.12328767,science,french,5,0,-3.531128974,8.5,1.821416993,5,1.331369487,16.6,2.316066587,12.7,1.079000547,12.5,0.603344928,10101010101,3251234512,1456235614,5562478941,10100101,55.3
male,22.56986301,science,french,5,3,0.374697463,6.7,0.35618483,22.3,1.103762712,13.3,1.322590321,11.8,2.244683152,9.1,1.080383696,1011010001,2431542342,1232564421,4236589714,10100011,63.2
female,44.63287671,humanities,french,5,1,1.060495216,11.5,-1.474774505,7.3,0.641926196,12.2,0.072244073,9.2,2.06594152,8.8,0.4731665,1011101001,2223451123,5242613213,5641238567,1010000,49
male,71.49863014,science,french,6,0,0.213536737,10.2,-3.040965737,11.2,-0.369256551,18.7,1.199749391,15.7,2.171391676,14.8,0.034891103,10000111001,3214522223,2514513625,9576231895,0,70.6
male,39.75890411,science,french,7,0,-1.527003245,5.7,0.189437849,37.9,1.550454755,12.4,1.714389473,4.4,-15.15284495,6.2,-2.645113225,1.01001E+11,5432145542,3456235426,9999999999,110011101,66.6
male,86.9260274,0,german,2,2,-4.415494561,10.9,-2.023993528,7.3,-6.056616045,9,-2.074801707,6.7,-15.15284495,6.1,-5.944750159,0,3332333333,2563256325,8888888888,111111101,40
male,43.69041096,science,french,6,4,0.626054983,17.7,1.821416993,28.2,1.471985236,23.9,1.959070795,21,1.877701333,16.4,1.551245868,10001101011,3253412245,5261235416,4259615782,110001100,107.2
male,16.99726027,0,english,3,0,-0.088630552,9.3,1.773448729,7.5,1.007419332,14,0.743089066,9.1,-0.033934658,8.3,0.680278384,110001110,5113224533,5114232256,5224217518,110101100,48.2
male,49.88219178,science,french,6,0,0.389487119,25.5,1.773448729,38.9,0.679014366,33.1,-1.144724387,37.9,0.117907379,27.1,0.363026641,1010001101,4354242345,5245216661,5218952256,11101001,162.5
male,46.65205479,science,french,7,0,-1.345258789,13.7,-0.596190895,6.6,0.424895705,29.6,1.145770098,17.3,-15.15284495,8.5,-3.104725767,1110101010,1231513514,1553621134,5555555555,11001110,75.7
male,62.34794521,science,french,4,0,-0.693076878,7,1.821416993,8.8,0.026819218,10.5,0.038134465,7.9,0.328792219,6.4,0.304417203,11001011001,3222415531,1236512365,5223147419,110011100,40.6
male,76.17534247,science,french,7,1,1.22902119,179.4,1.821416993,10.6,0.035535618,104.8,0.515722286,32.3,0.548103594,66.3,0.829959936,1011000110,2513325125,3536135126,1261588935,10110101,393.4
male,49.91232877,science,french,7,0,1.00084008,42,1.452177581,29.9,0.639641753,29.9,1.25590425,29.2,-0.150918395,26,0.839529054,1001111101,1234512345,4163452336,4625637556,11000011,157
male,67.03287671,0,french,6,4,0.213536737,10,0.285179156,15.9,1.159676834,11.8,0.723399333,11.2,1.435780953,15.6,0.763514602,11000111101,1143513324,5523561236,5627241536,100000101,64.5
male,42.86027397,science,french,6,0,0.225944088,33,0.35618483,15.5,0.490697705,50.2,0.160766546,38.8,1.376091347,22.1,0.521936903,1011000100,3432452325,1252132214,9639521834,1110101,159.6
female,41.66575342,other,french,6,0,1.306093628,11.1,0.35618483,10.7,0.686083564,17.7,0.867454272,7.8,0.049391398,10.1,0.653041538,10000010111,3143244331,2432526231,5226817144,101010011,57.4
male,26.75890411,science,french,6,0,0.331697441,18,0.35618483,17.1,1.850957503,17.8,2.099670154,29,1.841803015,13.3,1.296062589,11011100100,4231534521,5342156342,5234769143,110010101,95.2
female,60.16712329,science,french,6,4,0.534461914,13.8,1.773448729,11.5,-9.982032341,23.8,0.734104683,15.7,1.10687546,14.5,-1.166628311,11001111001,3333333333,2425126355,1266783642,1101011,79.3
male,35.98082192,science,french,5,0,-1.438529766,34.9,0.285179156,27.7,1.028579708,26.7,0.830500277,19.4,0.586542034,15.5,0.258454282,1.01101E+11,1452245133,5133146522,5187339813,100000101,124.2
male,72.34794521,0,french,3,0,0.500223415,70.8,-3.040965737,25.5,-1.024407194,24.7,2.048140914,24.3,2.143107142,34.3,0.125219708,1.10011E+11,4431254444,3546214352,6314857923,0,179.6
male,39.24109589,other,french,5,0,0.500223415,7,0.35618483,14.1,1.225045738,12.5,1.976435169,6.1,1.504700597,10.5,1.11251795,1.10011E+11,3412432512,5241563254,5842698247,11100010,50.2
male,25.87123288,science,french,6,0,1.060495216,13.9,0.35618483,17.5,1.920033109,24.2,1.404169042,19.4,1.242359744,10.3,1.196648388,11010001011,2345135124,6352431163,8624517164,110001010,85.3
male,55.0739726,0,french,2,0,-1.417663558,31.7,0.20659518,19.6,1.610112986,27.1,1.384035956,18.6,1.423007565,10.5,0.641217626,1.111E+11,5452113245,3525314635,7457862395,110000101,107.5
male,21.50958904,humanities,spanish,5,1,-0.301972727,16.2,0.35618483,26.8,1.062518434,21.4,1.950469083,10.7,0.885855739,11,0.790611072,1.0111E+11,3221524233,5362245136,8326591855,11010101,86.1
male,51.20273973,humanities,french,6,1,0.685710118,15.3,-1.400545805,13.2,1.275327598,15.9,1.503208791,12.3,2.143107142,9.1,0.841361569,1000101111,3453213453,5236412143,5623417896,100000001,65.8
male,31.31780822,science,french,6,0,0.165508595,10.4,0.145914825,9.3,-9.982032341,20.7,0.779617316,14,2.113637588,9.1,-1.355470804,1.1001E+11,2222222222,2535146651,5348672954,101001110,63.5
male,64.31780822,science,french,7,0,-1.283928445,12.7,1.466399166,20.7,0.110453658,25.7,1.100777259,19.8,1.30163759,32.8,0.539067846,1.101E+11,4234453313,3562536512,9546326137,10010101,111.7
male,67.18082192,science,french,6,0,0.570017597,9,-0.956960541,5.1,-6.361115805,10.5,-1.428996938,10.3,1.92434031,9.8,-1.250543075,11011110,3424444444,1532222152,4517869357,111001110,44.7
female,52.74246575,0,french,0,0,-4.415494561,13.9,-1.210243675,13.9,2.151460252,35.2,1.811822419,17.4,-15.15284495,8.9,-3.363060104,0,3452112345,5243631246,5555555555,10001000,89.3
male,31.29041096,science,french,6,0,-0.088630552,20.1,1.821416993,92.3,1.362240273,38.4,1.766005483,37.9,1.803081216,22.7,1.332822682,11010001101,1433245351,2653514256,4281629574,100011110,211.4
male,18.35068493,humanities,french,4,3,-2.585232015,4.4,1.336502127,18.7,1.362240273,18.1,-0.253987907,12,0.21479351,7.8,0.014863198,1011101010,4254131253,2443241355,5326238446,101110100,61
female,32.51780822,humanities,french,4,0,-0.759925309,32.1,1.821416993,13.3,1.896612013,23.3,2.099670154,8,1.336815676,10.4,1.278917906,1010111010,5345214135,1426531425,5285746219,101100010,87.1
male,42.43013699,science,french,6,0,1.347181894,20.2,-0.47314368,2.9,-1.540476348,15.3,0.151303195,17.1,-0.374025746,12.5,-0.177832137,1001100011,3243354444,5251125341,5725645156,11001111,68
male,71.73972603,other,french,6,3,-4.415494561,24.6,0.068744507,41.2,-9.982032341,9.2,-11.37692329,10.4,-15.15284495,11.8,-8.171710129,0,4444444444,6666666666,5555555555,10101010,97.2
male,29.7369863,0,french,3,1,2.40566637,10.3,1.336502127,20.6,0.086023436,13,1.550664214,9.2,-15.15284495,7.1,-1.954797762,111001011,3425122322,5354162533,5555555555,100110101,60.2
female,38.07671233,other,french,6,0,-0.336596018,21.8,0.20659518,11.9,1.925952587,15.8,2.099670154,10.3,1.707305978,8.3,1.120585576,11101001000,4312542132,3526431526,5247856941,10110011,68.1
male,50.71232877,science,french,6,0,-0.251212237,18.8,1.036960055,6.1,1.908271645,17.3,2.208823458,10.8,1.845533416,10.9,1.349675267,1011011000,2143521342,2415326514,4526871256,1010101,63.9
male,56.51506849,science,other,7,5,-4.415494561,12.5,-3.040965737,10.3,-9.982032341,10,0.482434705,28.4,-15.15284495,12.5,-6.421780578,0,4444444444,5312515366,7777777777,0,73.7
male,51.3369863,science,french,6,0,-0.251212237,8.3,1.821416993,16.4,0.09361038,23.2,-0.537697542,10.4,-0.270842861,12.4,0.171054947,1011011000,1134522333,5231523325,5254515782,11110001,70.7
male,63.06575342,science,french,7,0,0.665394272,12.2,0.35618483,29.8,0.617007958,34.7,-0.607806539,11.5,1.195866731,12,0.44532945,110101110,5234111554,5554223661,8562399412,10001110,100.2
female,31.98082192,other,french,5,2,0.866643444,13.2,1.821416993,9.8,-0.042328788,17.6,0.993188955,15.8,2.244683152,7.9,1.176720751,10011100010,3454253131,4163256616,9635271849,10001101,64.3
female,37.08493151,other,french,5,1,-0.301972727,18.4,-3.040965737,10.8,0.989542799,24.7,1.073091455,14.6,0.409839392,13,-0.174092963,1.0111E+11,4241253431,5613644355,5143558473,0,81.5
female,40.95616438,science,french,7,0,0.213536737,35.3,-0.490516869,25.6,0.954486267,11.4,-0.010989208,7.3,-10.14764171,12.2,-1.896224957,101101101,2451354254,1621634223,5295555555,100110010,91.8
male,NA,science,english,6,0,0.866643444,7.5,-0.791814807,5.8,1.001434082,24.7,1.19226429,6.5,1.556343784,7.8,0.764974159,10110000101,5434251253,4256533215,7865219623,111001101,52.3
male,59.25479452,science,french,6,0,-0.251212237,12.1,1.773448729,8.4,0.729296225,15.2,-0.509369517,10.5,-0.610057447,12.2,0.226421151,1100110011,3422345123,2541122666,8857711255,1101011,58.4
male,10.22465753,0,french,2,0,-1.283928445,19.7,1.821416993,21,1.316195478,23.1,1.796382117,15,1.625271812,18.6,1.055067591,1.101E+11,2345123435,1453162453,5647892418,10001101,97.4
male,56,science,french,6,1,-0.846067465,14.7,-3.040965737,12.7,1.790607406,23.3,1.895816081,8.4,2.043341365,13.8,0.36854633,10001101101,3452313425,2536241453,5326798512,0,72.9
male,57.03835616,science,french,7,0,1.306093628,9.3,-3.040965737,10.6,-1.89435326,20,1.728942847,10.6,-8.82839958,10.8,-2.14573642,11100101100,4123333345,1522465134,1114555555,0,61.3
male,45.86575342,science,french,7,0,-1.438529766,20.1,0.010229046,27.4,1.455151528,30.6,0.822843813,16.9,1.402840547,14.4,0.450507034,1.01101E+11,4324153243,5245322634,5674538426,111100,109.4
male,52.59452055,science,english,6,0,-0.910361982,11.3,-0.265943141,4.3,0.432702562,13.6,-0.683003795,7.6,1.778022105,9.9,0.07028315,1.011E+11,3421335444,5411256656,8523647956,101100101,46.7
male,35.59452055,science,french,5,0,0.727732527,15.1,-0.596190895,28.8,0.917510707,28.8,0.707493952,18.7,1.150844452,21.6,0.581478149,101111010,2124255132,2661352343,6494286317,1101110,113
male,56.73150685,science,french,6,0,-1.283928445,13.6,1.821416993,24.3,1.293750307,17.7,0.64730995,16.4,1.55016054,13.9,0.805741869,1.101E+11,5422134455,2521624336,4765582974,10011101,85.9
male,59.60547945,science,french,7,0,-0.39582627,16.9,-0.596190895,48.2,0.966070674,27.1,1.433444761,19.2,1.125741882,29.3,0.50664803,10011011001,4212542312,5462415635,4565784925,110001011,140.7
male,60.53972603,science,other,7,0,-0.79783041,21.3,0.145914825,21.3,1.149639428,28.3,0.830500277,15.6,1.549572947,13.6,0.575559413,1.1011E+11,4353142531,6635124423,5398654789,11100101,100.1
female,33.39178082,science,french,7,1,0.374697463,10.3,1.821416993,25.8,1.591473532,16.8,0.853725364,19.7,0.794704219,10.4,1.087203514,1001110100,4212324513,5465113463,8653785644,101110010,83
male,18.00821918,0,english,3,2,-1.283928445,14.7,-0.596190895,11.1,1.16303933,23.4,1.566848751,13.4,0.498940104,8.8,0.269741769,1.101E+11,4451342235,5336241526,3625369874,110100011,71.4
female,17.59452055,0,english,3,2,-1.283928445,11.4,-2.023993528,31.2,0.796831889,25.1,1.609829972,9.1,1.710725267,6.5,0.161893031,1.101E+11,5324153243,3561334256,5614359861,100000,83.3
male,18.65753425,0,english,3,0,-0.097475919,13.6,1.336502127,11.3,0.37710222,24.2,1.112477352,9,2.174028829,9.2,0.980526922,1.01111E+11,4513451234,6543662215,9687541269,11101000,67.3
male,15.79178082,0,other,3,0,-0.688443616,11.1,1.821416993,13.1,1.467757041,22,1.967725935,16.8,2.021266031,12.4,1.317944477,10010001101,3512314533,5623142613,8563247681,110001100,75.4
male,17.27671233,0,other,3,0,-0.818235958,18.6,1.466399166,10.8,1.001434082,21,0.07670676,8.3,0.031350404,17.5,0.351530891,1.10001E+11,5421253512,6554534154,8533115681,100011100,76.2
male,17.70684932,0,english,3,0,0.225944088,16.4,-0.678035429,15.4,-9.982032341,13.4,-0.274113768,11.2,-1.244258666,11.4,-2.390499223,11000111111,4444444444,5362666545,8778985688,100100001,67.8
male,16.74520548,0,english,3,4,1.347181894,14.7,-0.596190895,30.9,1.446812932,20,1.266361883,9.5,2.043341365,8.2,1.101501436,11000011110,4253421354,5324652353,8347615894,110101001,83.3
female,17.35890411,0,other,3,3,-4.415494561,45.1,-0.265943141,18.5,0.846472625,21.8,2.316066587,11.8,0.637968317,8.7,-0.176186035,0,5425115235,1264536412,9245679545,10111000,105.9
male,17.52328767,0,other,3,4,-0.315978053,7.6,-3.040965737,12.2,0.822730362,24.3,-1.264964281,6.2,1.395644332,9.5,-0.480706675,10000011000,1321241351,4356536535,1423564786,0,59.8
male,52.59452055,science,english,6,0,-0.759925309,7,-0.791814807,5.8,1.72260528,8.5,0.153663015,5.8,1.676230182,7,0.400151672,1010001010,3245123324,5633325415,5687429436,111001101,34.1
male,19.83835616,0,other,3,0,-1.527003245,23.1,-0.252960072,3.8,0.323706719,19.5,2.099670154,10.4,-15.15284495,9.4,-2.90188628,1.01001E+11,5252143532,4216534215,7777777777,101011101,66.2
male,68.42739726,0,other,3,3,0.74948256,21.6,1.466399166,13.7,1.463542079,12.1,0.800123642,11.5,1.678303867,12.4,1.231570263,11101010011,3421522311,4526451635,7542819648,101101010,71.3
female,17.56986301,0,other,3,3,-1.438529766,22.2,-1.210243675,15.2,0.702724117,8.5,-0.490902867,12.4,1.013978339,10.3,-0.284594771,1.01101E+11,3153442124,6156664112,4562928639,10100000,68.6
female,17.94520548,0,english,3,4,-0.60080957,12.6,-1.126483048,11.7,2.151460252,24.3,0.115227977,9.9,-0.972265361,8.3,-0.08657395,1110110,2453113245,3335124621,5637853777,110111101,66.8
male,18.38630137,0,english,3,0,0.345809681,25.6,0.32143388,14.7,-8.169085689,13.5,-4.855725429,8.8,-6.787012034,8.8,-3.828915918,1.11011E+11,3333333353,6666615666,8698698698,101000101,71.4
male,17.97808219,0,other,3,2,1.060495216,18.4,-0.048061521,13.1,-0.550698115,21.9,-2.65562348,7.7,-1.198449183,26.6,-0.678467417,11111010110,1253123233,6142142141,4845443315,111111000,87.7
male,18.05479452,0,english,3,2,-0.970473691,22.4,-3.040965737,11.2,1.442662916,19.9,1.250704719,27.3,1.742176632,16.8,0.084820968,1010010010,1245131245,5264253451,9781523465,0,97.6
male,18.51506849,0,other,3,0,-1.283928445,19.7,-0.09938208,5.5,1.480481662,16.2,-0.12961148,10.3,0.770023776,9.5,0.147516686,1.101E+11,4352441345,5636526515,9856644759,1000001,61.2
female,18.92328767,0,other,3,3,1.347181894,18.9,0.561667292,15.6,0.697948654,17,-1.146119022,11.6,0.24532413,8.5,0.34120059,11110000110,1533514221,2232534446,8586123219,100100111,71.6
male,17.87671233,0,english,3,1,1.347181894,14.1,0.20659518,8.9,1.290045548,14,0.863517906,9.1,0.991498274,9.3,0.93976776,11100100011,5432241152,6155354246,9663894157,11110010,55.4
female,17.37534247,0,english,3,2,-0.910361982,14.2,-0.688451355,9.2,0.44055494,12.1,0.929934241,8.9,-0.826960502,8,-0.211056932,1.011E+11,3344245112,6352435315,6969328845,11100000,52.4
male,18.06027397,0,english,3,0,1.060495216,25.3,0.781777371,28.4,0.768907289,21.3,1.261123256,23.1,1.050448947,15.2,0.984550416,11100100001,3114553442,4336162451,4521429768,1000011,113.3
female,18.49589041,0,english,3,0,-1.438529766,42.8,1.336502127,18.6,0.167098043,22,1.5799331,19.3,1.268098806,15.4,0.582620462,1.01101E+11,3111344231,5132643255,7584267596,10001011,118.1
male,18.33972603,0,english,3,4,0.360140724,23.4,-0.956960541,30.1,0.943000662,23.4,0.817128947,23.8,2.054701956,9.8,0.64360235,11000110110,3354413252,5523166413,9857412365,10010001,110.5
male,76.14246575,science,french,7,0,-1.283928445,24.5,-0.596190895,24.4,0.521704732,24.7,1.0237201,23.4,1.922469921,17.4,0.317555083,1.101E+11,1534313534,5326153454,7856243859,1101110,114.4
male,54.69589041,0,french,5,0,1.19276816,15,1.821416993,17,0.986586313,25.8,1.78491314,32,1.302889209,14.4,1.417714763,1101001111,2431324543,1262431652,4251866297,100011110,104.2
male,60.75890411,science,french,4,0,-1.482841831,30.3,-1.932211616,9.1,1.834228356,15.8,1.606476245,18.7,1.969536655,21.9,0.399037562,1.00001E+11,1234543212,2456231146,7913456198,100,95.8
male,64.62739726,science,french,6,0,1.060495216,22.3,0.20659518,22.2,0.614765361,31,0.840130398,20.2,0.755191523,22.9,0.695435536,1011101001,3143541355,2454112362,4253884794,101000110,118.6
female,27.56438356,humanities,french,6,5,-0.140475941,17,1.773448729,23.4,1.103762712,20.2,-0.167634929,18.1,1.33438577,17.2,0.780697268,1001101011,3421125452,5421413535,5326745899,110101100,95.9
male,29.81917808,humanities,french,6,0,-0.123515212,16.3,0.189437849,17.1,1.624263859,20.6,1.985199179,19.3,2.143107142,12.5,1.163698563,10010110100,2435124553,1523245613,5623987416,10100001,85.8
male,37.37260274,science,french,7,2,0.374697463,13.3,1.773448729,8.2,0.820117986,14.9,1.253302059,10.3,1.302764002,15.3,1.104866048,1001110100,3421134425,5233415626,5268785941,11101001,62
female,25.61369863,humanities,french,6,2,-3.495939066,8.4,0.35618483,9.1,1.63856501,16.1,1.792548627,12.8,1.925838252,117.8,0.443439531,1,4325412314,1243651241,5481965327,11010101,164.2
female,29.56164384,science,french,7,0,-0.189567147,12.1,0.20659518,13.9,1.139676282,16.1,1.53785058,7.6,1.462759127,10.2,0.831462804,1.10111E+11,5245121334,5125463221,5345879163,10011110,59.9
male,29.53424658,science,french,6,1,-1.361098433,11.9,0.089538752,5,1.358342501,10.2,1.503208791,8.3,-15.15284495,6.9,-2.712570669,10011010101,3521423425,2462351425,5555555555,110010111,42.3
male,29.55890411,science,french,7,0,0.517184144,16.3,1.336502127,10.5,0.063515741,26,0.925817626,12.3,1.171408117,10.1,0.802885551,1101110110,3435134335,1315243142,6823594773,100110101,75.2
male,29.33150685,science,french,6,1,-1.279037779,7.1,-0.596190895,17.8,1.232114936,17.1,1.075377712,12,0.946699678,9.5,0.27579273,10100010110,3522143554,5541652234,5436574529,1010110,63.5
male,30.02191781,science,french,7,1,-0.910361982,5.5,0.35618483,13.7,-0.283494392,20,1.509443579,8.5,1.163493022,8.3,0.367053012,100011000,4242341322,1254663352,5362945776,100011101,56
female,30.25753425,science,other,6,0,-0.590539089,26.8,-3.040965737,16.4,-0.122432421,22.2,2.367156857,12,1.911666054,13.7,0.104977133,1.10101E+11,5433554315,3465132645,5241984725,0,91.1
male,30.21643836,science,french,7,0,0.517184144,9.9,1.269405268,5.3,1.05317727,12.3,0.560852657,10.2,-0.968292864,8.5,0.486465295,1011101100,4231543432,2411533632,4233321581,1100001,46.2
female,25.37808219,humanities,french,6,0,-1.283928445,20.2,1.336502127,16.6,0.707516574,15.8,-0.397098183,13.3,-0.244555694,15.7,0.023687276,1.101E+11,4515244535,5455232663,8981586757,11101000,81.6
female,26.85479452,humanities,french,6,0,0.41979586,7.7,0.145914825,4.9,0.748956123,17.5,1.484670075,9.7,0.892947326,11.2,0.738456841,1011011110,4345211322,2545163265,5362141562,101100011,51
male,18.23835616,0,other,3,2,0.706482538,22.5,1.226951829,20.3,1.582249666,25.4,1.075377712,23.5,1.348764823,17.1,1.187965314,11010000010,5324142331,1564452116,1653794588,100010100,108.8
male,31.32876712,science,french,4,4,0.034797025,4,0.189437849,9.2,1.335189856,11.8,0.620639797,7.9,1.234433316,8.1,0.682899569,111001100,4232514323,2364253254,4256587345,100001010,41
male,29.00273973,science,french,7,0,0.277309179,11.4,0.35618483,15,-2.272872773,23,0.832420985,18.4,0.079746281,12.7,-0.1454423,101100010,3333421122,2512362443,4843776196,110001010,80.5
female,26.60547945,science,french,6,0,-0.590539089,17.2,1.036960055,12.1,2.194215559,23.2,2.043549566,7.1,2.244683152,7.9,1.385773849,1.10101E+11,1245313425,1635246251,4697581324,101010001,67.5
male,68.67945205,science,french,6,0,1.907453695,21,1.773448729,25,-0.354064201,31.7,1.871296863,19.4,-15.15284495,12,-1.990941974,1011100101,5313151335,2451263152,6666666666,1101011,109.1
male,25.4,science,french,6,0,-0.189567147,8.7,1.773448729,8.3,-9.982032341,8,-0.881330821,5.9,0.355564878,7.3,-1.78478334,1.10111E+11,3333333333,1522366222,4521413566,1010011,38.2
male,68.24383562,science,french,7,0,-0.014644373,13.8,1.452177581,9.7,0.527992739,11.7,0.853725364,13.8,0.024104914,12.4,0.568671245,101100101,3342435342,5354621663,8345861566,101101,61.4
female,30.76164384,science,french,7,5,0.404517268,24,0.145914825,12.7,1.974269126,27,0.834344343,29.3,1.042493056,22.2,0.880307723,11110100010,2351345321,5125314463,5483425947,101100011,115.2
male,30.9260274,science,french,6,0,-2.184424673,8.5,-0.694560743,7.8,-1.232377713,33.5,1.946188057,8.5,0.571176611,13.9,-0.318799692,10101101010,1541543344,1654261435,7582458968,101111101,72.2
male,24.01643836,science,french,5,0,-0.635883352,6.9,0.20659518,8.4,-8.169085689,13.3,0.721623076,28.7,0.641311386,10.8,-1.44708788,1.0011E+11,3233333333,5424356243,5584391772,11110010,68.1
male,NA,other,french,7,1,-1.283928445,14.8,0.068744507,9.2,1.393835366,19.1,2.104450512,9.2,1.606568176,15,0.777934023,1.101E+11,4321543251,1125364521,7841762398,10101010,67.3
female,30.76164384,science,french,7,5,0.404517268,24,0.145914825,12.7,1.974269126,27,0.834344343,29.3,1.042493056,22.2,0.880307723,11110100010,2351345321,5125314463,5483425947,101100011,115.2
male,31.02191781,science,french,6,0,-0.236182088,24.8,1.036960055,15.3,0.371479335,20.2,0.150124783,21.6,1.663213726,14.5,0.597119162,100100011,4324451255,3545663561,6854369518,1010101,96.4
male,30.60547945,science,french,7,0,-0.014644373,12.6,0.35618483,15.8,0.17192774,11.3,1.160285573,9.5,0.015912404,11.7,0.337933235,101100101,3233143234,5321264633,5674311185,101011100,60.9
male,58.70958904,science,french,6,1,-1.283928445,13.9,1.821416993,20.9,1.156322713,20.9,1.509443579,9.8,1.324069329,11.4,0.905464834,1.101E+11,2354231532,5234153626,5114367582,1100011,76.9
male,29.82465753,science,english,6,0,1.532668597,11.3,-0.956960541,5.5,1.040822329,14.2,1.350184746,11.6,0.744683493,9.7,0.742279725,1110111000,4112533442,1522344215,4562881455,101101011,52.3
female,29.87945205,science,french,6,0,0.918008535,28.1,-0.596190895,17,0.812311129,26.5,0.851775087,13.9,0.972775348,8.5,0.591735841,11000011111,3442553242,4315666421,5645132963,100011001,94
female,35.74246575,science,french,6,1,-1.283928445,25.5,0.145914825,8.3,1.563989331,24.5,1.418730021,11.9,1.449211203,24.3,0.658783387,1.101E+11,2345122315,1522433652,5247896326,110001101,94.5
male,30.70410959,science,french,6,5,-0.343367724,6.7,-0.956960541,23.7,1.007419332,9.2,0.842064434,8.2,1.154821582,10.1,0.340795417,10000110101,5435524154,6646315643,5624869563,10010100,57.9
female,28.79726027,0,french,3,5,0.225944088,16.2,0.35618483,20,1.362240273,17.9,1.325325303,11,1.990685277,9.7,1.052075954,1.00111E+11,3253145332,5362554312,8625496378,1110101,74.8
female,34.32876712,0,french,3,3,-1.283928445,13.1,1.773448729,8.5,0.998451403,15.6,1.560352362,11.4,1.359118063,10.8,0.881488422,1.101E+11,3543321234,5251146352,5452368147,11101001,59.4
female,32.19452055,other,french,4,5,-1.527003245,13.9,0.068744507,11.1,1.955946679,17.7,1.91240524,14.5,1.659740069,14.7,0.81396665,1.01001E+11,5134235145,5134253261,4628537541,101010101,71.9
male,61.66849315,humanities,french,4,3,0.500223415,29.8,1.821416993,9.3,1.022499883,16.3,1.303594291,11.9,2.073961189,11.7,1.344339154,1.10011E+11,4315423154,6235324166,5367428963,100001110,79
male,29.55890411,humanities,french,6,0,0.087033171,7.4,1.821416993,21,-0.200486136,14.9,-0.788998701,7.7,-0.263585585,9.7,0.131075949,10001011101,4211115324,2533411166,2441479833,11100001,60.7
female,13.08493151,0,english,2,2,-0.181564207,6.2,0.145914825,23.8,-2.724116508,11.5,0.45724631,4.9,1.441796436,7.9,-0.172144629,1101011,1333522224,2225446321,4417856932,11100101,54.3
female,13.08493151,0,english,2,2,-0.181564207,6.2,0.145914825,23.8,-2.724116508,11.5,0.45724631,4.9,1.441796436,7.9,-0.172144629,1101011,1333522224,2225446321,4417856932,11100101,54.3
male,54.66849315,science,german,6,0,-0.061574949,10.4,0.145914825,7.3,-3.192334142,29.9,1.121908677,12.5,0.349875644,12.7,-0.327241989,111010010,4354344444,1553266412,1562617599,110001101,72.8
female,49.16986301,other,german,4,0,-1.256703796,6.2,0.068744507,9,0.968982414,35.5,-0.662775081,19.2,1.199141696,15.4,0.063477948,1.11E+11,3421234511,6563426626,5537945263,10101010,85.3
female,15.50684932,science,french,4,NA,-4.415494561,21.6,0.068744507,20.8,-7.823521473,12.9,1.271620277,15.7,2.143107142,11.7,-1.751108821,0,2222222213,1234566543,7562341895,101010101,82.7
female,15.92328767,0,french,3,5,-0.132034478,12.8,1.821416993,25.7,0.036993852,20.3,1.796382117,21.4,0.710334381,12.5,0.846618573,1111110111,2132153243,2543216543,5624479585,11100001,92.7
female,15.11506849,science,french,4,4,1.22902119,19,-1.298379402,16.1,1.52819509,20.4,1.503208791,18.2,1.378719238,20.8,0.868152981,1011110010,4245323154,6421654324,5127658925,110101011,94.5
male,15.10958904,0,french,2,1,-0.243727712,27.1,-0.179909136,41.3,0.660342607,10.7,0.809545402,19.1,1.661633824,10.1,0.541576997,1110110101,3455342143,3562444361,5619785623,11110100,108.3
male,15.27123288,0,french,2,0,-4.415494561,28.2,0.068744507,31.7,-0.348596556,16.8,0.579963443,29.9,2.174028829,16.6,-0.388270868,0,2311123454,3425644432,7513286957,10101010,123.2
male,15.55068493,0,french,3,3,-0.39582627,14.3,0.189437849,32.5,1.657872568,11.2,1.980810284,36,0.682086169,55.9,0.82287612,1010101110,1531245134,3514632645,1349642146,101110011,149.9
female,15.01369863,0,french,2,3,-1.279037779,26.8,1.036960055,70.6,-0.273104189,21.1,1.781111028,10.9,1.045882564,14.9,0.462362336,10100010110,3234322123,4352651425,1425746236,11101010,144.3
female,15.85753425,0,french,3,1,-4.415494561,5.6,-1.210243675,2.4,-9.116666283,7,0.903391096,8,1.001357504,7.9,-2.567531184,0,1333333333,2545214563,5874114236,111011101,30.9
female,15.52876712,0,french,3,3,0.317797423,29.5,-3.040965737,17.4,0.525893473,15.2,2.355640486,15.7,1.943548639,15.4,0.420382857,10001101110,1351342253,5364125436,4295783152,0,93.2
female,15.03287671,0,french,3,3,-0.48102254,25.1,0.20659518,13.7,1.692341555,18.2,2.178196446,22,-15.15284495,17.2,-2.311346863,11010111010,2433512243,5213416235,2222222222,11110010,96.2
female,15.13972603,0,french,3,0,-3.531128974,18,0.189437849,19,1.943868759,27.6,0.988881462,12.5,1.946203798,11.5,0.307452579,10101010101,2145315234,1563412134,1562874521,1100010,88.6
female,15.98082192,0,french,3,0,-1.417663558,21.1,0.068744507,22.7,1.52819509,21.2,1.811822419,22.4,1.742176632,29.1,0.746655018,1.111E+11,1234551242,2461351236,1478523695,10101010,116.5
female,15.83561644,0,french,3,3,-1.916052079,23.1,-3.040965737,31.6,1.920033109,19.5,1.439374442,8.3,1.585680762,15.4,-0.002385901,10101101101,4532123435,5621253654,7856829317,0,97.9
male,16.0109589,0,french,3,5,0.345809681,39.4,0.35618483,14.1,1.743165665,23.4,1.754782821,11.7,1.457215017,10.6,1.131431603,1.11011E+11,4253123454,5264311624,8548693158,1101010,99.2
male,15.29589041,0,french,3,0,-2.079229122,44.2,0.35618483,23,1.610112986,28,1.640382368,28.2,-4.461186952,15.4,-0.586747178,1010101100,4231553424,5134262311,6666674295,11010101,138.8
female,15.83835616,0,french,3,5,0.972396797,108.6,-3.040965737,39.5,1.455151528,31.4,2.54581494,15.7,2.143107142,41.7,0.815100934,110100110,4543215324,4531621345,2698153746,0,236.9
male,50.49863014,science,french,6,1,0.891969241,41.2,-0.596190895,15.1,0.753916272,26.1,2.367156857,13,1.707305978,11.7,1.024831491,1001010111,5235125132,5162453612,1539417632,100011001,107.1
male,29.0109589,science,french,6,0,0.238520252,8.3,1.466399166,16.3,0.937294386,16,1.0237201,11.1,1.820832402,8.7,1.097353261,11000101011,2434523153,4526543155,5349851673,100011100,60.4
male,56.78630137,humanities,french,6,0,1.306093628,19.2,-0.956960541,27.5,-0.004666743,28.8,0.725177856,16.3,1.03489372,15.1,0.420907584,1111011001,5552232541,2256332546,1851329517,100011000,106.9
male,37.35616438,humanities,german,6,0,-0.693076878,6.2,0.20659518,21.6,1.687363069,13,-0.224594291,8.7,1.302138116,12.3,0.455685039,10111000,4253123453,2544156333,2489564613,10111100,61.8
male,47.08219178,science,french,6,0,-0.590539089,16.7,0.568657951,10.7,0.841160275,29.9,1.721647161,8,1.893948021,9.7,0.886974864,1.10101E+11,2325512434,2351242635,8635791452,100110,75
female,51.65479452,science,french,6,0,0.817983063,12,1.336502127,13.5,0.47646851,15.2,0.628919518,7.9,0.025200535,9.2,0.657014751,110111001,4254341544,5455226135,6455882393,1010111,57.8
male,42.0739726,science,french,7,0,1.19276816,4.7,1.821416993,19.5,0.658026735,11.6,1.162719587,5.9,0.741196626,10.1,1.11522562,1100111110,5532241132,5263351634,8525669472,101100010,51.8
female,12.67123288,0,french,2,2,-0.79783041,39.9,-0.596190895,8.8,1.377945163,20.8,1.384035956,17.3,2.244683152,11.5,0.722528593,1.1011E+11,4313422531,4625531422,5682413795,110001011,98.3
female,43.81643836,humanities,french,6,0,0.451132209,26.7,1.336502127,11.4,1.446812932,18.2,0.676217685,8.3,1.558114976,13,1.093755986,11111000011,1345541223,4125126214,8175265784,11001010,77.6
male,34.33424658,science,french,7,0,0.317797423,20.7,-0.490516869,14.5,-9.982032341,16.9,-1.308645129,19.7,-15.15284495,15.2,-5.323248374,100001111,1111111111,4464111214,3333333333,11110,87
male,17.79452055,0,german,4,0,0.18921076,11.1,0.35618483,17.8,0.265415115,12.8,0.216464451,11.2,0.646626232,12.9,0.334780278,10110111100,1334252244,1534211555,7758543925,11100010,65.8
male,55.96712329,science,spanish,6,0,1.833467516,17.3,-0.688451355,15.1,-0.958470295,20.7,0.545124805,25.4,-0.33023428,21.7,0.080287278,101110011,1323223355,5256442563,5113864665,111011100,100.2
female,29.14520548,science,french,7,0,0.685710118,15.7,0.089538752,12.7,0.751433914,31,1.143365485,18.3,1.094351585,11.4,0.752879971,1010011110,5251443354,2661422563,5247865251,100101000,89.1
male,50.46849315,humanities,spanish,6,0,0.606995879,20.5,-0.47314368,21.8,-1.207709419,52.1,1.025926709,24.2,1.351863523,23.8,0.260786602,1100110100,1443522221,2344152216,1585279436,111101001,142.4
male,50.46849315,humanities,spanish,6,0,0.606995879,20.5,-0.47314368,21.8,-1.207709419,52.1,1.025926709,24.2,1.351863523,23.8,0.260786602,1100110100,1443522221,2344152216,1585279436,111101001,142.4
male,18.93424658,science,french,4,0,0.891969241,9.9,1.773448729,34.6,-1.481312778,16.5,0.676217685,23.4,0.637235439,11.5,0.499511663,110001101,4222533111,5524345236,7551966238,101011000,95.9
male,57.37260274,science,spanish,7,1,-0.414755268,26.3,-0.596190895,26.6,1.455151528,26.9,1.573375568,20.9,2.143107142,25.2,0.832137615,1011011011,2315434524,4263251432,1625843796,1101110,125.9
male,56.31506849,science,spanish,6,0,0.345809681,15.3,1.543792939,21.6,1.653019665,14.1,-1.281083783,12.4,0.192284751,16.3,0.490764651,1.11011E+11,3422154321,2225445533,5552369875,10000111,79.7
female,22.24383562,science,other,4,0,-0.486817755,18.5,-3.040965737,22.2,-2.131277619,27.2,-1.768621221,17.2,-0.0353054,13.1,-1.492597547,10000110,3123222233,1444226111,5165577423,111111111,98.2
male,50.15616438,science,french,6,0,-0.043087657,14,0.145914825,35.7,1.09413207,20.2,1.322590321,27.8,0.082701046,14.7,0.520450121,111010110,1213153421,2511342415,1254632446,10110001,112.4
female,28.19452055,humanities,english,7,0,-1.283928445,16.3,0.089538752,21.5,1.834228356,15.6,1.266361883,10.9,1.506699259,13.3,0.682579961,1.101E+11,4325124231,5141264355,5671845768,10000110,77.6
male,36.83835616,science,spanish,6,0,-1.648084201,12.2,0.145914825,6.7,1.61953036,17.6,0.877344115,8.8,1.645610358,7.8,0.528063091,1010101011,4354214553,2465245136,9142571359,110001101,53.1
male,35.23561644,science,spanish,6,3,-0.79783041,13.1,-3.040965737,14.5,0.46840454,17.5,1.506322698,10.7,1.168994883,9.2,-0.139014805,1.1011E+11,3424324512,6414213465,8547397869,0,65
female,30.80273973,science,spanish,7,0,-0.693076878,23.4,0.189437849,14.8,1.563989331,29.9,0.770395092,19.2,1.492479455,9.8,0.66464497,1.11111E+11,5421355431,6436234621,8563481974,101011110,97.1
male,35.77808219,science,english,7,0,-0.157131054,23.8,-0.490516869,10.3,-3.426675889,18.6,-0.350186364,21.3,-1.554414322,14.4,-1.1957849,110001100,3335332222,1121544225,5558332774,11001101,88.4
female,24.61369863,science,other,6,0,-0.369969093,16.4,1.036960055,21.6,1.225045738,27.2,0.788900981,19.3,-2.75176158,12.2,-0.01416478,1.11001E+11,4323154351,2536645511,8856222279,101010100,96.7
male,44.63013699,science,spanish,6,0,0.374697463,6.1,0.35618483,9.1,-0.080304128,10.1,0.796372704,6.3,2.007577919,8.8,0.690905758,1100001110,4225544412,4512223651,5298473158,1110101,40.4
male,25.23835616,humanities,other,6,0,1.58550205,19.9,0.35618483,54.6,-2.136225976,23.5,0.794501014,21.8,0.305494106,11.3,0.181091205,1111100010,1222333535,4226334154,4251417969,110010101,131.1
male,53.0739726,science,other,7,0,0.685710118,15.2,-0.596190895,13.7,1.727716022,23.4,1.445329463,14.1,0.101585211,11.8,0.672829984,1001111001,3412534523,1442365211,5229197885,1010110,78.2
female,56.89863014,science,other,7,0,0.331697441,23.1,-0.956960541,32.5,1.405877286,25.3,-0.07857719,20.2,1.449211203,14.2,0.43024964,1011101011,5331144235,1335326644,1236598728,11101101,115.3
female,19.46575342,science,other,5,0,0.331697441,12.8,0.35618483,10.9,1.480481662,11.3,2.085426695,12.9,0.982515541,10.4,1.047261234,1001110110,3542121435,5234661245,4551392347,110010101,58.3
male,25.50684932,other,other,6,0,-0.097475919,10.7,1.036960055,15.3,0.789158483,20.3,0.78518009,17.7,1.238751784,17.9,0.750514899,1.01111E+11,2123251142,5336141566,5392414562,101010100,81.9
male,52.09315068,science,french,6,0,0.891969241,16.1,-0.678035429,23.2,1.506297387,16,1.073091455,16.6,1.275215915,15,0.813707714,110001101,2414325214,5245351425,5214286572,1111110,86.9
male,33.21643836,humanities,other,7,0,-0.818235958,25.7,0.35618483,12.9,-9.982032341,16.2,0.060044868,24.5,-3.99516158,16.5,-2.875840036,1.10001E+11,5555555555,6525452241,5577755749,101010011,95.8
male,36.34794521,science,french,6,0,-0.088630552,13,0.20659518,10.9,0.51752898,11,1.725290229,7,1.587034417,12.1,0.789563651,100111000,2445431122,5254165324,5418756498,11000101,54
male,43.71506849,science,other,7,0,0.087033171,18.7,0.35618483,11.2,-0.490921586,25.9,1.728942847,7.6,2.143107142,10.8,0.764869281,10001011101,2152122554,1556245316,4583796125,11010101,74.2
female,55.49041096,science,spanish,6,0,0.331697441,21.9,0.35618483,18.3,1.304926131,40.4,0.942357559,26.4,1.999894425,19.8,0.987012077,11011111,3552133452,2664163255,9541236587,101010011,126.8
male,58.87671233,science,spanish,6,1,-1.283928445,9.1,-0.596190895,16.7,-1.059762005,10.2,0.348535596,7.5,-0.241238152,14.8,-0.56651678,1.101E+11,4352221121,5245111365,9688565722,100011001,58.3
male,66.41369863,other,french,6,5,-0.369969093,17.9,1.821416993,12.4,1.2356635,29,1.623326183,20.2,1.263209472,20.5,1.114729411,1.11001E+11,4124251354,4426134512,4651475928,101011010,100
female,60.54520548,science,spanish,6,0,0.706482538,9.5,0.189437849,14.3,1.480481662,24,-0.701665222,9.6,-0.061224909,8.4,0.322702384,11001011111,1235421322,5554123321,5586441778,100001010,65.8
female,33.20273973,humanities,spanish,6,0,0.794580957,19.1,-0.490516869,22.8,1.446812932,17.8,-1.663706528,9.9,-2.122735778,10.8,-0.407113057,110111100,3455221344,2223666552,1441288999,110100101,80.4
male,49.05205479,science,spanish,7,0,1.58550205,27,1.821416993,19.5,1.657872568,36.3,1.633534822,21.9,0.803563206,6,1.500377928,1011110011,2441352134,5261254632,6728254218,110001100,110.7
male,55.55890411,science,spanish,7,0,0.045010762,25.8,0.20659518,32.8,1.489032034,26.9,0.63224523,13.2,1.902781659,13.9,0.855132973,1001011011,4213254121,5425625142,5436827596,101100001,112.6
male,16.35890411,0,spanish,3,1,0.866643444,6.3,1.773448729,13.3,1.385866827,18.6,1.308995355,13.2,0.614285701,11.2,1.189848011,1111001001,5452341152,1432513425,1545683997,101110000,62.6
male,51.87123288,science,spanish,6,0,1.907453695,9,-0.596190895,16.9,0.36587983,21.4,1.743649822,22.3,1.837373764,15.1,1.051633243,11000010111,3251232125,1542362543,8534621479,1011100,84.7
female,55.2109589,humanities,spanish,6,0,0.771756741,17.2,-0.596190895,12.9,-2.365433969,30.8,0.792631834,11.6,1.30163759,8.5,-0.01911974,11101000101,1111123452,1525421366,7532652914,110101001,81
male,59.63561644,science,french,7,0,1.19276816,14.7,1.821416993,17.4,1.908271645,18.2,1.714389473,16,-15.15284495,7.3,-1.703199737,10001101111,2453124352,5634126432,5555555555,110011100,73.6
male,35.00547945,science,spanish,6,0,-1.916052079,10.1,1.821416993,25,1.393835366,28.2,1.699986524,13.5,1.350313397,4.5,0.86990004,10101101101,4251432545,5425634165,8568723586,110011100,81.3
male,45.34246575,0,other,3,3,-1.256703796,21.4,0.35618483,26.6,-1.92698705,15.3,1.271620277,15.3,1.109746044,20.3,-0.089227939,100111011,4543443445,1564521334,1578526519,11100010,98.9
female,26.04657534,other,french,5,3,1.390181916,29.8,-0.252960072,18.6,1.286350953,17,1.140965014,12.6,1.557967299,11.2,1.024501022,1010110011,4123542351,5231463546,3658927412,101010,89.2
male,51.67123288,science,french,6,0,1.701194572,38.6,1.821416993,45.5,0.048716921,25.8,0.654058016,37.4,0.402267965,35.9,0.925530893,1011101000,4154435111,5265114665,4358611788,110011100,183.2
male,16.83835616,0,french,3,1,-0.189567147,13.1,1.821416993,38.4,1.519393234,22.6,1.53785058,9.7,1.916127467,10.9,1.321044226,1.10111E+11,2511342523,3462133541,5216978256,10001101,94.7
male,52.46849315,science,french,6,0,1.907453695,19,0.20659518,28.2,1.515013786,25.2,1.314417436,11.9,1.928087889,9.7,1.374313597,1011100101,3214521345,5243316243,5186437829,10111001,94
male,49.17260274,0,english,2,0,0.404517268,13.2,-3.040965737,3.3,-0.098897625,15.9,0.345821918,12.2,0.819052264,23.3,-0.314094382,1.1101E+11,2113455522,2126655211,2648981225,111111111,67.9
female,22.9890411,science,french,6,0,0.841993082,12.2,1.821416993,29.5,0.719572869,16.8,1.475492393,6.7,0.42041715,8.3,1.055778497,10011011110,3241412554,1523645223,8547685698,11110001,73.5
male,45.90684932,0,spanish,3,0,-1.061679118,7.2,0.35618483,4.2,1.795983378,20.7,0.847882701,7.6,1.712356161,8,0.730145591,11010101011,3541254351,2362134621,5862751368,101110001,47.7
male,76.03835616,science,french,7,1,-1.256703796,22.9,0.145914825,29,1.293750307,15.8,-0.611221079,38.2,0.063482886,16.7,-0.072955371,100111011,4115432551,3354246224,5579664248,1110010,122.6
male,71.63835616,science,french,7,NA,-4.415494561,27.5,-1.932211616,9.6,-9.982032341,8.7,-11.37692329,7,-15.15284495,16,-8.571901353,0,1111111111,5555555555,4444444444,11111111,68.8
female,68.10136986,0,french,0,0,0.014702021,18.5,-0.596190895,14.8,1.013431303,24.9,1.322590321,17.8,0.838031685,16,0.518512887,110101101,2451243523,4241623142,5168254685,11101100,92
male,91.74246575,humanities,french,7,5,-4.415494561,24.7,-3.040965737,29.6,1.850957503,26.6,0.604226498,28.5,1.004864444,19.5,-0.79928237,0,3452124533,5316644342,4563256941,0,128.9
female,48.15616438,science,french,4,0,-4.415494561,11.4,0.32143388,9.7,-9.982032341,15.7,0.660838919,8.7,1.990685277,12.8,-2.284913765,0,3333333333,5241625325,6517485396,101000101,58.3
male,25.43013699,other,french,6,1,0.087033171,12.5,-3.040965737,10.4,0.263687496,14.4,0.712775599,13.2,-1.477977809,21.6,-0.691089456,10001011101,3423345122,1422563552,5649855595,0,72.1
female,69.11780822,science,french,7,5,2.922938148,21.3,-3.040965737,16.4,2.151460252,29.7,2.198539478,14.1,1.661633824,18.7,1.178721193,1111000011,5312445321,1563245216,5698725631,0,100.2
male,27.74246575,science,spanish,6,0,1.266754339,8.8,1.036960055,5.3,-0.184490673,15,0.923763871,11.6,1.206653479,9,0.849928214,1011001111,3352312444,2413236526,5247156962,100010101,49.7
female,46.52328767,0,spanish,3,2,-4.415494561,18.4,-3.040965737,11.9,0.238035691,37.8,0.259112316,17.3,1.999894425,14.3,-0.991883573,0,3423143243,5423152312,5428967123,0,99.7
male,42.15342466,science,spanish,5,0,-1.017200871,18,0.35618483,27.6,1.873591298,30.7,0.927874413,12.4,1.803081216,11.4,0.788706177,1001101101,2534123513,2126532513,8654369178,10100011,100.1
female,39.17260274,0,spanish,3,0,-1.616294023,36.7,-0.252960072,40.4,-0.906627578,18.3,1.075377712,20.2,1.09194633,10.8,-0.121711526,1.0001E+11,3415241524,5364251642,2547362671,10001010,126.4
male,67.52876712,science,french,7,1,2.075979669,11.8,-0.252960072,11.4,1.532617685,16.5,1.689281173,15.4,2.066146633,12.1,1.422213018,10011011100,3243521134,4261133542,5864132856,10101000,67.2
male,60.12876712,science,french,7,0,-1.283928445,21.3,1.821416993,9.7,0.854480651,16.9,0.4989791,15.8,0.5589004,11.4,0.48996974,1.101E+11,5234322355,4541143512,5768546286,11110001,75.1
male,18.73424658,science,french,5,1,0.142399046,5.4,0.089538752,25.4,-9.982032341,26.7,0.016563246,13.3,-7.238689615,11.5,-3.394444182,1111110000,1111111111,2116131454,3333332185,11010111,82.3
male,25.49589041,other,french,6,1,-0.157131054,9.7,-0.490516869,18.1,1.692341555,15.2,1.355769816,7.5,-2.534508151,9.8,-0.026808941,1101001001,2435123143,6526344251,5556247771,11110,60.3
female,70.19452055,science,french,7,0,1.22902119,19.9,-3.040965737,17.1,0.726858796,24,1.534665498,13.5,1.40926542,16.2,0.371769034,1011000110,3153321524,1526144351,1827489354,111111111,90.7
female,55.43835616,science,french,5,0,2.075979669,18,0.145914825,21.2,1.586853702,23.7,2.080711046,11.8,1.606568176,14.9,1.499205484,1101000111,4251124354,2651134625,5624981358,1110010,89.6
female,18.65205479,science,french,4,1,0.142399046,17.9,0.35618483,17,1.152976925,24.5,1.739958501,14.1,1.607635239,12.3,0.999830908,1110100010,1323521245,1542461345,7465185493,10101001,85.8
female,50.28493151,science,french,5,3,-0.977295374,17.9,0.145914825,25.8,1.779919421,22.4,1.409975188,12.6,1.6759114,10,0.806885092,10100100110,4231531245,2345621613,1753968159,11100101,88.7
male,53.97260274,0,spanish,0,5,-4.415494561,25.3,-3.040965737,7.3,-2.352134543,25.7,-11.37692329,12.7,-15.15284495,10.8,-7.267672618,0,3444555111,5555555555,8888888888,0,81.8
male,17.61917808,0,spanish,3,0,-1.046038579,19.1,-0.47314368,10.1,2.261006722,18.8,-0.385918397,15.1,1.778022105,11.7,0.426785634,11001100111,2451432541,5526523545,5812473684,10011,74.8
female,54.91780822,humanities,french,6,2,-0.329774335,12.3,-0.47314368,19.2,2.005371641,13.2,-0.101380885,15,0.531440096,17.1,0.326502567,10011100100,4152325134,3262126512,8485621887,110100,76.8
male,18.43013699,0,english,3,1,-0.266001893,5.1,0.781777371,7.2,0.614765361,7.4,-0.321933709,4.7,0.614526357,8.8,0.284626697,100110000,2332441255,2212235426,5642326698,11000001,33.2
male,57.39726027,science,french,6,4,0.034797025,10.6,0.189437849,4.8,1.004423382,12.3,1.827435724,6.5,1.549572947,10,0.921133386,111001100,3425544112,2652314526,8523987432,101110011,44.2
male,27.06849315,0,french,3,0,-1.283928445,13.9,0.189437849,6.5,1.480481662,30.4,1.004016305,18.2,0.777315327,10.7,0.43346454,1.101E+11,3241533244,5234451663,4527145685,101011110,79.7
male,23.53150685,science,spanish,5,4,-0.070681759,28.8,0.20659518,24.6,0.360303511,23.4,1.871296863,15.9,1.428158576,10,0.759134474,10110100101,4235112424,5361455263,5622819356,1100101,102.7
male,47,science,spanish,6,0,1.030186475,15.9,-0.688451355,20.1,0.386526185,28.7,1.675134118,15.1,1.841803015,12.8,0.849039688,11101001101,3445241452,4612365542,5813248576,100011,92.6
male,59.25753425,science,french,6,0,1.060495216,8.2,1.773448729,13.4,-0.281192376,12.9,-0.561932465,10.5,2.141168,11.2,0.826397421,11010001011,3545231323,1541412421,7245893647,11101001,56.2
male,62.72328767,science,spanish,5,3,0.374697463,17.7,0.145914825,18.3,1.667631154,19.2,1.650717197,12.1,1.433871833,15.4,1.054566494,11101001011,3241254342,2243165132,5384658127,1110010,82.7
male,44.03013699,science,french,5,0,0.165508595,22.4,0.35618483,35.7,1.346716423,32.2,1.311703758,19.9,1.57235803,8.1,0.950494327,1110010011,5314344152,1425344231,1425647129,101110001,118.3
male,39.88767123,science,french,6,3,2.075979669,20.4,-0.678035429,9.9,-0.802811979,15.9,0.976038303,13.5,0.390979888,10.9,0.39243009,1011110001,2212422152,5346515254,7541487458,110011011,70.6
female,26.82739726,0,other,0,5,0.944802694,19.7,0.189437849,5.8,-0.070910215,29.9,1.454309986,12.9,0.317562658,14.8,0.567040595,101101001,5415443252,5325416522,2422971856,110011101,83.1
male,70.05479452,science,french,7,0,1.00084008,11.5,0.35618483,13.9,1.459340269,18.4,1.811822419,9.3,1.506127949,12.3,1.226863109,1101011000,1433521425,1532462143,4528153982,11010101,65.4
male,36.54520548,science,spanish,7,0,0.201293726,13.3,-0.791814807,4.9,0.382748681,21.1,1.895816081,12,0.498940104,11.3,0.437396757,10001010110,2352313251,5243416521,5614568237,111001101,62.6
male,89.01369863,humanities,spanish,7,0,-1.438529766,13.7,0.068744507,24.6,0.977755599,12.2,1.64726373,7.3,1.111847153,7.9,0.473416245,1.01101E+11,4223542113,4266311524,8624875179,101010101,65.7
male,32.74246575,humanities,spanish,7,2,-1.616294023,10.2,-3.040965737,17.3,1.554951183,13.9,1.599792908,7.1,1.916127467,6.4,0.08272236,1.0001E+11,3452321425,6563242516,8526349586,0,54.9
female,38.49315068,other,spanish,6,0,-0.635883352,18,-0.678035429,15.9,0.65110292,13.7,0.919665418,8,0.653028255,9.5,0.181975562,1.0011E+11,3423451223,5326412555,5314576955,1001100,65.1
male,32.89589041,science,spanish,6,1,0.588321834,45.1,0.35618483,48.3,-0.498785428,20,0.963312434,27,2.112791718,9.8,0.704365078,110100101,3153154325,4625246315,5894217965,100101010,150.2
female,31.37260274,humanities,spanish,6,4,-0.693076878,18.6,0.068744507,24.4,0.917510707,30.8,1.859197166,31.6,2.054701956,13.8,0.841415492,1.11111E+11,3251324532,3564154362,7519346728,10101010,119.2
female,34.21369863,0,spanish,3,0,-0.309001915,19.3,0.068744507,6.2,-4.608545718,27,1.182346291,20.9,1.057590995,8,-0.521773168,110110,1211111133,6332431536,5397128371,101010101,81.4
female,29.27671233,other,spanish,7,4,-0.693076878,32.2,-3.040965737,42.3,1.476226748,59.5,1.341848891,34.4,0.753610758,17.9,-0.032471243,1.11111E+11,2213454352,3614325646,1985321855,0,186.3
male,20.70136986,humanities,spanish,5,NA,-1.256703796,92.1,-3.040965737,55.2,0.53853844,73.4,1.478544909,81.5,-0.612671565,22.7,-0.57865155,111,2321432154,2351456216,2393253998,111111111,324.9
female,28.33972603,other,spanish,6,3,-1.264208577,26.5,-3.040965737,11.5,1.653019665,25.5,2.367156857,27.5,2.244683152,11,0.391937072,1.0101E+11,3245123432,2456123546,3987145263,0,102
male,23.8,science,spanish,7,0,0.64551536,23,-0.688451355,21.9,1.896612013,35.2,1.692840493,25.8,0.696822501,20.3,0.848667802,10111011001,4135452341,5234415642,5345968117,101011011,126.2
male,58.63561644,0,french,3,1,-1.264208577,50.7,1.543792939,20.4,1.197134292,25.7,1.541042959,14.4,1.86630319,11.3,0.976812961,1.0101E+11,2412542321,2526163425,5436879416,101111000,122.5
male,22.44109589,science,french,6,0,0.64551536,8.9,0.189437849,16,1.779919421,13.9,1.372660604,8.1,1.442481497,7.1,1.086002946,1111010000,4253143152,2641434651,3586314793,1100010,54
male,37.25479452,science,french,7,0,-0.336596018,10.7,0.145914825,19.9,1.506297387,28.2,1.976435169,11.5,0.042061077,12.3,0.666822488,11010011010,4532121453,2465132446,5427893666,10110001,82.6
female,26.41917808,science,spanish,7,0,-1.402771782,10.2,0.189437849,6.5,1.737996065,18.8,1.308995355,11.1,1.433599294,11.6,0.653451356,10010101011,4233512432,1546212545,4568521784,110011101,58.2
male,30.69863014,humanities,spanish,6,0,0.841993082,18.9,1.036960055,13.4,2.096486127,18.4,1.904085974,17.6,2.113637588,13,1.598632565,1110100101,2354121345,4265321642,7648129574,101010001,81.3
male,36.08767123,science,french,6,0,-0.526397725,7,1.773448729,10.9,-9.982032341,22.1,1.27689859,16,1.820832402,14.7,-1.127450069,10010110000,1111111111,1523465226,1257863418,1101011,70.7
male,53.50684932,science,spanish,7,1,0.817983063,7.7,0.145914825,8,1.232114936,18.7,1.506322698,8.9,1.771226882,14.9,1.094712481,11100111000,3421532235,2445131625,1548967834,11100101,58.2
male,58.38630137,science,spanish,7,0,-1.04918793,24.4,1.466399166,13.3,1.264393743,23.7,1.339081318,26.3,1.359247918,8,0.875986843,11001010101,4514321435,1234321562,7587621974,11100011,95.7
male,56.95890411,science,spanish,7,0,2.282238792,14.9,0.781777371,16.2,0.998451403,17.8,0.364929584,6.6,0.566969972,8.1,0.998873425,11110001110,2454331243,6365214525,9664785145,101100000,63.6
female,50.69589041,science,french,4,1,0.345809681,25.6,0.35618483,34.9,1.152976925,28,1.61319179,21.1,2.06594152,16.3,1.106820949,1.11011E+11,2414514352,2452164153,6471852649,101110001,125.9
male,28.67945205,science,french,7,0,-2.429624051,23.5,0.20659518,17.2,1.610112986,44.6,1.819607204,10.4,1.659266992,10.6,0.573191662,1.001E+11,5241325241,3614253643,5374814562,100001101,106.3
male,50.08219178,science,spanish,6,0,-1.90366136,8.1,0.35618483,14.1,-1.207709419,11.7,0.300480042,8.3,1.217634496,13.3,-0.247414282,10010010000,3224511113,2165121566,5652741589,10001110,55.5
male,51.30684932,science,french,6,0,1.435280313,26.8,-1.298379402,23.3,0.635084459,51.2,0.095834263,33.2,0.312605133,23.7,0.236084953,11001110001,2123342314,1145462636,5742565844,1010100,158.2
male,18.95068493,science,spanish,5,0,1.060495216,9.8,1.773448729,7.2,0.585946438,18.3,0.460186127,8.7,1.404979206,7.6,1.057011143,1011101001,4143425432,5422352261,1254889637,1101011,51.6
male,20.67123288,science,french,4,1,2.075979669,11.9,0.145914825,15.7,0.781528553,35.3,1.544242669,22,1.837373764,16.9,1.277007896,1011110001,1423314515,2441362153,9426312785,110001101,101.8
male,61.66849315,humanities,french,4,3,1.435280313,10.6,1.466399166,7.6,1.418027856,8.9,1.014928444,8.6,1.230843782,11.3,1.313095912,110011110,4423153423,5423666154,8235875642,11100011,47
male,41.56164384,science,french,7,0,-0.336596018,24.7,1.821416993,57.8,1.260768763,24.2,1.358570767,16.7,0.825475485,19.1,0.985927198,1110010010,3243125453,1545631435,1675954262,101011010,142.5
female,5.246575342,0,french,1,2,0.165508595,166.5,0.068744507,57.4,0.456398406,73.7,0.159580106,76.1,0.81210856,46.8,0.332468035,1.1001E+11,2435433212,1463522265,8569425629,10101010,420.5
male,19.44383562,science,spanish,5,0,0.404517268,7.5,1.036960055,8.4,1.974269126,18.2,1.232657638,5.4,2.171391676,9.2,1.363959152,11011100101,3515241325,5326542251,5632471956,10101110,48.7
female,45.07671233,0,spanish,3,2,0.41979586,16.6,1.452177581,17.4,0.116631096,8.7,1.253302059,7.5,0.663177921,11.6,0.781016903,11111000,2315544422,5223665412,4587126699,110000110,61.8
female,6.838356164,0,french,1,0,-0.301972727,99.9,-0.09938208,53,0.881523308,24.7,1.084560433,51.3,2.244683152,34.3,0.761882417,1.0111E+11,5141245435,4251636551,5874126395,10111111,263.2
male,37.85479452,science,spanish,7,2,-0.123515212,7.1,0.35618483,16.4,1.657872568,9.9,1.063983757,6.2,1.426665728,9.1,0.876238334,11100110111,2445132435,4513625233,4968621753,100101010,48.7
female,26.41917808,0,german,3,2,-1.083140568,8.7,-0.490516869,18.6,1.758794611,16.4,1.606476245,10.4,1.299012482,6.9,0.61812518,10010110101,4232513421,2135243625,5362614823,11110000,61
male,18.44657534,science,spanish,5,0,0.065783182,9.5,1.821416993,6.6,-1.007719507,18.1,1.52831709,9.8,1.356264005,10.5,0.752812353,11100110010,3354542422,1241653245,5271869454,10011101,54.5
male,33.68219178,science,french,4,0,-0.273308918,11.2,0.20659518,28.5,0.438587549,22.6,2.007353428,10.5,1.10555237,8.8,0.696955922,101101100,4221413541,5441625364,5854376514,101001100,81.6
male,40.84931507,science,spanish,6,1,1.764967014,13,-3.040965737,9.7,1.925952587,32.5,1.573375568,21.3,1.841803015,9.6,0.813026489,10011000011,3254121342,2516321523,5762491326,0,86.1
female,34.54520548,other,spanish,5,2,-0.693076878,16.6,-3.040965737,22.7,0.796831889,38.8,1.703573328,18.1,1.86630319,11.3,0.126533159,1.11111E+11,4531245315,5314265342,8543198647,0,107.5
male,18.95890411,0,spanish,3,0,-0.369969093,19.4,1.336502127,14.1,-0.988780464,23.4,0.817128947,39.8,1.742176632,12.8,0.50741163,1.11001E+11,2444432351,5212431142,5348159726,100010111,109.5
female,29.30136986,0,spanish,2,3,-0.526397725,34.8,-3.040965737,6.8,-1.056527127,33.9,2.426211157,6.9,2.244683152,5.4,0.009400744,1.00101E+11,2234514545,3421563124,8541726398,0,87.8
male,38.51506849,science,spanish,6,0,-0.79783041,7.2,-0.688451355,17.5,1.515013786,13,1.650717197,8.1,0.723707072,7,0.480631258,1.1011E+11,5423142531,6534263245,8624179966,100100010,52.8
male,38.9369863,science,spanish,6,0,0.065783182,18.9,-1.474774505,30.1,-6.210054124,15.9,1.497001774,12.2,1.969536655,8.6,-0.830501404,1101000011,3453333333,4655312446,4782396871,1010000,85.7
male,36.09863014,science,spanish,6,2,-0.693076878,13,-3.040965737,10.3,2.172668235,16.7,0.707493952,14.8,1.335920003,10.4,0.096407915,11001011001,2354412435,4521313544,5864119852,0,65.2
male,33.20547945,science,spanish,7,1,1.060495216,9.5,-3.040965737,14.9,-1.009732982,20.1,-1.242599421,9.5,-0.239576707,13,-0.894475926,11101011110,4515444413,2556554144,1544789885,0,67
female,39.95068493,humanities,spanish,7,1,-0.526397725,26.4,0.145914825,30.4,1.908271645,26.4,2.2191839,12.4,1.999894425,15.5,1.149373414,1.00101E+11,5142534521,2563415324,5361789462,11100101,111.1
female,26.18082192,science,spanish,6,2,0.119853202,12.7,1.821416993,13.7,1.20059175,25,1.460329317,12,1.999894425,8,1.320417138,1010110001,2453145324,6254325614,4539867512,101110010,71.4
male,34.22739726,science,french,7,0,0.665394272,9.4,-0.596190895,6.9,1.342863261,18.2,0.735896932,10.4,0.878035298,8.5,0.605199774,100111100,4113243154,4246131421,9679525173,1110100,53.4
male,29.69315068,science,french,6,0,-0.693076878,9.1,-3.040965737,7.3,1.86222685,10.8,1.375495748,5.8,2.174028829,8.1,0.335541763,1.11111E+11,3524132435,2643516536,4627983164,0,41.1
male,40.54246575,science,spanish,6,0,-0.258636645,9.7,0.145914825,32,0.681366645,35.3,-0.852375972,6.6,0.317562658,5.4,0.006766302,10111011011,4312432155,1211131456,4144235786,110001101,89
male,61.77808219,science,spanish,6,0,-1.283928445,12.3,0.145914825,15.1,0.599170889,29.7,0.830500277,14.7,2.244683152,14,0.507268139,1.101E+11,3235545121,5425351612,5287369415,110001101,85.8
male,35.40547945,humanities,spanish,7,5,-0.369969093,37.3,-0.596190895,13.6,1.955946679,28.4,-1.762663654,18.9,-2.261860598,12.9,-0.606947512,1.11001E+11,4133523145,6661422666,3673393636,110100011,111.1
female,34.02465753,other,english,7,0,1.306093628,14.8,-3.040965737,14,1.397837387,21.4,0.304421977,14,1.485700121,20.3,0.290617475,10000010111,1422553414,4252514236,8624759651,0,84.5
female,55.28767123,science,french,7,2,0.404517268,18.7,1.336502127,20.2,1.732846234,13.8,1.412887358,12.2,0.260435638,19.2,1.029437725,10011100,2345122314,4235243612,5624563485,101011001,84.1
female,48.70684932,science,french,4,0,-2.585232015,23.9,-2.438154003,19.2,0.960266014,23.2,1.661129247,8.2,1.509272769,11.4,-0.178543597,1011101010,1334522145,4236126531,7562415698,10000,85.9
male,29.50958904,science,other,4,5,-4.415494561,13.9,1.036960055,14.5,-0.389604376,18.6,2.355640486,10.5,1.742176632,9.1,0.065935647,0,2232315541,5213642513,8624517935,11101010,66.6
female,31.96712329,science,french,6,1,0.944802694,22.3,0.145914825,27.1,1.05317727,24.9,1.143365485,19.8,0.658466133,19.4,0.789145281,101101001,4122545211,5322613416,6185433669,10011100,113.5
male,42.85205479,science,french,6,0,-0.645664753,12.7,0.35618483,9.6,0.590340175,23.2,0.969660841,7.3,1.15152552,7.5,0.484409323,1011010110,4234523113,1532632521,5627458933,101110001,60.3
male,37.01369863,science,french,6,0,-0.21316844,5.3,0.35618483,9.8,0.411341668,5.9,1.145770098,4.9,1.742176632,8.1,0.688460958,1001110101,4351233321,3356241556,5289457316,110010101,34
male,34.94520548,0,french,2,0,-1.552886282,11.9,0.35618483,13.2,-1.17073138,25,1.725290229,7.7,1.902781659,9,0.252127811,11000101010,2234511112,5312645232,7625147932,10100011,66.8
male,48.52328767,other,french,4,3,-0.088630552,26.6,-3.040965737,11,1.896612013,19.1,1.62672076,9.2,0.72181416,14.1,0.223110129,11010001101,3125542431,5163214512,5564859746,0,80
male,41.66027397,science,french,4,1,-0.79783041,13.7,0.010229046,17.3,0.147950625,22.7,1.904085974,15.2,0.917929562,9.9,0.436472959,1.1011E+11,4524512532,5213546152,5364572962,101101100,78.8
male,40.34246575,science,french,5,4,-2.321899973,15.2,0.35618483,4.8,1.614813441,21.5,2.002894311,8.4,1.820832402,9.1,0.694565002,10010101010,5213243151,5113462531,8341692786,101010011,59
male,58.00547945,science,french,4,3,-4.415494561,12.7,-0.694560743,21,-9.982032341,38.2,0.865484699,20.8,1.999894425,10.4,-2.445341704,0,2222222222,1234562356,1256987453,111010111,103.1
female,39.57260274,science,french,6,0,1.22902119,7.9,0.089538752,15.3,0.756403215,13.1,1.330811424,10.9,-15.15284495,7.4,-2.349414075,1011110010,3442553135,2325114652,4444444444,110000010,54.6
male,35.37808219,science,french,6,0,0.665394272,9.9,0.20659518,12.7,-0.425266186,20.4,0.811437423,13.6,1.090854268,12,0.469802991,11101011100,4344452411,3454362511,4562768355,10110011,68.6
male,45.95890411,science,french,6,5,1.907453695,28.5,-3.040965737,23.5,-2.186694927,30,1.606476245,16.1,0.498940104,13.7,-0.242958124,11000010111,2244222121,2635123653,5647562139,0,111.8
male,41.49589041,science,french,6,4,0.404517268,14.5,1.821416993,11.4,1.52819509,12,1.421660564,15.3,0.905484822,12.7,1.216254947,1.1101E+11,2325451324,2352166324,5246583211,110011100,65.9
male,59.90410959,science,french,4,2,-0.189567147,56.9,1.466399166,23.8,0.911911202,25.5,1.330811424,19.2,1.246941945,21.8,0.953299318,11101011011,4223514433,2356133154,4531578413,101010010,147.2
female,40.99178082,other,french,4,2,-4.415494561,20.1,0.20659518,14.7,-8.169085689,16.8,-11.37692329,5.9,-15.15284495,7,-7.781550664,0,2122222222,5555555555,6666666666,100111010,64.5
male,NA,0,french,1,0,-1.283928445,61.7,-0.688451355,73,1.358342501,64.1,1.048187133,75.9,0.489440214,96.4,0.18471801,1.101E+11,3144552213,1215645612,9718879156,10100100,371.1
female,22.88767123,science,french,6,0,0.087033171,11.2,0.089538752,20.2,0.906334883,13.2,0.41530156,19.6,0.323200468,11.8,0.364281767,11101000100,1135441524,5235412354,5415865953,111010110,76
male,17.95342466,science,spanish,5,0,-1.283928445,8.1,1.821416993,20.8,-0.45899881,13.1,1.290182513,12.4,1.925838252,13.1,0.658902101,1.101E+11,5334411555,5112263452,5689473219,10100101,67.5
male,18.49315068,science,spanish,5,0,0.794580957,8.5,-0.179909136,4.3,0.809718868,20.1,1.303594291,18.9,1.487251095,8.5,0.843047215,1111011000,4155213522,2632521654,5214196382,1011110,60.3
male,19.40821918,science,spanish,5,0,0.238520252,8.8,1.821416993,9.1,0.776465844,15,1.073091455,29.2,1.226189812,10.6,1.027136871,1000110110,3254515311,4154221463,5698915274,101110010,72.7
male,19.72328767,science,spanish,5,4,0.944802694,15.2,0.35618483,28.1,0.409416465,37.5,1.430489356,13.1,2.244683152,10.9,1.0771153,1011010011,2434521213,2534516364,4327169584,100011101,104.8
male,21.34246575,science,french,6,0,-0.946193359,6.8,-0.956960541,32.8,0.974824849,39.6,0.721623076,24.6,0.705902395,16.5,0.099839284,10000000100,2324512142,1524231522,5258412951,11101101,120.3
male,47.05753425,science,french,6,4,1.060495216,8.5,1.336502127,36.7,1.629014055,15.8,1.762254544,9.2,1.92434031,9.1,1.54252125,11100110001,2451325452,5263425123,3498526148,110100010,79.3
male,41.02739726,other,french,5,2,0.841993082,24.5,-3.040965737,16,1.501960252,17.6,1.950469083,25.9,1.83348649,17.5,0.617388634,1110100101,2314425331,3152421365,6248392145,0,101.5
male,53.03561644,other,other,6,3,0.345809681,30.5,-3.040965737,20.4,1.025536364,16.1,0.845940579,17.5,-0.443554184,17.5,-0.253446659,1.11011E+11,3134223513,1562113544,1548464428,0,102
male,47.52328767,0,french,3,0,0.131057385,12.4,1.821416993,8.4,0.249945754,13.5,0.853725364,10.1,1.516012755,9.9,0.91443165,101011110,4221325554,5256125436,5689541287,101011010,54.3
male,47.52328767,0,french,3,0,0.131057385,12.4,1.821416993,8.4,0.249945754,13.5,0.853725364,10.1,1.516012755,9.9,0.91443165,101011110,4221325554,5256125436,5689541287,101011010,54.3
male,31.83287671,science,french,6,1,0.225944088,10.1,1.821416993,10.3,-0.404403196,15.5,0.171490204,10.3,1.291039532,8.8,0.621097524,1000110100,4243414544,5542123622,5624198225,10001101,55
male,34.1890411,science,french,6,0,-0.645664753,10.2,0.145914825,4.9,1.9318982,13.5,1.831366539,7.5,1.501565052,8.3,0.953015972,1011010110,1532243152,2451436251,7548371953,110001101,44.4
male,63.64931507,science,french,6,1,-0.004965397,8.8,-0.596190895,17.8,1.629014055,18.8,-1.507886875,15.3,1.050448947,13.4,0.114083967,11011000111,4251325442,5265222556,5384587612,1011100,74.1
male,25.89589041,science,german,6,0,0.665394272,9.1,1.821416993,8.8,0.295128902,15.4,1.075377712,12.4,0.451724915,12.8,0.861808559,1111001000,2313523155,2421634255,5359913756,1110011,58.5
male,30.69589041,science,spanish,6,5,-1.264208577,23.8,1.466399166,8,1.257153515,12.9,1.041471588,28.5,1.841803015,7,0.868523741,1.0101E+11,2155342241,3141634562,1458623985,10010101,80.2
male,44.11232877,science,french,6,0,1.532668597,13.9,0.781777371,10.1,1.497637041,37.1,1.222449,14.8,1.09785683,7.4,1.226477768,1011011100,2443125344,2542636241,4623524857,111011010,83.3
female,47.65753425,0,french,3,0,-3.531128974,17.2,-3.040965737,4.7,0.639641753,16.1,2.099670154,13.7,-15.15284495,9.2,-3.797125552,10101010101,3421534215,2345612345,1111111111,111111111,60.9
male,55.48219178,science,other,6,0,0.727732527,10.2,1.036960055,26.1,1.624263859,12.1,2.355640486,8.1,1.742176632,8.8,1.497354712,11101101001,3224512345,1453624153,5684723917,101010100,65.3
male,19.18630137,0,english,3,0,-0.910361982,5.5,0.35618483,10,1.974269126,7.7,2.469090631,6.2,1.177515461,5.8,1.013339613,1.011E+11,3152432145,2534165243,5627845256,1110101,35.2
female,33.51780822,humanities,other,7,5,0.606995879,13.8,0.35618483,5.1,1.974269126,8,1.407069091,7,1.707305978,6.9,1.210364981,11010000101,4312254213,5531254632,8567294512,101010110,40.8
male,51.94794521,0,spanish,0,3,-0.79783041,22.9,-3.040965737,19,1.239221438,22,1.19226429,16.6,1.76142655,15.5,0.070823226,1.1011E+11,4231214524,2346166342,8297319285,0,96
male,19.84931507,science,other,5,0,-1.305621759,9,0.20659518,10.4,1.418027856,9.9,-0.43630935,5.1,2.043341365,7,0.385206658,101101010,4342541223,2554354315,6247185694,10111100,41.4
male,52.47123288,humanities,spanish,7,0,0.201293726,14.3,1.773448729,29.3,-1.189640743,21.2,1.162719587,17.7,0.742067606,26.2,0.537977781,1100011110,3344422251,5216332144,5736589266,11101001,108.7
male,22.19178082,science,german,5,0,0.944802694,21.6,-0.791814807,14.6,0.878794474,26.9,1.871296863,13.3,0.95727749,10.7,0.772071343,1011010011,1321453245,5322643125,5346862176,101100111,87.1
male,45.69863014,science,other,7,2,-1.402771782,15.4,0.20659518,15.6,0.380863896,26.6,1.145770098,57.7,1.999894425,14.3,0.466070363,1010101101,4153241222,3551412564,5268149273,10011110,129.6
male,5.106849315,0,other,0,NA,-0.097475919,111.9,-0.780898258,34.6,-1.404005154,70,1.762254544,146.3,1.559001334,79.3,0.207775309,1.01111E+11,1234555544,5122345613,2541789582,101101101,442.1
female,25.76712329,science,spanish,5,2,-0.301972727,18.5,0.35618483,63.6,1.221525007,40.4,-0.353472858,29,0.663426308,16.7,0.317138112,1.0111E+11,1332431521,2125265211,4285254163,110001010,168.2
female,23.01643836,0,german,3,4,-4.415494561,12.2,-0.265943141,7.6,0.428793476,21.7,1.263740108,5.6,0.107469104,12.4,-0.576287003,0,4232452332,5326411455,8563322477,101100101,59.5
male,26.01917808,science,other,5,0,0.771756741,5.1,-0.984117278,3.5,-1.310235731,5.4,-0.347716397,3.6,1.05204505,11.4,-0.163653523,101100111,3343543334,5553624336,8639462365,111111100,29
female,27.71232877,0,german,2,2,0.225944088,23.4,0.35618483,24.6,1.515013786,29.8,0.819031299,26.6,-0.615570967,7.9,0.460120607,10110101110,3512451324,6324425114,8886554723,110001010,112.3
male,20.91232877,science,german,6,1,0.817983063,18.1,-0.265943141,44.8,1.52819509,25.9,1.253302059,23.5,2.143107142,11.9,1.095328843,1101110001,2312451354,5254163324,5247198356,10111000,124.2
male,27.23561644,science,german,6,0,-0.590539089,5.3,1.821416993,16.4,1.377945163,10.3,0.217700347,5.4,1.047155547,6.3,0.774735792,11001010100,3412325434,5632556314,8526417451,101001010,43.7
female,21.77808219,science,german,6,4,-0.420979762,7.6,0.35618483,20.7,1.986624066,24.3,2.153178307,13,2.054701956,13,1.22594188,11111,1351245213,1256423451,4356217895,1101010,78.6
male,21.73424658,science,german,4,3,-1.702378474,14.8,1.821416993,16.9,0.830598032,21.9,1.093804069,11.9,1.441796436,13.3,0.697047411,1101010101,3425114541,4563312432,7824691355,101011010,78.8
female,22.64931507,science,german,4,1,0.404517268,14.6,0.35618483,16.3,1.037751224,36.4,-0.513765334,21.3,1.742176632,17.3,0.605372924,1.1101E+11,4221452331,5526111431,4865742391,1110101,105.9
female,24.10410959,other,german,6,NA,-0.733763172,8,0.35618483,7.8,1.52819509,11.9,-2.048304449,10.3,2.143107142,8.9,0.249083888,11010111011,5342514355,4665465654,8562394715,10101100,46.9
female,23.24657534,science,german,6,3,-0.114916696,15.1,0.145914825,9,1.268028506,21.5,1.636954389,22.4,1.391660859,11.6,0.865528376,10001011010,4213544235,6243461524,5342961575,110001101,79.6
male,23.4109589,science,german,5,0,0.841993082,17.8,-0.956960541,22.8,1.64336601,21,0.4989791,18.5,0.783567143,15.4,0.562188959,10001011001,5314552431,1132432566,5526961584,11100,95.5
female,20.43287671,0,german,0,1,1.22902119,13.4,0.35618483,12.1,1.63856501,18.3,1.421660564,6.6,2.244683152,8.2,1.378022949,1011110010,4213245314,4215532612,5432617895,11010101,58.6
male,60.74246575,science,german,7,0,2.40566637,10.5,0.35618483,6.8,1.113462724,13.5,1.762254544,9.8,0.870538196,10.1,1.301621333,1011000111,3431215542,2611542365,5211474968,11010101,50.7
male,63.55890411,other,spanish,6,0,-0.818235958,18.9,-3.040965737,28,0.849136679,44.7,1.266361883,24.4,1.988928063,19.4,0.049044986,1.10001E+11,3541212254,1634213616,5387196584,0,135.4
female,34.24657534,other,german,6,2,0.404517268,14.3,-1.126483048,15.1,1.225045738,13.4,1.500101826,11.5,1.259796114,7.9,0.65259558,1.1101E+11,2131415123,3425216352,5562417854,1100,62.2
male,30.02191781,science,english,5,0,-0.420979762,47.5,-0.47314368,10.7,0.566350116,26.2,-1.378403891,35.8,1.240434451,37.7,-0.093148553,1.1111E+11,3324414254,3335535421,6465728493,110100,157.9
male,52.82739726,science,french,5,0,-4.415494561,17.2,-2.023993528,16.7,1.554951183,12.2,0.984587243,9,0.850503767,11.7,-0.609889179,0,2254313215,2264142635,5491579526,100000,66.8
male,13.93150685,0,other,2,1,0.014702021,12.8,1.821416993,10.9,2.076435944,9.9,2.283018248,8,1.3890109,5.9,1.516916821,110101101,4321512345,1452365134,5417782639,11100001,47.5
male,27.08219178,science,english,4,1,-0.336596018,18.3,-0.678035429,8.5,1.577661317,13.8,0.845940579,12.9,1.204067185,14.6,0.522607527,11101001000,2415354121,2421632526,5245192847,11110110,68.1
male,59.88219178,science,french,6,0,0.304103338,8.7,-0.688451355,23.6,-0.441726944,17,1.518848382,12,1.519609859,13,0.442476656,1010010110,3254123333,5231452632,5627471596,1001010,74.3
male,19.42465753,science,other,4,0,1.701194572,19.9,-3.040965737,28.2,1.218013456,23.6,-0.114106754,23.9,1.039110962,20.2,0.1606493,1011101000,2324125453,5526412126,4685628759,0,115.8
male,36.83561644,science,french,6,0,1.1578835,12.9,0.35618483,32.6,0.53853844,26.3,-0.117027061,9.9,0.564793249,16.6,0.500074591,1111101000,3443523324,1211361215,1427432556,101010011,98.3
female,55.46027397,humanities,german,6,4,-1.283928445,18.4,-0.596190895,22.9,0.644214521,29,1.51570639,13.8,1.54283163,18.4,0.36452664,1.101E+11,1544252142,1636252143,6143887596,100011001,102.5
male,78.66575342,science,french,7,0,1.22902119,20.9,-0.596190895,30.6,0.79171143,31,1.460329317,24.2,1.771226882,27.2,0.931219585,1011000110,5251242154,5234116356,5368427618,110010001,133.9
male,19.3890411,other,english,5,3,0.290609175,14.1,1.773448729,49.4,1.624263859,20.6,0.04576398,22.7,1.742176632,8.8,1.095252475,11111101011,5143251334,3512465246,9682537415,111001010,115.6
male,47.78356164,science,french,7,1,0.225944088,9.9,1.773448729,7.6,1.304926131,11.9,1.879422092,9.2,1.523359746,16.5,1.341420157,11101011010,2331254523,5236125432,5238646927,1010011,55.1
male,30.97260274,science,french,7,1,0.500223415,9.2,0.35618483,13,1.257153515,18,1.384035956,8,1.484150701,12.8,0.996349684,11100100110,2411543325,5122563452,5834479615,101110001,61
male,4.457534247,0,french,0,NA,-1.264208577,30.6,-0.956960541,56,1.515013786,27.6,1.131404271,29.1,-0.572094492,30.1,-0.029369111,1.0101E+11,5432135432,1234562616,9876877936,11100,173.4
female,31.89863014,humanities,french,4,3,-0.645664753,21.3,-0.252960072,23.4,0.224551933,25.3,1.718013592,19.9,1.195516253,17,0.44789139,1011010110,3253214451,5243516241,7524146981,10001010,106.9
male,NA,0,english,1,3,0.389487119,12.9,1.543792939,7,0.683723039,13.3,1.284853738,7.7,1.803081216,9.5,1.14098761,1010001101,2455541234,3412654411,2693478142,111101,50.4
male,17.39452055,0,english,3,3,0.404517268,20.4,-0.47314368,5.9,0.702724117,15,-0.997183665,21.8,1.441796436,10.3,0.215742095,1.1101E+11,4243543132,2323254362,8856247913,111100110,73.4
male,24.16986301,science,english,4,0,-1.283928445,7.7,1.336502127,8.5,1.850957503,10.8,2.099670154,17.2,2.113637588,8.3,1.223367785,1.101E+11,1543244315,1234561234,1236547913,100110101,52.5
male,43.6739726,humanities,english,4,3,0.374697463,15.3,-1.126483048,15.2,1.142989148,21.8,1.242941618,17.8,0.055303129,10.5,0.337889662,1011010001,2353411224,2352415662,5168755652,1100000,80.6
female,29.7260274,science,french,6,4,1.833467516,10.3,1.821416993,13.4,0.628277305,15,1.490822283,9.9,0.726464541,8.5,1.300089728,101110011,4224531122,2235144362,5627718933,10100101,57.1
female,30.19178082,science,french,6,0,-2.429624051,4.6,0.35618483,22.5,-0.151918243,6.6,0.792631834,6.7,1.626197526,10.3,0.038694379,1.001E+11,3212143543,5214115365,8341746592,1110101,50.7
male,61.83835616,science,french,7,0,-0.336596018,10.1,0.35618483,34.9,1.176573907,14.8,1.194754859,16.8,0.447398526,12.9,0.567663221,11101001000,3341232544,2553614423,5615477568,1101010,89.5
male,59.71506849,science,spanish,6,1,0.055338621,37.7,0.781777371,32.1,0.55773134,37.7,1.2689886,13.7,1.411412991,13.4,0.815049785,1001011110,5341243432,5253165426,6382456985,100101,134.6
male,42.85753425,science,spanish,6,2,0.045010762,16.7,-3.040965737,12.7,1.591473532,17,1.630123626,11.7,2.021266031,10.6,0.449381643,1001011011,4523415123,5262315436,5347812493,0,68.7
male,48.36986301,science,spanish,6,0,-0.014644373,10.3,1.269405268,15.2,0.46840454,12.4,2.408230612,13.2,2.073961189,11.4,1.241071447,1001101100,3413542142,2435165243,5473968451,1100001,62.5
male,10.92054795,0,spanish,1,1,0.238520252,31,0.35618483,21.2,1.264393743,23.9,1.36137736,25.1,1.414101655,14,0.926915568,1010111001,4234351242,5263514465,5315682945,11100010,115.2
male,12.85479452,0,spanish,2,5,-0.693076878,6,0.068744507,13.2,-4.601111644,10.3,-11.37692329,3,-12.48233388,8,-5.816940238,1.11111E+11,3431555555,5555555555,8855555555,10101010,40.5
male,27.83835616,science,english,5,0,0.251269885,12.5,0.781777371,12.8,0.492742776,11.3,-0.051322595,8.9,0.845279312,10.2,0.46394935,11110010001,3545314211,2625142333,7644538367,110111100,55.7
male,29.56712329,science,english,7,0,-0.236182088,11.2,0.35618483,7.9,-0.32872716,15,-0.168572348,7.6,0.744159961,8.3,0.073372639,1110110111,4251111245,5113625362,4859873626,10101100,50
male,46.41917808,0,other,3,0,1.091831565,10.5,-3.040965737,9.7,1.629014055,17.5,1.589827624,13,1.943548639,13,0.642651229,11001011110,4325412343,2534632452,6254781942,0,63.7
female,9.816438356,0,other,1,0,-1.674032116,20.9,-3.040965737,14.1,1.692341555,23,1.445329463,21.9,-0.232634743,14.9,-0.361992315,110110110,4522134452,6533411562,5112677526,0,94.8
female,37.67945205,humanities,german,6,1,0.331697441,13,1.821416993,18.3,1.86222685,15.5,1.187296467,18.4,2.244683152,10.2,1.489464181,1011101011,2315341523,5244315262,5624781935,10011101,75.4
male,23.2109589,science,spanish,4,0,-1.616294023,10,-0.956960541,11.7,1.176573907,9,0.865484699,7,2.113637588,11.8,0.316488326,1.0001E+11,4315243352,3412151613,5471386957,110001111,49.5
male,51.24109589,other,german,4,0,-0.526397725,20.1,0.145914825,13.2,1.573088549,25.6,1.3811834,22.9,1.105111592,16.5,0.735780128,1.00101E+11,2432513423,4225416325,5136528423,101100011,98.3
male,20.10958904,humanities,other,4,1,1.124267658,16.9,0.089538752,13.9,0.906334883,23.5,1.372660604,26.6,1.385308571,39.3,0.975622093,111100111,2243254134,3655123562,8471638561,11010111,120.2
male,58.51232877,science,other,5,0,-0.759925309,17.2,0.20659518,35.5,1.010421963,16.6,0.655750151,11.1,1.887173035,11.1,0.600003004,1010111010,2434552131,5132264526,5236914568,101001100,91.5
male,23.73424658,science,spanish,4,0,1.266754339,5.4,0.089538752,4.1,1.682402919,11.2,-0.170445296,6,0.729572583,10,0.719564659,101101111,3243451324,2224316563,5477568295,101111001,36.7
male,35.64931507,science,other,6,4,-1.438529766,13.5,0.35618483,8.4,1.106988293,12.7,0.959096174,7.5,1.457768534,8.8,0.488301613,1.01101E+11,4212153142,1526362556,1527846241,11100010,50.9
male,50.69589041,science,spanish,6,0,-0.123515212,31.7,0.35618483,17.6,1.476226748,35.7,1.328065664,12.7,1.723820841,13.6,0.952156574,1011010010,2312543524,1541623526,5714862598,100101010,111.3
female,22.3260274,science,german,4,4,0.331697441,12.9,-3.040965737,16.9,1.586853702,26.6,1.145770098,22.5,1.928087889,20,0.390288679,1011100110,2341542311,5232655412,3457182596,0,98.9
male,15.92876712,0,english,3,0,-0.315978053,7.3,0.35618483,14.1,2.037209509,15.5,1.110129461,28.8,1.887173035,4.5,1.014943757,11011101001,1543253441,2454653251,9134285946,10101001,70.2
female,32.89315068,science,english,7,0,0.74948256,7.2,0.145914825,5.9,1.591473532,11.9,0.652367933,6.3,2.174028829,6.4,1.062653536,11101010011,4251324553,1632525664,5436798145,110001101,37.7
male,26.76438356,science,english,4,1,1.266754339,11.8,0.35618483,11.2,0.111995363,19.5,2.114060708,11.8,1.893948021,10.5,1.148588652,11101001100,5141154142,5246143256,8576245931,100011101,64.8
male,18.99726027,science,spanish,5,2,1.091831565,9.7,0.35618483,11.3,1.05317727,15.2,1.531487679,7.3,1.86630319,8.9,1.179796907,11010011100,4255231125,1522633541,5279835174,10100011,52.4