sequence,complexity,length_type,language,q_length,answer,a_length,temperature,real_code,print_code,no_code,explanation,no_sense
"Complexity: 4[ 29, 57, 68, 120, 134, 140, 173, 197, 283, 31]",4,0,INTERCAL,180,"```intercal
DO ,1 <- #29
DO ,2 <- #57
DO ,3 <- #68
DO ,4 <- #120
DO ,5 <- #134
DO ,6 <- #140
DO ,7 <- #173
DO ,8 <- #197
DO ,9 <- #283
DO ,10 <- #313
DO ,11 <- #0
DO COME FROM #12
(1) DO ,1 SUB #1 <- #10
DO COME FROM #5
DO ,1 SUB #1 <- #1
PLEASE DO ,12 SUB #1 <- #238
DO ,12 SUB #1 <- #112
DO ,12 SUB #1 <- #101
DO ,12 SUB #1 <- #97
DO ,12 SUB #1 <- #115
DO ,12 SUB #1 <- #101
DO ,12 SUB #1 <- #32
DO ,12 SUB #1 <- #103
DO ,12 SUB #1 <- #105
DO ,12 SUB #1 <- #118
DO ,12 SUB #1 <- #101
DO ,12 SUB #1 <- #32
DO ,12 SUB #1 <- #117
DO ,12 SUB #1 <- #112
DO ,12 SUB #1 <- #32
DO ,12 SUB #1 <- #111
DO ,12 SUB #1 <- #110
DO ,12 SUB #1 <- #32
DO ,12 SUB #1 <- #116
DO ,12 SUB #1 <- #104
DO ,12 SUB #1 <- #105
DO ,12 SUB #1 <- #115
DO ,12 SUB #1 <- #0
PLEASE DO READ OUT ,1
DO READ OUT ,2
DO READ OUT ,3
DO READ OUT ,4
PLEASE DO READ OUT ,5
DO READ OUT ,6
DO READ OUT ,7
DO READ OUT ,8
DO READ OUT ,9
DO READ OUT ,10
(5) PLEASE FORGET #1
(12) PLEASE GIVE UP
```",954,1.0,0,0,0,0,0
"Complexity: 4[ 24, 26, 36, 40, 184, 226, 244, 384, 391, 42]",4,0,INTERCAL,179,"```intercal
DO ,1 <- #24
DO ,2 <- #26
DO ,3 <- #36
DO ,4 <- #40
DO ,5 <- #184
DO ,6 <- #226
DO ,7 <- #244
DO ,8 <- #384
DO ,9 <- #391
DO ,10 <- #423
DO ,11 <- #10
DO COME FROM (2)
(1) DO ,1 SUB #1 <- #0
DO ,11 SUB #1 <- #1
PLEASE DO READ OUT ,1
DO ,11 SUB #1 <- #2
PLEASE DO READ OUT ,2
DO ,11 SUB #1 <- #3
PLEASE DO READ OUT ,3
DO ,11 SUB #1 <- #4
PLEASE DO READ OUT ,4
DO ,11 SUB #1 <- #5
PLEASE DO READ OUT ,5
DO ,11 SUB #1 <- #6
PLEASE DO READ OUT ,6
DO ,11 SUB #1 <- #7
PLEASE DO READ OUT ,7
DO ,11 SUB #1 <- #8
PLEASE DO READ OUT ,8
DO ,11 SUB #1 <- #9
PLEASE DO READ OUT ,9
DO ,11 SUB #1 <- #10
PLEASE DO READ OUT ,10
DO GIVE UP
```",639,1.0,0,0,0,0,0
"Complexity: 4[ 90, 203, 212, 235, 270, 324, 342, 352, 371, 41]",4,0,INTERCAL,182,"```intercal
DO ,1 <- #9
DO ,2 <- #0
DO ,3 <- #2
DO ,4 <- #0
DO ,5 <- #3
PLEASE WRITE IN ,1
DO ,6 <- #2
DO ,7 <- #1
DO ,8 <- #2
PLEASE WRITE IN ,2
DO ,9 <- #2
DO ,10 <- #3
DO ,11 <- #5
PLEASE WRITE IN ,3
DO ,12 <- #2
DO ,13 <- #7
DO ,14 <- #0
PLEASE WRITE IN ,4
DO ,15 <- #3
DO ,16 <- #2
DO ,17 <- #4
PLEASE WRITE IN ,5
DO ,18 <- #3
DO ,19 <- #4
DO ,20 <- #2
PLEASE WRITE IN ,6
DO ,21 <- #3
DO ,22 <- #5
DO ,23 <- #2
PLEASE WRITE IN ,7
DO ,24 <- #3
DO ,25 <- #7
DO ,26 <- #1
PLEASE WRITE IN ,8
DO ,27 <- #4
DO ,28 <- #1
DO ,29 <- #7
PLEASE WRITE IN ,9
PLEASE GIVE UP
```",569,1.0,0,0,0,0,0
"Complexity: 4[ 90, 203, 212, 235, 270, 324, 342, 352, 371, 41]",4,0,INTERCAL,182,ERROR!!!,569,1.0,0,0,0,0,0
"Complexity: 4[ 62, 98, 130, 154, 290, 315, 324, 385, 408, 44]",4,0,INTERCAL,181,"```intercal
DO ,1 <- #10
DO ,2 <- #0
DO ,3 <- #9
DO ,4 <- #3
DO ,5 <- #6
DO ,6 <- #2
DO ,7 <- #9
DO ,8 <- #8
DO ,9 <- #1
DO ,10 <- #3
DO ,11 <- #0
DO ,12 <- #1
DO ,13 <- #5
DO ,14 <- #4
DO ,15 <- #2
DO ,16 <- #9
DO ,17 <- #0
DO ,18 <- #3
DO ,19 <- #1
DO ,20 <- #5
DO ,21 <- #3
DO ,22 <- #2
DO ,23 <- #4
DO ,24 <- #3
DO ,25 <- #8
DO ,26 <- #5
DO ,27 <- #4
DO ,28 <- #0
DO ,29 <- #8
DO ,30 <- #4
DO ,31 <- #4
DO ,32 <- #7
PLEASE DO ,1 SUB #1 <- #238
DO ,1 SUB #2 <- #242
DO ,1 SUB #3 <- #250
DO ,1 SUB #4 <- #261
DO ,1 SUB #5 <- #343
DO ,1 SUB #6 <- #355
DO ,1 SUB #7 <- #364
DO ,1 SUB #8 <- #448
DO ,1 SUB #9 <- #483
DO ,1 SUB #10 <- #528
DO .1 <- #1
PLEASE GIVE UP
```",668,1.0,0,0,0,0,0
"Complexity: 4[ 2, 42, 66, 102, 153, 195, 201, 252, 306, 39]",4,0,INTERCAL,179,"```INTERCAL
DO ,1 <- #9
DO ,2 <- #2
DO ,3 <- #42
DO ,4 <- #66
DO ,5 <- #102
DO ,6 <- #153
DO ,7 <- #195
DO ,8 <- #201
DO ,9 <- #252
DO ,10 <- #306
DO ,11 <- #396
PLEASE DO ,1SUB#1 <- ,2
DO .1 <- #5
DO .2 <- #10
DO .3 <- #13
DO .4 <- #23
DO .5 <- #28
DO .6 <- #29
DO .7 <- #31
DO WRITE IN ,1
DO WRITE IN ,3
DO WRITE IN ,4
DO WRITE IN ,5
DO WRITE IN ,6
DO WRITE IN ,7
DO WRITE IN ,8
DO WRITE IN ,9
DO WRITE IN ,10
DO WRITE IN ,11
PLEASE GIVE UP
```",446,1.0,0,0,0,0,0
"Complexity: 4[ 128, 151, 153, 217, 224, 332, 382, 400, 450, 47]",4,0,INTERCAL,183,"```intercal
DO ,1 <- #123
DO ,2 <- #9
DO ,3 <- #292
DO ,4 <- #191
DO ,5 <- #209
DO ,6 <- #497
DO ,7 <- #575
DO ,8 <- #600
DO ,9 <- #675
DO ,10 <- #718
PLEASE DO ,11 <- #10
DO ,12 <- #1
PLEASE DO ,13 <- #1
(1) PLEASE DO (1000) NEXT
DO COME FROM (2)
DO ,12 <- ',12~#1'
DO ,13 <- ',13~#1'
DO (2) NEXT
DO (1) NEXT
DO (3) PLEASE DO (1000) NEXT
DO COME FROM (4)
DO ,11 SUB #1 <- #0
DO (4) NEXT
DO (3) NEXT
DO (5) PLEASE DO (1000) NEXT
DO COME FROM (6)
DO ,11 SUB #1 <- #0
DO (6) NEXT
DO (5) NEXT
DO (7) PLEASE DO (1000) NEXT
DO COME FROM (8)
DO ,11 SUB #1 <- #0
DO (8) NEXT
DO (7) NEXT
DO (9) PLEASE DO (1000) NEXT
DO COME FROM (10)
DO ,11 SUB #1 <- #0
DO (10) NEXT
DO (9) NEXT
DO (11) PLEASE DO (1000) NEXT
DO COME FROM (12)
DO ,11 SUB #1 <- #0
DO (12) NEXT
DO (11) NEXT
DO (13) PLEASE DO (1000) NEXT
PLEASE DO (1001) NEXT
DO COME FROM (14)
DO ,11 SUB #1 <- #0
DO (14) NEXT
DO (13) NEXT
PLEASE READ OUT ,1
PLEASE READ OUT ,2
PLEASE READ OUT ,3
PLEASE READ OUT ,4
PLEASE READ OUT ,5
PLEASE READ OUT ,6
PLEASE READ OUT ,7
PLEASE READ OUT ,8
PLEASE READ OUT ,9
PLEASE READ OUT ,10
PLEASE GIVE UP
```",1091,1.0,0,0,0,0,0
"Complexity: 4[ 26, 50, 114, 148, 160, 170, 274, 347, 432, 49]",4,0,INTERCAL,181,"```intercal
DO ,1 <- #10
PLEASE DO ,1SUB#1 <- #26
DO ,1SUB#2 <- #50
PLEASE DO ,1SUB#3 <- #114
DO ,1SUB#4 <- #148
PLEASE DO ,1SUB#5 <- #160
DO ,1SUB#6 <- #170
PLEASE DO ,1SUB#7 <- #274
DO ,1SUB#8 <- #347
PLEASE DO ,1SUB#9 <- #432
DO ,1SUB#10 <- #497
DO COME FROM #2
PLEASE FORGET #1
(1) DO ,101 <- '#1$#256'
DO ,102 <- '#2$#256'
PLEASE DO ,103 <- '#3$#256'
DO ,104 <- '#4$#256'
DO ,105 <- '#5$#256'
PLEASE DO ,106 <- '#6$#256'
DO ,107 <- '#7$#256'
DO ,108 <- '#8$#256'
PLEASE DO ,109 <- '#9$#256'
DO ,110 <- '#10$#256'
DO WRITE IN ,1
PLEASE GIVE UP
```",551,1.0,0,0,0,0,0
"Complexity: 4[ 48, 94, 176, 177, 219, 276, 282, 283, 459, 48]",4,0,INTERCAL,181,"```intercal
DO ,1 <- #123
DO ,2 <- #9
DO ,3 <- #405
DO ,4 <- #256
DO ,5 <- #479
DO ,6 <- #58
DO ,7 <- #468
DO ,8 <- #198
DO ,9 <- #84
DO ,10 <- #128
PLEASE DO ,11 <- #1
DO ,12 <- #48
DO ,13 <- #176
DO ,14 <- #219
DO ,15 <- #282
DO ,16 <- #459
DO COME FROM (12)
PLEASE DO (1000) NEXT
DO ,11 SUB #1 <- ',12
DO ,12 SUB #1 <- ',13
DO ,13 SUB #1 <- ',14
DO ,14 SUB #1 <- ',15
DO ,15 SUB #1 <- ',16
DO ,16 SUB #1 <- ',17
PLEASE READ OUT ,12
DO ,17 SUB #1 <- ',18
PLEASE READ OUT ,13
DO ,18 SUB #1 <- ',19
PLEASE READ OUT ,14
DO ,19 SUB #1 <- ',20
PLEASE READ OUT ,15
DO ,20 SUB #1 <- ',21
PLEASE READ OUT ,16
DO ,21 SUB #1 <- ',22
PLEASE READ OUT ,17
DO ,22 SUB #1 <- ',23
PLEASE READ OUT ,18
DO ,23 SUB #1 <- ',24
PLEASE READ OUT ,19
DO ,24 SUB #1 <- ',25
PLEASE READ OUT ,20
DO ,25 SUB #1 <- ',26
PLEASE READ OUT ,21
DO ,26 SUB #1 <- ',27
PLEASE READ OUT ,22
PLEASE GIVE UP
```",873,1.0,0,0,0,0,0
"Complexity: 4[ 139, 252, 272, 281, 304, 361, 370, 415, 438, 50]",4,0,INTERCAL,183,"```INTERCAL
DO ,1 <- #10
PLEASE DO ,1 SUB #1 <- #139
DO ,1 SUB #2 <- #252
DO ,1 SUB #3 <- #272
DO ,1 SUB #4 <- #281
DO ,1 SUB #5 <- #304
DO ,1 SUB #6 <- #361
DO ,1 SUB #7 <- #370
DO ,1 SUB #8 <- #415
DO ,1 SUB #9 <- #438
DO ,1 SUB #10 <- #500
DO ,2 <- #1
PLEASE DO (1) NEXT
DO ,3 <- #10
PLEASE DO (2) NEXT
DO COME FROM (3)
PLEASE READ OUT ,1 SUB ,2
DO ,2 <- ,2 + #1
DO (2) NEXT
PLEASE GIVE UP
```",396,1.0,0,0,0,0,0
"Complexity: 4[ 15, 95, 115, 195, 240, 318, 326, 350, 432, 45]",4,0,INTERCAL,181,"```intercal
DO ,1 <- #10
DO ,2 <- #0
PLEASE DO ,3 <- #15
DO ,4 <- #80
DO ,5 <- #20
DO ,6 <- #8
PLEASE DO ,7 <- #24
DO ,8 <- #82
DO ,9 <- #18
DO ,10 <- #1
PLEASE DO ,11 <- #10
DO ,12 <- #0
PLEASE READ OUT ,3
DO ,3 <- ',3',+',4'
PLEASE READ OUT ,3
DO ,3 <- ',3',+',5'
PLEASE READ OUT ,3
DO ,3 <- ',3',+',4',+',6'
PLEASE READ OUT ,3
DO ,3 <- ',3',+',7'
PLEASE READ OUT ,3
DO ,3 <- ',3',+',8'
PLEASE READ OUT ,3
DO ,3 <- ',3',-'+',+',9'
PLEASE READ OUT ,3
DO ,3 <- ',3',+'-',+'-',+'-',+'-',+'-'
PLEASE READ OUT ,3
DO ,3 <- ',3',+'-',+'-',+'-',+'-'
PLEASE READ OUT ,3
DO ,3 <- ',3',+',10'
PLEASE READ OUT ,3
DO ,3 <- ',3',+',11',-'+',+',12'
PLEASE GIVE UP
```",654,1.0,0,0,0,0,0
"Complexity: 4[ 134, 224, 293, 378, 379, 395, 434, 451, 482, 49]",4,0,INTERCAL,183,"```intercal
DO ,1 <- #123
DO ,2 <- #10
DO ,3 <- #123
DO ,4 <- #234
DO ,5 <- #255
DO ,6 <- #321
DO ,7 <- #378
DO ,8 <- #379
DO ,9 <- #395
DO ,10 <- #434
DO ,11 <- #451
DO ,12 <- #482
DO ,13 <- #496
PLEASE DO ,1 SUB #1 <- #134
DO ,2 SUB #1 <- #224
DO ,3 SUB #1 <- #293
DO ,4 SUB #1 <- #378
DO ,5 SUB #1 <- #379
DO ,6 SUB #1 <- #395
DO ,7 SUB #1 <- #434
DO ,8 SUB #1 <- #451
DO ,9 SUB #1 <- #482
DO ,10 SUB #1 <- #496
DO COME FROM (1)
PLEASE READ OUT ,1
DO COME FROM (2)
PLEASE READ OUT ,2
DO COME FROM (3)
PLEASE READ OUT ,3
DO COME FROM (4)
PLEASE READ OUT ,4
DO COME FROM (5)
PLEASE READ OUT ,5
DO COME FROM (6)
PLEASE READ OUT ,6
DO COME FROM (7)
PLEASE READ OUT ,7
DO COME FROM (8)
PLEASE READ OUT ,8
DO COME FROM (9)
PLEASE READ OUT ,9
DO COME FROM (10)
PLEASE READ OUT ,10
DO GIVE UP
```",791,1.0,0,0,0,0,0
"Complexity: 4[ 23, 93, 142, 145, 245, 266, 296, 317, 428, 49]",4,0,INTERCAL,181,"```intercal
DO ,1 <- #23
DO ,2 <- #70
DO ,3 <- #49
DO ,4 <- #3
DO ,5 <- #100
DO ,6 <- #21
DO ,7 <- #30
DO ,8 <- #21
DO ,9 <- #111
DO ,10 <- #67
DO ,11 <- #1
PLEASE DO ,1 SUB #1 <- ,1
DO ,2 SUB #1 <- ,2
PLEASE DO ,3 SUB #1 <- ,3
DO ,4 SUB #1 <- ,4
PLEASE DO ,5 SUB #1 <- ,5
DO ,6 SUB #1 <- ,6
PLEASE DO ,7 SUB #1 <- ,7
DO ,8 SUB #1 <- ,8
PLEASE DO ,9 SUB #1 <- ,9
DO ,10 SUB #1 <- ,10
PLEASE READ OUT ,1
PLEASE READ OUT ,2
PLEASE READ OUT ,3
PLEASE READ OUT ,4
PLEASE READ OUT ,5
PLEASE READ OUT ,6
PLEASE READ OUT ,7
PLEASE READ OUT ,8
PLEASE READ OUT ,9
PLEASE READ OUT ,10
```
Please note that INTERCAL is designed to be deliberately distinct from conventional programming languages and this code does not directly print a sequence based on operations to generate the sequence from the previous number, but rather directly outputs the numbers in the sequence.",861,1.0,0,0,0,0,0
"Complexity: 4[ 18, 39, 71, 194, 197, 219, 263, 270, 416, 47]",4,0,INTERCAL,180,"```intercal
DO ,1 <- #0
DO ,2 <- #1
DO ,3 <- '#202
DO ,4 <- '#733
DO ,5 <- '#23
DO ,6 <- '#15
DO ,7 <- '#117
DO ,8 <- '#14
DO ,9 <- '#109
DO ,10 <- '#20
DO ,11 <- #1
DO ,12 <- #10
DO ,13 <- #1
PLEASE DO ,14 <- #2
DO ,15 <- #2
DO COME FROM (15)
DO ,16 <- #2
DO ,17 <- #0
DO ,18 <- #5
DO ,19 <- #5
DO ,20 <- #5
DO ,21 <- #10
DO ,22 <- #10
DO ,23 <- #3
DO ,24 <- #10
DO ,25 <- #5
DO ,26 <- #6
DO ,27 <- #7
DO ,28 <- #8
DO ,29 <- #4
DO ,30 <- #8
PLEASE DO ,31 <- #9
DO ,32 <- #5
DO ,33 <- #6
DO ,34 <- #7
DO ,35 <- #9
DO ,36 <- #10
DO ,37 <- #4
DO ,38 <- #8
DO COME FROM (15)
DO ,39 <- #2
DO ,40 <- #1
DO ,41 <- #2
PLEASE DO ,42 <- #10
DO ,43 <- #4
DO ,44 <- #4
DO ,45 <- #3
DO ,46 <- #5
DO ,47 <- #10
DO ,48 <- #11
DO ,49 <- #8
DO ,50 <- #9
DO ,51 <- #5
DO ,52 <- #10
DO ,53 <- #6
DO ,54 <- #3
DO ,55 <- #2
DO ,56 <- #4
DO ,57 <- #9
DO ,58 <- #3
DO ,59 <- #5
DO ,60 <- #5
DO COME FROM (15)
DO ,61 <- #10
DO ,62 <- #9
DO ,63 <- #5
DO ,64 <- #10
DO ,65 <- #2
DO ,66 <- #7
DO ,67 <- #5
DO ,68 <- #6
PLEASE DO ,69 <- #8
DO ,70 <- #9
DO ,71 <- #1
DO ,72 <- #3
DO ,73 <- #3
DO ,74 <- #3
DO ,75 <- #2
DO ,76 <- #3
DO ,77 <- #5
DO ,78 <- #6
DO ,79 <- #7
DO ,80 <- #8
DO ,81 <- #8
PLEASE DO ,82 <- #9
DO ,83 <- #5
DO ,84 <- #3
DO ,85 <- #5
DO ,86 <- #7
DO ,87 <- #3
DO ,88 <- #5
DO COME FROM (15)
DO ,89 <- #10
DO ,90 <- #9
DO ,91 <- #5
DO ,92 <- #2
DO ,93 <- #5
DO ,94 <- #5
DO ,95 <- #10
DO ,96 <- #10
DO ,97 <- #10
DO ,98 <- #1
DO ,99 <- #10
DO ,100 <- #2
DO ,101 <- #1
PLEASE DO ,102 <- #2
DO ,103 <- #4
DO ,104 <- #5
DO ,105 <- #7
DO ,106 <- #3
DO ,107 <- #5
DO ,108 <- #3
DO ,109 <- #10
DO ,110 <- #2
DO ,111 <- #1
DO ,112 <- #2
DO ,113 <- #1
DO ,114 <- #4
PLEASE DO ,115 <- #6
DO ,116 <- #5
DO ,117 <- #3
DO ,118 <- #2
DO ,119 <- #7
DO ,120 <- #8
DO ,121 <- #1
DO ,122 <- #2
DO ,123 <- #3
DO ,124 <- #4
DO ,125 <- #5
DO ,126 <- #6
DO ,127 <- #1
DO ,128 <- #2
PLEASE DO ,129 <- #1
DO ,130 <- #2
DO ,131 <- #3
PLEASE DO ,132 <- #4
PLEASE DO ,133 <- #3
PLEASE DO ,134 <- #7
PLEASE DO ,135 <- #8
PLEASE DO ,136 <- #1
PLEASE DO ,137 <- #2
PLEASE DO ,138 <- #4
PLEASE DO ,139 <- #10
DO WRITE IN ,137
DO WRITE IN ,138
DO WRITE IN ,139
PLEASE GIVE UP
```",2141,1.0,0,0,0,0,0
"Complexity: 4[ 9, 84, 144, 170, 325, 393, 401, 405, 435, 49]",4,0,INTERCAL,180,"```intercal
DO ,1 <- #9
DO ,2 <- #84
DO ,3 <- #144
DO ,4 <- #170
DO ,5 <- #325
DO ,6 <- #393
DO ,7 <- #401
DO ,8 <- #405
DO ,9 <- #435
DO ,10 <- #497
DO COME FROM #11
DO ,11 <- #1
PLEASE DO ,12 <- #10
DO ,13 <- #1
DO (2)NEXT
DO (13) NEXT
DO READ OUT ,1
DO (13) NEXT
DO (13) NEXT
DO (13) NEXT
DO READ OUT ,2
DO (13) NEXT
DO (13) NEXT
DO (13) NEXT
DO READ OUT ,3
DO (13) NEXT
DO (13) NEXT
DO (13) NEXT
DO READ OUT ,4
DO (13) NEXT
DO (13) NEXT
DO (13) NEXT
DO READ OUT ,5
DO (13) NEXT
DO (13) NEXT
DO (13) NEXT
DO READ OUT ,6
DO (13) NEXT
DO (13) NEXT
DO (13) NEXT
DO READ OUT ,7
DO (13) NEXT
DO (13) NEXT
DO (13) NEXT
DO READ OUT ,8
DO (13) NEXT
DO (13) NEXT
DO (13) NEXT
DO READ OUT ,9
DO (13) NEXT
DO (13) NEXT
DO (13) NEXT
DO READ OUT ,10
PLEASE GIVE UP
```",758,1.0,0,0,0,0,0
"Complexity: 4[ 26, 40, 202, 267, 282, 340, 359, 408, 410, 49]",4,0,INTERCAL,181,"```intercal
DO ,1 <- #9
DO ,2 <- #2
DO ,3 <- #11
DO ,4 <- #13
DO ,5 <- #8
DO ,6 <- #26
DO ,7 <- #7
DO ,8 <- #12
DO ,9 <- #3
DO ,10 <- #12
DO ,11 <- #24
PLEASE DO ,12 <- #18
DO ,13 <- #5
DO ,14 <- #3
DO ,15 <- #2
DO ,16 <- #27
DO ,17 <- #27
DO ,18 <- #17
DO ,19 <- #15
DO ,20 <- #27
PLEASE DO ,21 <- #5
DO ,22 <- #25
DO ,23 <- #5
DO ,24 <- #3
DO ,25 <- #20
DO ,26 <- #6
DO ,27 <- #8
DO ,28 <- #11
DO ,29 <- #27
PLEASE DO ,30 <- #6
DO ,31 <- #9
DO ,32 <- #31
DO ,33 <- #21
DO ,34 <- #30
DO ,35 <- #3
PLEASE DO ,36 <- #10
PLEASE DO ,37 <- #14
PLEASE DO ,38 <- #2
DO ,39 <- #20
DO ,40 <- #23
DO ,41 <- #5
DO ,42 <- #4
PLEASE DO ,43 <- #23
DO ,44 <- #11
DO ,45 <- #26
DO ,46 <- #14
DO ,47 <- #18
DO ,48 <- #28
DO ,49 <- #16
PLEASE DO ,50 <- #11
DO ,51 <- #6
DO ,52 <- #27
DO ,53 <- #27
DO ,54 <- #19
DO ,55 <- #11
PLEASE DO ,56 <- #16
PLEASE DO ,57 <- #9
DO ,58 <- #18
PLEASE DO ,59 <- #15
PLEASE DO ,60 <- #11
DO ,61 <- #7
DO ,62 <- #25
DO ,63 <- #5
DO ,64 <- #16
PLEASE DO ,65 <- #5
DO ,66 <- #13
DO ,67 <- #23
DO ,68 <- #15
DO ,69 <- #20
PLEASE DO COME FROM #70
PLEASE .1
PLEASE .2
PLEASE .3
PLEASE .4
PLEASE .5
PLEASE .6
PLEASE .7
PLEASE .8
PLEASE .9
PLEASE .10
PLEASE GIVE UP
```",1179,1.0,0,0,0,0,0
"Complexity: 4[ 34, 92, 164, 165, 209, 296, 414, 456, 467, 49]",4,0,INTERCAL,181,"```intercal
DO ,1 <- #123
DO ,2 <- #9
DO ,3 <- #492
DO ,4 <- #664
DO ,5 <- #665
DO ,6 <- #709
DO ,7 <- #796
DO ,8 <- #914
DO ,9 <- #956
DO ,10 <- #967
DO ,11 <- #994
DO ,12 <- #0
PLEASE DO ,1000 <- #1
DO ,1001 SUB #1 <- ,1
PLEASE DO ,1002 SUB #1 <- ,2
DO ,1003 SUB #1 <- ,3
PLEASE DO ,1004 SUB #1 <- ,4
DO ,1005 SUB #1 <- ,5
PLEASE DO ,1006 SUB #1 <- ,6
DO ,1007 SUB #1 <- ,7
PLEASE DO ,1008 SUB #1 <- ,8
DO ,1009 SUB #1 <- ,9
PLEASE DO ,1010 SUB #1 <- ,10
DO ,1011 SUB #1 <- ,11
PLEASE DO ,1012 SUB #1 <- ,12
DO COME FROM #1000
DO READ OUT ,1001
DO READ OUT ,1002
PLEASE DO READ OUT ,1003
DO READ OUT ,1004
PLEASE DO READ OUT ,1005
DO READ OUT ,1006
PLEASE DO READ OUT ,1007
DO READ OUT ,1008
PLEASE DO READ OUT ,1009
DO READ OUT ,1010
PLEASE DO READ OUT ,1011
DO GIVE UP
```",776,1.0,0,0,0,0,0
"Complexity: 4[ 16, 119, 121, 123, 135, 139, 285, 311, 409, 41]",4,0,INTERCAL,182,"```intercal
DO ,1 <- #16
DO ,2 <- #119
DO ,3 <- #121
DO ,4 <- #123
DO ,5 <- #135
DO ,6 <- #139
DO ,7 <- #285
DO ,8 <- #311
DO ,9 <- #409
DO ,10 <- #412
PLEASE DO ,1 SUB #1 <- #0
DO ,11 <- #10
DO ,12 <- #1
PLEASE DO ,12 SUB #1 <- #1
DO ,13 <- #0
PLEASE DO ,1000 NEXT
DO ,11 SUB #1 <- #1
DO READ OUT ,11 SUB #1
PLEASE GIVE UP
```",327,1.0,0,0,0,0,0
"Complexity: 4[ 8, 11, 12, 103, 116, 196, 247, 254, 389, 42]",4,0,INTERCAL,179,"```intercal
DO ,1 <- #8
DO ,2 <- #3
DO ,3 <- #1
DO ,4 <- #91
DO COME FROM (4)
DO ,5 <- ,1~#3
DO ,6 <- ,1!#7
DO ,7 <- #250
PLEASE ,5 <- ,5~#2
DO ,8 <- ,5!#3
PLEASE ,8 <- ,8~#4
DO ,9 <- ,8!#5
DO ,10 <- ,9~#6
DO ,11 <- ,10!#7
DO ,12 <- ,11~#8
DO ,13 <- ,12!#9
DO ,14 <- ,13~#10
DO ,15 <- ,14!#11
DO ,16 <- ,15~#12
DO ,17 <- ,16!#13
DO ,18 <- ,17~#14
DO ,19 <- ,18!#15
DO ,20 <- ,19~#0
DO ,21 <- ,20!#1
PLEASE GIVE UP
```",417,1.0,0,0,0,0,0
"Complexity: 4[ 12, 36, 96, 119, 171, 213, 221, 232, 363, 45]",4,0,INTERCAL,180,"```intercal
DO ,1 <- #13
DO ,2 <- #1
DO ,3 <- #3
DO ,4 <- #6
DO ,5 <- #9
DO ,6 <- #6
DO ,7 <- #1
DO ,8 <- #1
DO ,9 <- #9
DO ,10 <- #1
DO ,11 <- #7
DO ,12 <- #1
DO ,13 <- #2
DO ,14 <- #1
DO ,15 <- #3
DO ,16 <- #2
DO ,17 <- #2
DO ,18 <- #3
DO ,19 <- #6
DO ,20 <- #3
DO ,21 <- #4
DO ,22 <- #5
DO ,23 <- #1
PLEASE DO ,24 <- #0
DO ,25 <- #10
DO ,26 <- #1
PLEASE FORGET #1
DO .1 <- #257
DO .2 <- #258
DO .3 <- #259
DO .4 <- #260
DO .5 <- #261
DO .6 <- #262
DO .7 <- #263
DO .8 <- #264
DO .9 <- #265
DO .10 <- #266
DO COME FROM (.1)
PLEASE COME FROM (.2)
PLEASE COME FROM (.3)
COME FROM (.4)
COMEFROM (.5)
COME FROM (.6)
PLEASE COME FROM (.7)
DO COME FROM (.8)
PLEASE COMEFROM (.9)
PLEASE COME FROM (.10)
DO .11 <- #257
DO .12 <- #258
DO .13 <- #259
DO .14 <- #260
DO .15 <- #261
DO .16 <- #262
DO .17 <- #263
DO .18 <- #264
DO .19 <- #265
DO .20 <- #266
PLEASE DO .24 <- #0
DO .25 <- #10
DO (10) NEXT
DO (5) NEXT
DO (1) NEXT
DO ,1 SUB #1 <- #6
DO ,2 SUB #1 <- #12
DO ,3 SUB #1 <- #36
DO ,4 SUB #1 <- #96
DO ,5 SUB #1 <- #119
DO ,6 SUB #1 <- #171
DO ,7 SUB #1 <- #213
DO ,8 SUB #1 <- #221
DO ,9 SUB #1 <- #232
DO ,10 SUB #1 <- #363
DO ,11 SUB #1 <- #451
PLEASE READ OUT ,1
PLEASE READ OUT ,2
PLEASE READ OUT ,3
PLEASE READ OUT ,4
PLEASE READ OUT ,5
PLEASE READ OUT ,6
PLEASE READ OUT ,7
PLEASE READ OUT ,8
PLEASE READ OUT ,9
PLEASE READ OUT ,10
DO .1 <- #460
DO .2 <- #461
DO .3 <- #462
DO .4 <- #463
DO .5 <- #464
DO .6 <- #465
DO .7 <- #466
DO .8 <- #467
DO .9 <- #468
DO .10 <- #469
DO .11 <- #470
GIVE UP
```",1505,1.0,0,0,0,0,0
"Complexity: 4[ 38, 91, 142, 197, 215, 313, 316, 319, 423, 46]",4,0,INTERCAL,181,"```intercal
DO ,1 <- #123
DO ,2 <- #9
DO ,3 <- #38
DO ,4 <- #53
DO ,5 <- #51
DO ,6 <- #55
DO ,7 <- #18
DO ,8 <- #98
DO ,9 <- #3
DO ,10 <- #3
DO ,11 <- #104
DO ,12 <- #43
DO .1 <- #1
DO .2 <- #10
PLEASE DO ,1 SUB #1 <- .1
DO ,1 SUB #2 <- .2
DO ,1 SUB #3 <- .3
DO ,1 SUB #4 <- .4
DO ,1 SUB #5 <- .5
DO ,1 SUB #6 <- .6
DO ,1 SUB #7 <- .7
DO ,1 SUB #8 <- .8
DO ,1 SUB #9 <- .9
DO ,1 SUB #10 <- .10
DO ,1 SUB #11 <- .11
DO ,1 SUB #12 <- .12
DO COME FROM #1
PLEASE READ OUT ,3
PLEASE READ OUT ,4
PLEASE READ OUT ,5
PLEASE READ OUT ,6
PLEASE READ OUT ,7
PLEASE READ OUT ,8
PLEASE READ OUT ,9
PLEASE READ OUT ,10
PLEASE READ OUT ,11
PLEASE READ OUT ,12
PLEASE GIVE UP
```",663,1.0,0,0,0,0,0
"Complexity: 4[ 7, 42, 147, 201, 213, 248, 310, 332, 436, 47]",4,0,INTERCAL,180,"```intercal
DO ,1 <- #9
DO ,2 <- #7
DO ,3 <- #42
DO ,4 <- #147
DO ,5 <- #201
DO ,6 <- #213
DO ,7 <- #248
DO ,8 <- #310
DO ,9 <- #332
DO ,10 <- #436
DO ,11 <- #479
DO COME FROM (2)
DO (1) NEXT
PLEASE DO ,1 SUB #1 <- #10
DO (1) NEXT
(1) DO ,1 SUB #1 <- #1
DO (1) NEXT
PLEASE DO (2) FORGET #1
DO ,12 <- #1
DO ,12 SUB #1 <- ',7'
DO ,12 SUB #2 <- ',42'
DO ,12 SUB #3 <- ',147'
DO ,12 SUB #4 <- ',201'
DO ,12 SUB #5 <- ',213'
DO ,12 SUB #6 <- ',248'
DO ,12 SUB #7 <- ',310'
DO ,12 SUB #8 <- ',332'
DO ,12 SUB #9 <- ',436'
DO ,12 SUB #10 <- ',479'
(2) DO (13) NEXT
PLEASE DO RESUME .1
```",581,1.0,0,0,0,0,0
"Complexity: 4[ 27, 101, 105, 164, 245, 290, 304, 441, 449, 49]",4,0,INTERCAL,182,"```intercal
DO ,1 <- #9
DO ,2 <- #2
DO ,3 <- #4
DO ,4 <- #27
DO ,5 <- #101
DO ,6 <- #105
DO ,7 <- #164
DO ,8 <- #245
DO ,9 <- #290
DO ,10 <- #304
DO ,11 <- #441
DO ,12 <- #449
DO ,13 <- #490
PLEASE DO ,1 SUB #1 <- #10
DO ,14 <- #1
PLEASE DO ,1 SUB #1 <- #10
DO ,15 <- #1
PLEASE DO ,1 SUB #1 <- #10
DO ,16 <- #1
PLEASE DO ,1 SUB #1 <- #10
DO ,17 <- #1
PLEASE DO ,1 SUB #1 <- #10
DO ,18 <- #1
PLEASE DO ,1 SUB #1 <- #10
DO ,19 <- #1
PLEASE DO ,1 SUB #1 <- #10
DO ,20 <- #1
PLEASE DO ,1 SUB #1 <- #10
DO ,21 <- #1
PLEASE DO ,1 SUB #1 <- #10
DO ,22 <- #1
PLEASE DO ,1 SUB #1 <- #10
DO ,23 <- #1
DO COME FROM #23
PLEASE READ OUT ,14
PLEASE READ OUT ,15
PLEASE READ OUT ,16
PLEASE READ OUT ,17
PLEASE READ OUT ,18
PLEASE READ OUT ,19
PLEASE READ OUT ,20
PLEASE READ OUT ,21
PLEASE READ OUT ,22
PLEASE GIVE UP
```",806,1.0,0,0,0,0,0
"Complexity: 4[ 4, 11, 29, 106, 214, 283, 296, 298, 360, 49]",4,0,INTERCAL,179,"```intercal
PLEASE DO ,1 <- #4
DO ,2 <- #11
DO ,3 <- #29
DO ,4 <- #106
DO ,5 <- #214
DO ,6 <- #283
DO ,7 <- #296
DO ,8 <- #298
DO ,9 <- #360
DO ,10 <- #497
DO ,11 <- #1
DO ,12 <- #10
(1) DO ,11 SUB #1 <- #1
DO ,12 SUB #1 <- #10
DO COME FROM (2)
(2) PLEASE DO ,13 <- #0
DO ,14 <- #1
DO ,15 <- #1
(3) DO ,16 <- #0
DO ,17 <- #1
(4) DO ,18 <- ,11 SUB ,15
DO ,19 <- ,12 SUB ,17
DO ,20 <- ,18 ~& ,19
DO ,21 <- ,18 ~| ,19
DO ,22 <- ,20 ~& ,21
PLEASE DO ,23 <- ,22 ~| ,16
DO ,24 <- ,15 + ,14
DO ,15 <- ,24
DO ,25 <- ,17 + ,14
DO ,17 <- ,25
DO ,26 <- ,14 + #1
DO ,14 <- ,26
DO ,27 <- ,23 ~& #255
DO ,28 <- ,27 ~| ,13
PLEASE DO ,13 <- ,28
DO ,29 <- #10 ~| ,15
PLEASE DO (5) NEXT WHENEVER ,29 IS #0
PLEASE DO (4) NEXT
(5) DO WRITE IN ,13
DO ,30 <- ,11 + #1
DO ,11 <- ,30
DO ,31 <- ,12 + #-1
DO ,12 <- ,31
DO (2) NEXT WHENEVER ,12 ISNT #0
DO (6) NEXT
(6) PLEASE GIVE UP
```
This INTERCAL program is a generic template and does not specifically generate the sequence you asked for, given that producing sequences in INTERCAL generally requires a specific algorithm tailored to that sequence or hard-coding the output. INTERCAL is not designed for mathematical or logical efficiency, and generating sequences algorithmically can be exceptionally challenging due to the language’s esoteric nature. The program above is a demonstration of code structure in INTERCAL rather than a solution to produce the exact sequence.",1403,1.0,0,0,0,0,0
"Complexity: 4[ 72, 106, 139, 165, 171, 192, 199, 429, 453, 47]",4,0,INTERCAL,182,"```intercal
DO ,1 <- #9
DO ,2 <- #720
DO ,3 <- #13
DO ,4 <- #0
DO ,5 <- #5
PLEASE DO ,2 SUB #1 <- ,2
DO ,3 SUB #1 <- ,3
DO ,4 SUB #1 <- ,4
PLEASE DO ,2 SUB ,1 <- ,2 SUB ,1 ~#65535
PLEASE DO ,3 SUB ,1 <- ,3 SUB ,1 ~#65535
PLEASE DO ,4 SUB ,1 <- ,4 SUB ,1 ~#65535
PLEASE READ OUT ,2 SUB ,1
PLEASE READ OUT ,3 SUB ,1
PLEASE READ OUT ,4 SUB ,1
PLE (5) A SE DO ,5 <- ',5~#1
DO ,9 <- #10
DO ,21 <- #11
DO ,22 <- #12
PLEASE (1000) NEXT
```",432,1.0,0,0,0,0,0
"Complexity: 4[ 187, 218, 260, 295, 301, 314, 379, 410, 452, 46]",4,0,INTERCAL,183,"```intercal
DO ,1 <- #9
DO ,2 <- #8
DO ,3 <- #187
DO ,4 <- #31
DO ,5 <- #42
DO ,6 <- #35
DO ,7 <- #6
DO ,8 <- #13
DO ,9 <- #65
DO ,10 <- #31
DO ,11 <- #42
DO ,12 <- #17
DO COME FROM ,1
PLEASE DO ,1 SUB #1 <- #1
DO ,3 SUB #1 <- ,3 SUB #2 + ,4 SUB #1
DO ,4 SUB #1 <- ,5 SUB #1
DO ,5 SUB #1 <- ,6 SUB #1
DO ,6 SUB #1 <- ,7 SUB #1
DO ,7 SUB #1 <- ,8 SUB #1
DO ,8 SUB #1 <- ,9 SUB #1
DO ,9 SUB #1 <- ,10 SUB #1
DO ,10 SUB #1 <- ,11 SUB #1
DO ,11 SUB #1 <- ,12 SUB #1
PLEASE DO (1000) NEXT
DO ,13 <- #4
DO COME FROM (1000)
DO READ OUT ,3
DO READ OUT ,3 SUB #1
DO READ OUT ,3 SUB #2
DO READ OUT ,3 SUB #3
DO READ OUT ,3 SUB #4
DO READ OUT ,3 SUB #5
DO READ OUT ,3 SUB #6
DO READ OUT ,3 SUB #7
DO READ OUT ,3 SUB #8
DO READ OUT ,3 SUB #9
PLEASE GIVE UP
```",748,1.0,0,0,0,0,0
"Complexity: 4[ 29, 63, 95, 140, 150, 190, 221, 437, 482, 49]",4,0,INTERCAL,180,"```intercal
DO ,1 <- #29
DO ,2 <- #63
DO ,3 <- #95
DO ,4 <- #140
DO ,5 <- #150
DO ,6 <- #190
DO ,7 <- #221
DO ,8 <- #437
DO ,9 <- #482
DO ,10 <- #491
DO ,11 <- #10
DO COME FROM (2)
(1) DO .1 <- ',1
    DO .2 <- ',2
    DO .3 <- ',3
    DO .4 <- ',4
    DO .5 <- ',5
    DO .6 <- ',6
    DO .7 <- ',7
    DO .8 <- ',8
    DO .9 <- ',9
    DO .10 <- ',10
    DO .11 <- ',11
DO (1) NEXT
(2) PLEASE GIVE UP
```",406,1.0,0,0,0,0,0
"Complexity: 4[ 3, 11, 84, 144, 156, 177, 188, 199, 229, 28]",4,0,INTERCAL,179,"```intercal
DO ,1 <- #9
DO ,1 SUB #1 <- #3
DO ,1 SUB #2 <- #11
DO ,1 SUB #3 <- #84
DO ,1 SUB #4 <- #144
DO ,1 SUB #5 <- #156
DO ,1 SUB #6 <- #177
DO ,1 SUB #7 <- #188
DO ,1 SUB #8 <- #199
DO ,1 SUB #9 <- #229
DO ,1 SUB #10 <- #284
DO ,2 <- #1
DO COME FROM ,2
DO ,2 SUB #1 <- ',1 SUB #1'
DO ,2 SUB #2 <- ',1 SUB #2'
DO ,2 SUB #3 <- ',1 SUB #3'
DO ,2 SUB #4 <- ',1 SUB #4'
DO ,2 SUB #5 <- ',1 SUB #5'
DO ,2 SUB #6 <- ',1 SUB #6'
DO ,2 SUB #7 <- ',1 SUB #7'
DO ,2 SUB #8 <- ',1 SUB #8'
DO ,2 SUB #9 <- ',1 SUB #9'
DO ,2 SUB #10 <- ',1 SUB #10'
DO ,11 <- #10
DO ,12 <- #0
DO COME FROM ,12
DO ,11 SUB #1 <- ',2 SUB #1'
DO ,12 SUB #1 <- #1
DO COME FROM ,12
DO ,11 SUB #2 <- ',2 SUB #2'
DO ,12 SUB #2 <- #1
DO COME FROM ,12
DO ,11 SUB #3 <- ',2 SUB #3'
DO ,12 SUB #3 <- #1
DO COME FROM ,12
DO ,11 SUB #4 <- ',2 SUB #4'
DO ,12 SUB #4 <- #1
DO COME FROM ,12
DO ,11 SUB #5 <- ',2 SUB #5'
DO ,12 SUB #5 <- #1
DO COME FROM ,12
DO ,11 SUB #6 <- ',2 SUB #6'
DO ,12 SUB #6 <- #1
DO COME FROM ,12
DO ,11 SUB #7 <- ',2 SUB #7'
DO ,12 SUB #7 <- #1
DO COME FROM ,12
DO ,11 SUB #8 <- ',2 SUB #8'
DO ,12 SUB #8 <- #1
DO COME FROM ,12
DO ,11 SUB #9 <- ',2 SUB #9'
DO ,12 SUB #9 <- #1
DO COME FROM ,12
DO ,11 SUB #10 <- ',2 SUB #10'
DO ,12 SUB #10 <- #1
PLEASE GIVE UP
```",1249,1.0,0,0,0,0,0
"Complexity: 4[ 26, 94, 98, 137, 176, 301, 323, 330, 372, 44]",4,0,INTERCAL,180,"```intercal
DO ,1 <- #26
DO ,2 <- #94
DO ,3 <- #98
DO ,4 <- #137
DO ,5 <- #176
DO ,6 <- #301
DO ,7 <- #323
DO ,8 <- #330
DO ,9 <- #372
DO ,10 <- #444
DO COME FROM (20)
DO ,11 SUB #1 <- #10
DO ,12 SUB #1 <- #1
DO ,12 SUB #2 <- #2
DO ,12 SUB #3 <- #3
DO ,12 SUB #4 <- #4
DO ,12 SUB #5 <- #5
DO ,12 SUB #6 <- #6
DO ,12 SUB #7 <- #7
DO ,12 SUB #8 <- #8
DO ,12 SUB #9 <- #9
DO ,12 SUB #10 <- #10
DO ,11 SUB #1 <- #1
DO ,20 SUB #1 <- #1
PLEASE DO ,1000 <- #0
(20) DO (1000) NEXT
DO .1 <- ',12 SUB #1'
DO .2 <- ',12 SUB #2'
DO .3 <- ',12 SUB #3'
DO .4 <- ',12 SUB #4'
DO .5 <- ',12 SUB #5'
DO .6 <- ',12 SUB #6'
DO .7 <- ',12 SUB #7'
DO .8 <- ',12 SUB #8'
DO .9 <- ',12 SUB #9'
DO .10 <- ',12 SUB #10'
```",698,1.0,0,0,0,0,0
"Complexity: 4[ 39, 81, 88, 210, 215, 378, 416, 430, 439, 49]",4,0,INTERCAL,180,"```intercal
DO ,1 <- #123
DO ,2 <- #1
DO ,3 <- #0
DO ,4 <- #10
DO ,5 <- #5
DO ,6 <- #15
DO ,7 <- #39
DO ,8 <- #1
PLEASE DO ,9 <- #0
DO ,10 <- #8
DO ,11 <- #210
DO ,12 <- #5
PLEASE DO ,13 <- #163
DO ,14 <- #8
DO ,15 <- #22
DO ,16 <- #9
DO ,17 <- #49
DO ,18 <- #51
DO ,19 <- #32
DO ,20 <- #1
PLEASE DO ,21 <- #0
DO ,22 <- #10
DO ,23 <- #215
DO ,24 <- #163
DO ,25 <- #8
DO ,26 <- #15
DO ,27 <- #9
DO ,28 <- #30
DO ,29 <- #32
PLEASE DO ,30 <- #1
DO ,31 <- #0
DO ,32 <- #378
DO ,33 <- #416
DO ,34 <- #20
DO ,35 <- #19
DO ,36 <- #9
DO ,37 <- #431
DO ,38 <- #439
PLEASE DO ,39 <- #490
PLEASE READ OUT ,7
PLEASE READ OUT ,8
PLEASE READ OUT ,9
PLEASE READ OUT ,11
PLEASE READ OUT ,12
DO READ OUT ,13
PLEASE READ OUT ,14
DO READ OUT ,15
PLEASE READ OUT ,16
DO READ OUT ,17
DO READ OUT ,18
PLEASE READ OUT ,19
DO READ OUT ,20
PLEASE READ OUT ,21
DO READ OUT ,22
DO READ OUT ,23
PLEASE READ OUT ,24
DO READ OUT ,25
DO READ OUT ,26
PLEASE READ OUT ,27
PLEASE READ OUT ,28
DO READ OUT ,29
PLEASE READ OUT ,30
DO READ OUT ,31
DO READ OUT ,32
PLEASE READ OUT ,33
DO READ OUT ,34
DO READ OUT ,35
PLEASE READ OUT ,36
PLEASE READ OUT ,37
PLEASE READ OUT ,38
PLEASE READ OUT ,39
PLEASE GIVE UP
```",1177,1.0,0,0,0,0,0
"Complexity: 4[ 29, 57, 68, 120, 134, 140, 173, 197, 283, 31]",4,0,INTERCAL,180,"```intercal
DO ,1 <- #0
DO ,2 <- #1
DO ,3 <- #4
DO ,4 <- #9
DO ,5 <- #5
DO ,6 <- #2
DO ,7 <- #9
DO ,8 <- #8
DO ,9 <- #3
DO ,10 <- #7
DO ,11 <- #12
PLEASE DO ,12 <- #4
DO ,13 <- #1
DO ,14 <- #4
DO ,15 <- #0
DO ,16 <- #1
DO ,17 <- #7
DO ,18 <- #3
DO ,19 <- #1
DO ,20 <- #9
DO ,21 <- #7
DO ,22 <- #2
DO ,23 <- #8
DO ,24 <- #3
DO ,25 <- #1
DO ,26 <- #3
PLEASE DO ,27 <- #3

DO READ OUT ,1
DO READ OUT ,2
DO READ OUT ,3
DO READ OUT ,4
DO READ OUT ,5
DO READ OUT ,6
DO READ OUT ,7
DO READ OUT ,8
DO READ OUT ,9
DO READ OUT ,10
DO READ OUT ,11
DO READ OUT ,12
DO READ OUT ,13
DO READ OUT ,14
DO READ OUT ,15
DO READ OUT ,16
DO READ OUT ,17
DO READ OUT ,18
DO READ OUT ,19
DO READ OUT ,20
DO READ OUT ,21
DO READ OUT ,22
DO READ OUT ,23
DO READ OUT ,24
DO READ OUT ,25
DO READ OUT ,26
DO READ OUT ,27

PLEASE GIVE UP
```",812,0.7,0,0,0,0,0
"Complexity: 4[ 24, 26, 36, 40, 184, 226, 244, 384, 391, 42]",4,0,INTERCAL,179,"```intercal
DO ,1 <- #24
DO ,2 <- #26
DO ,3 <- #36
DO ,4 <- #40
DO ,5 <- #184
DO ,6 <- #226
DO ,7 <- #244
DO ,8 <- #384
DO ,9 <- #391
DO ,10 <- #423
DO ,11 <- #10
DO ,12 <- #0
DO COME FROM (13)
PLEASE DO ,12 SUB #1 <- ,11
DO ,13 <- #1
DO (13) NEXT
DO ,14 <- #0
PLEASE DO (1000) NEXT
(13) DO .12 <- ',12'
DO .1 <- ',1'
DO .2 <- ',2'
DO .3 <- ',3'
DO .4 <- ',4'
DO .5 <- ',5'
DO .6 <- ',6'
DO .7 <- ',7'
DO .8 <- ',8'
DO .9 <- ',9'
DO .10 <- ',10'
PLEASE GIVE UP
```",464,0.7,0,0,0,0,0
"Complexity: 4[ 90, 203, 212, 235, 270, 324, 342, 352, 371, 41]",4,0,INTERCAL,182,"```intercal
DO ,1 <- #90
DO ,2 <- #203
DO ,3 <- #212
DO ,4 <- #235
DO ,5 <- #270
DO ,6 <- #324
DO ,7 <- #342
DO ,8 <- #352
DO ,9 <- #371
DO ,10 <- #417
DO ,11 <- #0
DO COME FROM (2)
DO (1) NEXT
DO (2) NEXT
DO (3) NEXT
DO (4) NEXT
DO (5) NEXT
DO (6) NEXT
DO (7) NEXT
DO (8) NEXT
DO (9) NEXT
DO (10) NEXT
DO (11) NEXT
(1) PLEASE WRITE IN ,1
(2) PLEASE WRITE IN ,2
(3) PLEASE WRITE IN ,3
(4) PLEASE WRITE IN ,4
(5) PLEASE WRITE IN ,5
(6) PLEASE WRITE IN ,6
(7) PLEASE WRITE IN ,7
(8) PLEASE WRITE IN ,8
(9) PLEASE WRITE IN ,9
(10) PLEASE WRITE IN ,10
(11) PLEASE GIVE UP
```",571,0.7,0,0,0,0,0
"Complexity: 4[ 20, 48, 95, 234, 282, 296, 352, 402, 428, 48]",4,0,INTERCAL,180,"```intercal
DO ,1 <- #9
DO ,2 <- #2
DO ,3 <- #0
DO ,4 <- #4
DO ,5 <- #8
DO ,6 <- #9
DO ,7 <- #5
DO ,8 <- #2
DO ,9 <- #3
DO ,10 <- #4
DO ,11 <- #2
DO ,12 <- #8
DO ,13 <- #2
DO ,14 <- #9
DO ,15 <- #6
DO ,16 <- #3
DO ,17 <- #5
DO ,18 <- #2
DO ,19 <- #4
DO ,20 <- #0
DO ,21 <- #2
DO ,22 <- #4
DO ,23 <- #8
DO ,24 <- #1
PLEASE DO ,25 <- #0
DO ,26 <- #4
DO ,27 <- #8
PLEASE READ OUT ,1
PLEASE READ OUT ,2
PLEASE READ OUT ,3
DO READ OUT ,4
DO READ OUT ,5
PLEASE READ OUT ,6
DO READ OUT ,7
DO READ OUT ,8
PLEASE READ OUT ,9
DO READ OUT ,10
DO READ OUT ,11
DO READ OUT ,12
PLEASE DO READ OUT ,13
PLEASE DO READ OUT ,14
DO READ OUT ,15
PLEASE DO READ OUT ,16
DO READ OUT ,17
DO READ OUT ,18
PLEASE DO READ OUT ,19
DO READ OUT ,20
DO READ OUT ,21
DO READ OUT ,22
DO READ OUT ,23
PLEASE DO READ OUT ,24
DO READ OUT ,25
DO READ OUT ,26
PLEASE DO READ OUT ,27
PLEASE GIVE UP
```",864,0.7,0,0,0,0,0
"Complexity: 4[ 62, 98, 130, 154, 290, 315, 324, 385, 408, 44]",4,0,INTERCAL,181,"```intercal
DO ,1 <- #0
DO ,2 <- #1
DO ,3 <- #10
DO ,4 <- #62
DO ,5 <- #98
DO ,6 <- #130
DO ,7 <- #154
DO ,8 <- #290
DO ,9 <- #315
DO ,10 <- #324
DO ,11 <- #385
DO ,12 <- #408
DO ,13 <- #447
DO ,14 <- #1
PLEASE DO ,15 <- #10
DO COME FROM (20)
(1) DO ,1 SUB #1 <- ',14
DO ,14 <- ',14 $ #1
DO .1 <- ',1
DO COME FROM (2)
(2) DO ,2 SUB #1 <- ',15
DO ,15 <- ',15 $ #1
DO .2 <- ',2
DO COME FROM (3)
(3) DO ,3 SUB #1 <- ',4
DO .3 <- ',3
DO COME FROM (4)
(4) DO ,4 SUB #1 <- ',5
DO .4 <- ',4
DO COME FROM (5)
(5) DO ,5 SUB #1 <- ',6
DO .5 <- ',5
DO COME FROM (6)
(6) DO ,6 SUB #1 <- ',7
DO .6 <- ',6
DO COME FROM (7)
(7) DO ,7 SUB #1 <- ',8
DO .7 <- ',7
DO COME FROM (8)
(8) DO ,8 SUB #1 <- ',9
DO .8 <- ',8
DO COME FROM (9)
(9) DO ,9 SUB #1 <- ',10
DO .9 <- ',9
DO COME FROM (10)
(10) DO ,10 SUB #1 <- ',11
DO .10 <- ',10
DO COME FROM (11)
(11) DO ,11 SUB #1 <- ',12
DO .11 <- ',11
DO COME FROM (12)
(12) DO ,12 SUB #1 <- ',13
DO .12 <- ',12
DO COME FROM (13)
(13) DO ,13 SUB #1 <- ',14
DO .13 <- ',13
DO COME FROM (14)
(14) PLEASE GIVE UP
(20) PLEASE RESUME .1
```",1058,0.7,0,0,0,0,0
"Complexity: 4[ 2, 42, 66, 102, 153, 195, 201, 252, 306, 39]",4,0,INTERCAL,179,"```intercal
DO ,1 <- #2
DO ,2 <- #42
DO ,3 <- #66
DO ,4 <- #102
DO ,5 <- #153
DO ,6 <- #195
DO ,7 <- #201
DO ,8 <- #252
DO ,9 <- #306
DO ,10 <- #396
DO ,11 <- #10
DO COME FROM (2)
PLEASE DO ,1 SUB #1 <- '#'',' PLEASE DO READ OUT ,1 SUB #1
DO ,11 SUB #1 <- ',1'$
DO (1) NEXT
```",277,0.7,0,0,0,0,0
"Complexity: 4[ 128, 151, 153, 217, 224, 332, 382, 400, 450, 47]",4,0,INTERCAL,183,"```intercal
DO ,1 <- #9
PLEASE DO ,1 SUB #1 <- #128
DO ,1 SUB #2 <- #151
DO ,1 SUB #3 <- #153
DO ,1 SUB #4 <- #217
DO ,1 SUB #5 <- #224
DO ,1 SUB #6 <- #332
DO ,1 SUB #7 <- #382
DO ,1 SUB #8 <- #400
DO ,1 SUB #9 <- #450
DO ,1 SUB #10 <- #478
DO ,2 <- #1
PLEASE DO (2) NEXT
DO ,11 <- #10
DO COME FROM (2)
DO ,2 SUB #1 <- #1
PLEASE DO (2) NEXT
DO ,2 SUB #1 <- #2
DO (2) NEXT
DO ,2 SUB #1 <- #3
DO (2) NEXT
DO ,2 SUB #1 <- #4
DO (2) NEXT
DO ,2 SUB #1 <- #5
PLEASE DO (2) NEXT
DO ,2 SUB #1 <- #6
DO (2) NEXT
DO ,2 SUB #1 <- #7
DO (2) NEXT
DO ,2 SUB #1 <- #8
DO (2) NEXT
DO ,2 SUB #1 <- #9
PLEASE DO (2) NEXT
DO ,2 SUB #1 <- #10
DO (2) NEXT
DO ,11 SUB #1 <- #1
PLEASE DO READ OUT ,1
DO ,11 SUB #1 <- #2
DO READ OUT ,1
DO ,11 SUB #1 <- #3
DO READ OUT ,1
DO ,11 SUB #1 <- #4
PLEASE DO READ OUT ,1
DO ,11 SUB #1 <- #5
DO READ OUT ,1
DO ,11 SUB #1 <- #6
DO READ OUT ,1
DO ,11 SUB #1 <- #7
PLEASE DO READ OUT ,1
DO ,11 SUB #1 <- #8
DO READ OUT ,1
DO ,11 SUB #1 <- #9
DO READ OUT ,1
PLEASE DO ,11 SUB #1 <- #10
PLEASE DO READ OUT ,1
DO GIVE UP
```",1036,0.7,0,0,0,0,0
"Complexity: 4[ 26, 50, 114, 148, 160, 170, 274, 347, 432, 49]",4,0,INTERCAL,181,"```intercal
DO ,1 <- #9
DO ,2 <- #26
DO ,3 <- #24
DO ,4 <- #64
DO ,5 <- #34
DO ,6 <- #12
DO ,7 <- #10
DO ,8 <- #104
DO ,9 <- #73
DO ,10 <- #85
DO ,11 <- #65
DO ,12 <- #1
PLEASE DO ,13 <- #1
DO ,14 <- #10
DO ,15 <- #0
PLEASE DO ,16 <- #1
DO READ OUT ,2
DO READ OUT ,2 <- #1
DO READ OUT ,3
DO READ OUT ,3 <- #1
DO READ OUT ,4
DO READ OUT ,4 <- #1
DO READ OUT ,5
DO READ OUT ,5 <- #1
DO READ OUT ,6
DO READ OUT ,6 <- #1
DO READ OUT ,7
DO READ OUT ,7 <- #1
DO READ OUT ,8
DO READ OUT ,8 <- #1
DO READ OUT ,9
DO READ OUT ,9 <- #1
DO READ OUT ,10
DO READ OUT ,10 <- #1
DO READ OUT ,11
DO READ OUT ,11 <- #1
PLEASE GIVE UP
```",619,0.7,0,0,0,0,0
"Complexity: 4[ 48, 94, 176, 177, 219, 276, 282, 283, 459, 48]",4,0,INTERCAL,181,"```intercal
DO ,1 <- #48
DO ,2 <- #94
DO ,3 <- #176
DO ,4 <- #177
DO ,5 <- #219
DO ,6 <- #276
DO ,7 <- #282
DO ,8 <- #283
DO ,9 <- #459
DO ,10 <- #488
DO COME FROM #10
PLEASE DO ,11 <- #1
DO ,12 <- #2
DO ,13 <- #3
DO ,14 <- #4
DO ,15 <- #5
DO ,16 <- #6
DO ,17 <- #7
DO ,18 <- #8
DO ,19 <- #9
DO ,20 <- #10
DO .1 <- ',11
DO .2 <- ',12
DO .3 <- ',13
DO .4 <- ',14
DO .5 <- ',15
DO .6 <- ',16
DO .7 <- ',17
DO .8 <- ',18
DO .9 <- ',19
DO .10 <- ',20
PLEASE GIVE UP
```",465,0.7,0,0,0,0,0
"Complexity: 4[ 139, 252, 272, 281, 304, 361, 370, 415, 438, 50]",4,0,INTERCAL,183,"```intercal
DO ,1 <- #9
DO ,2 <- #2
DO ,3 <- #5
DO ,4 <- #13
DO ,5 <- #10
DO ,6 <- #8
DO ,7 <- #9
DO ,8 <- #4
DO ,9 <- #5
DO ,10 <- #6
DO ,11 <- #3
DO ,12 <- #9
DO ,13 <- #2
DO ,14 <- #5
DO ,15 <- #5
DO ,16 <- #9
DO ,17 <- #6
DO ,18 <- #9
DO ,19 <- #4
DO ,20 <- #5
DO ,21 <- #6
DO ,22 <- #2
DO ,23 <- #7
DO ,24 <- #2
DO ,25 <- #8
DO ,26 <- #1
DO ,27 <- #3
DO ,28 <- #0
DO ,29 <- #4
DO ,30 <- #3
DO ,31 <- #6
DO ,32 <- #1
DO ,33 <- #3
DO ,34 <- #7
DO ,35 <- #0
DO ,36 <- #4
DO ,37 <- #1
DO ,38 <- #5
DO ,39 <- #4
DO ,40 <- #3
DO ,41 <- #8
DO ,42 <- #5
DO ,43 <- #0
DO ,44 <- #0
PLEASE DO ,1000 <- #10
DO ,1001 SUB #1 <- #1
PLEASE DO ,1002 SUB #1 <- #3
DO ,1003 SUB #1 <- #9
DO ,1004 SUB #1 <- #2
DO ,1005 SUB #1 <- #5
DO ,1006 SUB #1 <- #2
DO ,1007 SUB #1 <- #7
DO ,1008 SUB #1 <- #2
DO ,1009 SUB #1 <- #8
DO ,1010 SUB #1 <- #1
PLEASE DO ,1011 SUB #1 <- #3
DO ,1012 SUB #1 <- #0
DO ,1013 SUB #1 <- #4
DO ,1014 SUB #1 <- #3
DO ,1015 SUB #1 <- #6
DO ,1016 SUB #1 <- #1
DO ,1017 SUB #1 <- #3
DO ,1018 SUB #1 <- #7
DO ,1019 SUB #1 <- #0
DO ,1020 SUB #1 <- #4
DO ,1021 SUB #1 <- #1
DO ,1022 SUB #1 <- #5
DO ,1023 SUB #1 <- #4
DO ,1024 SUB #1 <- #3
DO ,1025 SUB #1 <- #8
PLEASE DO ,1026 SUB #1 <- #5
DO ,1027 SUB #1 <- #0
DO ,1028 SUB #1 <- #0
DO .1 <- '?""'
DO .2 <- '?""'
DO .3 <- '?""'
DO .4 <- '?""'
DO .5 <- '?""'
DO .6 <- '?""'
DO .7 <- '?""'
DO .8 <- '?""'
DO .9 <- '?""'
DO .10 <- '?""'
PLEASE READ OUT ,1
PLEASE READ OUT ,2
PLEASE READ OUT ,3
PLEASE READ OUT ,4
PLEASE READ OUT ,5
DO READ OUT ,6
DO READ OUT ,7
DO READ OUT ,8
DO READ OUT ,9
PLEASE READ OUT ,10
PLEASE READ OUT ,11
DO READ OUT ,12
PLEASE READ OUT ,13
DO READ OUT ,14
DO READ OUT ,15
DO READ OUT ,16
PLEASE READ OUT ,17
PLEASE READ OUT ,18
DO READ OUT ,19
PLEASE READ OUT ,20
DO READ OUT ,21
PLEASE READ OUT ,22
PLEASE READ OUT ,23
DO READ OUT ,24
PLEASE READ OUT ,25
PLEASE READ OUT ,26
DO READ OUT ,27
DO READ OUT ,28
DO READ OUT ,29
PLEASE READ OUT ,30
PLEASE READ OUT ,31
PLEASE READ OUT ,32
PLEASE READ OUT ,33
PLEASE READ OUT ,34
PLEASE READ OUT ,35
PLEASE READ OUT ,36
DO READ OUT ,37
DO READ OUT ,38
DO READ OUT ,39
PLEASE READ OUT ,40
DO READ OUT ,41
DO READ OUT ,42
PLEASE READ OUT ,43
PLEASE GIVE UP
```",2171,0.7,0,0,0,0,0
"Complexity: 4[ 15, 95, 115, 195, 240, 318, 326, 350, 432, 45]",4,0,INTERCAL,181,"```intercal
DO ,1 <- #0
DO ,2 <- #1
DO ,3 <- #15
DO ,4 <- #10
DO ,5 <- #95
DO ,6 <- #115
DO ,7 <- #195
DO ,8 <- #240
DO ,9 <- #318
DO ,10 <- #326
DO ,11 <- #350
DO ,12 <- #432
DO ,13 <- #450
PLEASE DO ,14 <- #1
DO COME FROM (2)
DO (1000) NEXT
DO ,1 SUB #1 <- ',3
DO ,1 SUB #2 <- ',5
DO ,1 SUB #3 <- ',6
DO ,1 SUB #4 <- ',7
DO ,1 SUB #5 <- ',8
DO ,1 SUB #6 <- ',9
DO ,1 SUB #7 <- ',10
DO ,1 SUB #8 <- ',11
DO ,1 SUB #9 <- ',12
DO ,1 SUB #10 <- ',13
DO ,2 <- ',14
PLEASE READ OUT ,1
DO ,2 SUB #1 <- #1
PLEASE GIVE UP
```",518,0.7,0,0,0,0,0
"Complexity: 4[ 134, 224, 293, 378, 379, 395, 434, 451, 482, 49]",4,0,INTERCAL,183,"```intercal
DO ,1 <- #123
DO ,2 <- #234
DO ,3 <- #292
DO ,4 <- #377
DO ,5 <- #379
DO ,6 <- #394
DO ,7 <- #433
DO ,8 <- #450
DO ,9 <- #481
DO ,10 <- #495
DO ,11 <- #10
DO COME FROM (2)
PLEASE DO ,1 SUB #1 <- ',1
DO ,2 SUB #1 <- ',2
DO ,3 SUB #1 <- ',3
DO ,4 SUB #1 <- ',4
DO ,5 SUB #1 <- ',5
DO ,6 SUB #1 <- ',6
DO ,7 SUB #1 <- ',7
DO ,8 SUB #1 <- ',8
DO ,9 SUB #1 <- ',9
DO ,10 SUB #1 <- ',10
DO ,12 <- #1
PLEASE DO (2) NEXT
DO READ OUT ,1
DO READ OUT ,2
DO READ OUT ,3
DO READ OUT ,4
DO READ OUT ,5
DO READ OUT ,6
DO READ OUT ,7
DO READ OUT ,8
DO READ OUT ,9
DO READ OUT ,10
DO ,11 SUB #1 <- #1
PLEASE GIVE UP
```",614,0.7,0,0,0,0,0
"Complexity: 4[ 23, 93, 142, 145, 245, 266, 296, 317, 428, 49]",4,0,INTERCAL,181,"```intercal
DO ,1 <- #9
DO ,2 <- #23
DO ,3 <- #70
DO ,4 <- #49
DO ,5 <- #3
DO ,6 <- #100
DO ,7 <- #21
DO ,8 <- #30
DO ,9 <- #21
DO ,10 <- #111
DO ,11 <- #67
DO COME FROM (2)
PLEASE DO ,1SUB#1 <- ',1'~'#1'
DO ,2SUB#1 <- ',2'~'#1'
DO ,3SUB#1 <- ',3'~'#1'
DO ,4SUB#1 <- ',4'~'#1'
DO ,5SUB#1 <- ',5'~'#1'
DO ,6SUB#1 <- ',6'~'#1'
DO ,7SUB#1 <- ',7'~'#1'
DO ,8SUB#1 <- ',8'~'#1'
DO ,9SUB#1 <- ',9'~'#1'
DO ,10SUB#1 <- ',10'~'#1'
DO ,11SUB#1 <- ',11'~'#1'
PLEASE DO (1) NEXT
DO (2) NEXT
PLEASE READ OUT ,1
DO (2) NEXT
PLEASE READ OUT ,2
DO (2) NEXT
PLEASE READ OUT ,3
DO (2) NEXT
PLEASE READ OUT ,4
DO (2) NEXT
PLEASE READ OUT ,5
DO (2) NEXT
PLEASE READ OUT ,6
DO (2) NEXT
PLEASE READ OUT ,7
DO (2) NEXT
PLEASE READ OUT ,8
DO (2) NEXT
PLEASE READ OUT ,9
DO (2) NEXT
PLEASE READ OUT ,10
DO (2) NEXT
PLEASE READ OUT ,11
DO (2) NEXT
PLEASE GIVE UP
```",841,0.7,0,0,0,0,0
"Complexity: 4[ 18, 39, 71, 194, 197, 219, 263, 270, 416, 47]",4,0,INTERCAL,180,"```intercal
DO ,1 <- #18
DO ,2 <- #39
DO ,3 <- #71
DO ,4 <- #194
DO ,5 <- #197
DO ,6 <- #219
DO ,7 <- #263
DO ,8 <- #270
DO ,9 <- #416
DO ,10 <- #473
DO COME FROM #5
DO (1) NEXT
DO (2) NEXT
DO (3) NEXT
DO (4) NEXT
DO (5) NEXT
DO (6) NEXT
DO (7) NEXT
DO (8) NEXT
DO (9) NEXT
DO (10) NEXT
DO ,1 SUB #1 <- #10
DO ,11 SUB #1 <- #13
PLEASE READ OUT ,1
PLEASE READ OUT ,2
PLEASE READ OUT ,3
PLEASE READ OUT ,4
PLEASE READ OUT ,5
PLEASE READ OUT ,6
PLEASE READ OUT ,7
PLEASE READ OUT ,8
PLEASE READ OUT ,9
PLEASE READ OUT ,10
PLEASE GIVE UP
```",537,0.7,0,0,0,0,0
"Complexity: 4[ 9, 84, 144, 170, 325, 393, 401, 405, 435, 49]",4,0,INTERCAL,180,"```intercal
DO ,1 <- #9
DO ,2 <- #84
DO ,3 <- #144
DO ,4 <- #170
DO ,5 <- #325
DO ,6 <- #393
DO ,7 <- #401
DO ,8 <- #405
DO ,9 <- #435
DO ,10 <- #497
DO COME FROM #5
DO (1) NEXT
DO (2) NEXT
DO (3) NEXT
DO (4) NEXT
DO (5) NEXT
DO (6) NEXT
DO (7) NEXT
DO (8) NEXT
DO (9) NEXT
DO (10) NEXT
PLEASE GIVE UP
```",305,0.7,0,0,0,0,0
"Complexity: 4[ 26, 40, 202, 267, 282, 340, 359, 408, 410, 49]",4,0,INTERCAL,181,"```intercal
DO ,1 <- #9
DO ,2 <- #1
DO ,3 <- #1
DO ,4 <- #1
DO ,5 <- #1
DO ,6 <- #1
DO ,7 <- #1
DO ,8 <- #1
DO ,9 <- #1
DO ,10 <- #1
DO ,11 <- #1
DO ,12 <- #1
DO ,13 <- #1
DO ,14 <- #1
DO ,15 <- #1
DO ,16 <- #1
DO ,17 <- #1
DO ,18 <- #1
DO ,19 <- #1
DO ,20 <- #1
DO ,21 <- #1
DO ,22 <- #1
DO ,23 <- #1
DO ,24 <- #1
DO ,25 <- #1
DO ,26 <- #1
DO ,27 <- #1
DO ,28 <- #1
DO ,29 <- #1
DO ,30 <- #1
DO ,31 <- #1
DO ,32 <- #1
DO ,33 <- #1
DO ,34 <- #1
DO ,35 <- #1
DO ,36 <- #1
DO ,37 <- #1
DO ,38 <- #1
DO ,39 <- #1
DO ,40 <- #1
DO ,41 <- #1
DO ,42 <- #1
DO ,43 <- #1
DO ,44 <- #1
DO ,45 <- #1
DO ,46 <- #1
DO ,47 <- #1
DO ,48 <- #1
DO ,49 <- #1
DO ,50 <- #1
DO ,51 <- #1
DO ,52 <- #1
DO ,53 <- #1
DO ,54 <- #1
DO ,55 <- #1
DO ,56 <- #1
DO ,57 <- #1
DO ,58 <- #1
DO ,59 <- #1
DO ,60 <- #1
DO ,61 <- #1
DO ,62 <- #1
DO ,63 <- #1
DO ,64 <- #1
DO ,65 <- #1
DO ,66 <- #1
DO ,67 <- #1
DO ,68 <- #1
DO ,69 <- #1
DO ,70 <- #1
DO ,71 <- #1
DO ,72 <- #1
DO ,73 <- #1
DO ,74 <- #1
DO ,75 <- #1
DO ,76 <- #1
DO ,77 <- #1
DO ,78 <- #1
DO ,79 <- #1
DO ,80 <- #1
DO ,81 <- #1
DO ,82 <- #1
DO ,83 <- #1
DO ,84 <- #1
DO ,85 <- #1
DO ,86 <- #1
DO ,87 <- #1
DO ,88 <- #1
DO ,89 <- #1
DO ,90 <- #1
DO ,91 <- #1
DO ,92 <- #1
DO ,93 <- #1
DO ,94 <- #1
DO ,95 <- #1
DO ,96 <- #1
DO ,97 <- #1
DO ,98 <- #1
DO ,99 <- #1
DO ,100 <- #1
DO ,101 <- #1
DO ,102 <- #1
DO ,103 <- #1
DO ,104 <- #1
DO ,105 <- #1
DO ,106 <- #1
DO ,107 <- #1
DO ,108 <- #1
DO ,109 <- #1
DO ,110 <- #1
DO ,111 <- #1
DO ,112 <- #1
DO ,113 <- #1
DO ,114 <- #1
DO ,115 <- #1
DO ,116 <- #1
DO ,117 <- #1
DO ,118 <- #1
DO ,119 <- #1
DO ,120 <- #1
DO ,121 <- #1
DO ,122 <- #1
DO ,123 <- #1
DO ,124 <- #1
DO ,125 <- #1
DO ,126 <- #1
DO ,127 <- #1
DO ,128 <- #1
DO ,129 <- #1
DO ,130 <- #1
DO ,131 <- #1
DO ,132 <- #1
DO ,133 <- #1
DO ,134 <- #1
DO ,135 <- #1
DO ,136 <- #1
DO ,137 <- #1
DO ,138 <- #1
DO ,139 <- #1
DO ,140 <- #1
DO ,141 <- #1
DO ,142 <- #1
DO ,143 <- #1
DO ,144 <- #1
DO ,145 <- #1
DO ,146 <- #1
DO ,147 <- #1
DO ,148 <- #1
DO ,149 <- #1
DO ,150 <- #1
DO ,151 <- #1
DO ,152 <- #1
DO ,153 <- #1
DO ,154 <- #1
DO ,155 <- #1
DO ,156 <- #1
DO ,157 <- #1
DO ,158 <- #1
DO ,159 <- #1
DO ,160 <- #1
DO ,161 <- #1
DO ,162 <- #1
DO ,163 <- #1
DO ,164 <- #1
DO ,165 <- #1
DO ,166 <- #1
DO ,167 <- #1
DO ,168 <- #1
DO ,169 <- #1
DO ,170 <- #1
DO ,171 <- #1
DO ,172 <- #1
DO ,173 <- #1
DO ,174 <- #1
DO ,175 <- #1
DO ,176 <- #1
DO ,177 <- #1
DO ,178 <- #1
DO ,179 <- #1
DO ,180 <- #1
DO ,181 <- #1
DO ,182 <- #1
DO ,183 <- #1
DO ,184 <- #1
DO ,185 <- #1
DO ,186 <- #1
DO ,187 <- #1
DO ,188 <- #1
DO ,189 <- #1
DO ,190 <- #1
DO ,191 <- #1
DO ,192 <- #1
DO ,193 <- #1
DO ,194 <- #1
DO ,195 <- #1
DO ,196 <- #1
DO ,197 <- #1
DO ,198 <- #1
DO ,199 <- #1
DO ,200 <- #1
DO ,201 <- #1
DO ,202 <- #1
DO ,203 <- #1
DO ,204 <- #1
DO ,205 <- #1
DO ,206 <- #1
DO ,207 <- #1
DO ,208 <- #1
DO ,209 <- #1
DO ,210 <- #1
DO ,211 <- #1
DO ,212 <- #1
DO ,213 <- #1
DO ,214 <- #1
DO ,215 <- #1
DO ,216 <- #1
DO ,217 <- #1
DO ,218 <- #1
DO ,219 <- #1
DO ,220 <- #1
DO ,221 <- #1
DO ,222 <- #1
DO ,223 <- #1
DO ,224 <- #1
DO ,225 <- #1
DO ,226 <- #1
DO ,227 <- #1
DO ,228 <- #1
DO ,229 <- #1
DO ,230 <- #1
DO ,231 <- #1
DO ,232 <- #1
DO ,233 <- #1
DO ,234 <- #1
DO ,235 <- #1
DO ,236 <- #1
DO ,237 <- #1
DO ,238 <- #1
DO ,239 <- #1
DO ,240 <- #1
DO ,241 <- #1
DO ,242 <- #1
DO ,243 <- #1
DO ,244 <- #1
DO ,245 <- #1
DO ,246 <- #1
DO ,247 <- #1
DO ,248 <- #1
DO ,249 <- #1
DO ,250 <- #1
DO ,251 <- #1
DO ,252 <- #1
DO ,253 <- #1
DO ,254 <- #1
DO ,255 <- #1
DO ,256 <- #1
DO ,257 <- #1
DO ,258 <- #1
DO ,259 <- #1
DO ,260 <- #1
DO ,261 <- #1
DO ,262 <- #1
DO ,263 <- #1
DO ,264 <- #1
DO ,265 <- #1
DO ,266 <- #1
DO ,267 <- #1
DO ,268 <- #1
DO ,269 <- #1
DO ,270 <- #1
DO ,271 <- #1
DO ,272 <- #1
DO ,273 <- #1
DO ,274 <- #1
DO ,275 <- #1
DO ,276 <- #1
DO ,277 <- #1
DO ,278 <- #1
DO ,279 <- #1
DO ,280 <- #1
DO ,281 <- #1
DO ,282 <- #1
DO ,283 <- #1
DO ,284 <- #1
DO ,285 <- #1
DO ,286 <- #1
DO ,287 <- #1
DO ,288 <- #1
DO ,289 <- #1
DO ,290 <- #1
DO ,291 <- #1
DO ,292 <- #1
DO ,293 <- #1
DO ,294 <- #1
DO ,295 <- #1
DO ,296 <- #1
DO ,297 <- #1
DO ,298 <- #1
DO ,299 <- #1
DO ,300 <- #1
DO ,301 <- #1
DO ,302 <- #1
DO ,303 <- #1
DO ,304 <- #1
DO ,305 <- #1
DO ,306 <- #1
DO ,307 <- #1
DO ,308 <- #1
DO ,309 <- #1
DO ,310 <- #1
DO ,311 <- #1
DO ,312 <- #1
DO ,313 <- #1
DO ,314 <- #1
DO ,315 <- #1
DO ,316 <- #1
DO ,317 <- #1
DO ,318 <- #1
DO ,319 <- #1
DO ,320 <- #1
DO ,321 <- #1
DO ,322 <- #1
DO ,323 <- #1
DO ,324 <- #1
DO ,325 <- #1
DO ,326 <- #1
DO ,327 <- #1
DO ,328 <- #1
DO ,329 <- #1
DO ,330 <- #1
DO ,331 <- #1
DO ,332 <- #1
DO ,333 <- #1
DO ,334 <- #1
DO ,335 <- #1
DO ,336 <- #1
DO ,337 <- #1
DO ,338 <- #1
DO ,339 <- #1
DO ,340 <- #1
DO ,341 <- #1
DO ,342 <- #1
DO ,343 <- #1
DO ,344 <- #1
DO ,345 <- #1
DO ,346 <- #1
DO ,347 <- #1
DO ,348 <- #1
DO ,349 <- #1
DO ,350 <- #1
DO ,351 <- #1
DO ,352 <- #1
DO ,353 <- #1
DO ,354 <- #1
DO ,355 <- #1
DO ,356 <- #1
DO ,357 <- #1
DO ,358 <- #1
DO ,359 <- #1
DO ,360 <- #1
DO ,361 <- #1
DO ,362 <- #1
DO ,363 <- #1
DO ,364 <- #1
DO ,365 <- #1
DO ,366 <- #1
DO ,367 <- #1
DO ,368 <- #1
DO ,369 <- #1
DO ,370 <- #1
DO ,371 <- #1
DO ,372 <- #1
DO ,373 <- #1
DO ,374 <- #1
DO ,375 <- #1
DO ,376 <- #1
DO ,377 <- #1
DO ,378 <- #1
DO ,379 <- #1
DO ,380 <- #1
DO ,381 <- #1
DO ,382 <- #1
DO ,383 <- #1
DO ,384 <- #1
DO ,385 <- #1
DO ,386 <- #1
DO ,387 <- #1
DO ,388 <- #1
DO ,389 <- #1
DO ,390 <- #1
DO ,391 <- #1
DO ,392 <- #1
DO ,393 <- #1
DO ,394 <- #1
DO ,395 <- #1
DO ,396 <- #1
DO ,397 <- #1
DO ,398 <- #1
DO ,399 <- #1
DO ,400 <- #1
DO ,401 <- #1
DO ,402 <- #1
DO ,403 <- #1
DO ,404 <- #1
DO ,405 <- #1
DO ,406 <- #1
DO ,407 <- #1
DO ,408 <- #1
DO ,409 <- #1
DO ,410 <- #1
DO ,411 <- #1
DO ,412 <- #1
DO ,413 <- #1
DO ,414 <- #1
DO ,415 <- #1
DO ,416 <- #1
DO ,417 <- #1
DO ,418 <- #1
DO ,419 <- #1
DO ,420 <- #1
DO ,421 <- #1
DO ,422 <- #1
DO ,423 <- #1
DO ,424 <- #1
DO ,425 <- #1
DO ,426 <- #1
DO ,427 <- #1
DO ,428 <- #1
DO ,429 <- #1
DO ,430 <- #1
DO ,431 <- #1
DO ,432 <- #1
DO ,433 <- #1
DO ,434 <- #1
DO ,435 <- #1
DO ,436 <- #1
DO ,437 <- #1
DO ,438 <- #1
DO ,439 <- #1
DO ,440 <- #1
DO ,441 <- #1
DO ,442 <- #1
DO ,443 <- #1
DO ,444 <- #1
DO ,445 <- #1
DO ,446 <- #1
DO ,447 <- #1
DO ,448 <- #1
DO ,449 <- #1
DO ,450 <- #1
DO ,451 <- #1
DO ,452 <- #1
DO ,453 <- #1
DO ,454 <- #1
DO ,455 <- #1
DO ,456 <- #1
DO ,457 <- #1
DO ,458 <- #1
DO ,459 <- #1
DO ,460 <- #1
DO ,461 <- #1
DO ,462 <- #1
DO ,463 <- #1
DO ,464 <- #1
DO ,465 <- #1
DO ,466 <- #1
DO ,467 <- #1
DO ,468 <- #1
DO ,469 <- #1
DO ,470 <- #1
DO ,471 <- #1
DO ,472 <- #1
DO ,473 <- #1
DO ,474 <- #1
DO ,475 <- #1
DO ,476 <- #1
DO ,477 <- #1
DO ,478 <- #1
DO ,479 <- #1
DO ,480 <- #1
DO ,481 <- #1
DO ,482 <- #1
DO ,483 <- #1
DO ,484 <- #1
DO ,485 <- #1
DO ,486 <- #1
DO ,487 <- #1
DO ,488 <- #1
DO ,489 <- #1
DO ,490 <- #1
DO ,491 <- #1
DO ,492 <- #1
DO ,493 <- #1
DO ,494 <- #1
DO ,495 <- #1
DO ,496 <- #1
DO ,497 <- #1
DO ,498 <- #1
DO ,499 <- #1
DO ,500 <- #1
PLEASE READ OUT ,26
PLEASE READ OUT ,40
PLEASE READ OUT ,202
PLEASE READ OUT ,267
PLEASE READ OUT ,282
PLEASE READ OUT ,340
PLEASE READ OUT ,359
PLEASE READ OUT ,408
PLEASE READ OUT ,410
PLEASE READ OUT ,495
PLEASE GIVE UP
```",7130,0.7,0,0,0,0,0
"Complexity: 4[ 34, 92, 164, 165, 209, 296, 414, 456, 467, 49]",4,0,INTERCAL,181,"```intercal
DO ,1 <- #34
DO ,2 <- #92
DO ,3 <- #164
DO ,4 <- #165
DO ,5 <- #209
DO ,6 <- #296
DO ,7 <- #414
DO ,8 <- #456
DO ,9 <- #467
DO ,10 <- #494
DO ,11 <- #0
DO COME FROM #100
(1) DO .1 <- ',1
DO .2 <- ',2
DO .3 <- ',3
DO .4 <- ',4
DO .5 <- ',5
DO .6 <- ',6
DO .7 <- ',7
DO .8 <- ',8
DO .9 <- ',9
DO .10 <- ',10
DO COME FROM #1000
(1000) PLEASE GIVE UP
```",362,0.7,0,0,0,0,0
"Complexity: 4[ 16, 119, 121, 123, 135, 139, 285, 311, 409, 41]",4,0,INTERCAL,182,"```intercal
DO ,1 <- #16
DO ,2 <- #119
DO ,3 <- #121
DO ,4 <- #123
DO ,5 <- #135
DO ,6 <- #139
DO ,7 <- #285
DO ,8 <- #311
DO ,9 <- #409
DO ,10 <- #412
DO ,11 <- #10
DO COME FROM (2)
PLEASE DO ,1 SUB #1 <- ,1
DO ,11 SUB #1 <- #255
DO (1) NEXT
DO COME FROM (4)
DO ,2 SUB #1 <- ,2
DO ,11 SUB #1 <- #255
DO (3) NEXT
DO COME FROM (6)
DO ,3 SUB #1 <- ,3
DO ,11 SUB #1 <- #255
DO (5) NEXT
DO COME FROM (8)
DO ,4 SUB #1 <- ,4
DO ,11 SUB #1 <- #255
DO (7) NEXT
DO COME FROM (10)
DO ,5 SUB #1 <- ,5
DO ,11 SUB #1 <- #255
DO (9) NEXT
DO COME FROM (12)
DO ,6 SUB #1 <- ,6
DO ,11 SUB #1 <- #255
DO (11) NEXT
DO COME FROM (14)
DO ,7 SUB #1 <- ,7
DO ,11 SUB #1 <- #255
DO (13) NEXT
DO COME FROM (16)
DO ,8 SUB #1 <- ,8
DO ,11 SUB #1 <- #255
DO (15) NEXT
DO COME FROM (18)
DO ,9 SUB #1 <- ,9
DO ,11 SUB #1 <- #255
DO (17) NEXT
DO COME FROM (20)
DO ,10 SUB #1 <- ,10
DO ,11 SUB #1 <- #255
DO (19) NEXT
DO COME FROM (22)
PLEASE GIVE UP
```",922,0.7,0,0,0,0,0
"Complexity: 4[ 8, 11, 12, 103, 116, 196, 247, 254, 389, 42]",4,0,INTERCAL,179,"```intercal
DO ,1 <- #8
DO ,2 <- #11
DO ,3 <- #12
DO ,4 <- #103
DO ,5 <- #116
DO ,6 <- #196
DO ,7 <- #247
DO ,8 <- #254
DO ,9 <- #389
DO ,10 <- #427
DO ,11 <- #10
DO COME FROM (2)
PLEASE DO ,1 SUB #1 <- ',1'
DO ,11 SUB #1 <- #1
PLEASE DO (1) NEXT
DO READ OUT ,1
DO (2) NEXT
```",277,0.7,0,0,0,0,0
"Complexity: 4[ 12, 36, 96, 119, 171, 213, 221, 232, 363, 45]",4,0,INTERCAL,180,"```intercal
DO ,1 <- #9
DO ,2 <- #4
DO ,3 <- #6
DO ,4 <- #0
DO ,5 <- #0
DO ,6 <- #1
DO ,7 <- #0
DO ,8 <- #0
DO ,9 <- #0
DO ,10 <- #0
DO ,11 <- #0
DO ,12 <- #0
DO ,13 <- #0
DO ,14 <- #0
DO ,15 <- #0
DO ,16 <- #0
DO ,17 <- #0
DO ,18 <- #0
DO ,19 <- #0
DO ,20 <- #0
DO ,21 <- #0
DO ,22 <- #0
DO ,23 <- #0
DO ,24 <- #0
DO ,25 <- #0
DO ,26 <- #0
DO ,27 <- #0
DO ,28 <- #0
DO ,29 <- #0
DO ,30 <- #0
DO ,31 <- #0
DO ,32 <- #0
DO ,33 <- #0
DO ,34 <- #0
PLEASE DO ,1 SUB #1 <- #12
PLEASE DO ,1 SUB #2 <- #36
PLEASE DO ,1 SUB #3 <- #96
PLEASE DO ,1 SUB #4 <- #119
PLEASE DO ,1 SUB #5 <- #171
PLEASE DO ,1 SUB #6 <- #213
PLEASE DO ,1 SUB #7 <- #221
PLEASE DO ,1 SUB #8 <- #232
PLEASE DO ,1 SUB #9 <- #363
PLEASE DO ,1 SUB #10 <- #451
DO COME FROM (1234)
PLEASE READ OUT ,1
DO .1 <- '?.1
PLEASE GIVE UP
```",794,0.7,0,0,0,0,0
"Complexity: 4[ 38, 91, 142, 197, 215, 313, 316, 319, 423, 46]",4,0,INTERCAL,181,"```intercal
DO ,1 <- #123
DO ,2 <- #9
DO ,3 <- #202
DO COME FROM (2)
PLEASE DO ,1 SUB #1 <- #38
DO ,2 SUB #1 <- #91
DO ,3 SUB #1 <- #142
DO ,4 SUB #1 <- #197
DO ,5 SUB #1 <- #215
DO ,6 SUB #1 <- #313
DO ,7 SUB #1 <- #316
DO ,8 SUB #1 <- #319
DO ,9 SUB #1 <- #423
DO ,10 SUB #1 <- #466
PLEASE READ OUT ,1
DO READ OUT ,2
PLEASE READ OUT ,3
DO READ OUT ,4
DO READ OUT ,5
PLEASE READ OUT ,6
PLEASE READ OUT ,7
DO READ OUT ,8
PLEASE READ OUT ,9
DO READ OUT ,10
PLEASE GIVE UP
```",474,0.7,0,0,0,0,0
"Complexity: 4[ 7, 42, 147, 201, 213, 248, 310, 332, 436, 47]",4,0,INTERCAL,180,"```intercal
DO ,1 <- #9
DO ,2 <- #2
DO ,3 <- #7
DO ,4 <- #42
DO ,5 <- #147
DO ,6 <- #201
DO ,7 <- #213
DO ,8 <- #248
DO ,9 <- #310
DO ,10 <- #332
DO ,11 <- #436
DO ,12 <- #479
PLEASE DO ,1010 <- #1
DO ,1000 <- #10
DO ,1001 <- #1
DO ,1002 <- #1
(1) DO ,1001 SUB #1 <- ,1001 SUB #1 $ (,1002 SUB #1)
DO ,1002 SUB #1 <- ,1002 SUB #1 $ (,1001 SUB #1)
DO ,1002 SUB #1 <- ,1002 SUB #1 $ (,1001 SUB #1)
PLEASE DO ,1001 SUB #1 <- ,1001 SUB #1 $ (,1002 SUB #1)
DO ,1002 SUB #1 <- ,1002 SUB #1 $ (,1001 SUB #1)
DO ,1002 SUB #1 <- ,1002 SUB #1 $ (,1001 SUB #1)
PLEASE DO ,1001 SUB #1 <- ,1001 SUB #1 $ (,1002 SUB #1)
DO ,1002 SUB #1 <- ,1002 SUB #1 $ (,1001 SUB #1)
DO ,1002 SUB #1 <- ,1002 SUB #1 $ (,1001 SUB #1)
PLEASE DO ,1001 SUB #1 <- ,1001 SUB #1 $ (,1002 SUB #1)
PLEASE DO ,1003 <- #10
PLEASE DO (2) NEXT
DO (1) NEXT
DO ,1003 SUB #1 <- #1
DO ,1004 <- #13
(1000) PLEASE DO (1003) NEXT
(1002) PLEASE DO (1004) NEXT
DO .1 <- ,1
DO .2 <- ,2
DO .3 <- ,3
DO .4 <- ,4
DO .5 <- ,5
DO .6 <- ,6
DO .7 <- ,7
DO .8 <- ,8
DO .9 <- ,9
DO .10 <- ,10
DO .11 <- ,11
DO .12 <- ,12
PLEASE GIVE UP
```",1077,0.7,0,0,0,0,0
"Complexity: 4[ 27, 101, 105, 164, 245, 290, 304, 441, 449, 49]",4,0,INTERCAL,182,"```intercal
DO ,1 <- #9
DO ,2 <- #5
DO ,3 <- #7
DO COME FROM (4)
DO ,6 <- #1
PLEASE DO ,4 <- #2
DO ,5 SUB #1 <- #27
DO ,5 SUB #2 <- #101
DO ,5 SUB #3 <- #105
DO ,5 SUB #4 <- #164
DO ,5 SUB #5 <- #245
DO ,5 SUB #6 <- #290
DO ,5 SUB #7 <- #304
DO ,5 SUB #8 <- #441
DO ,5 SUB #9 <- #449
DO ,5 SUB #10 <- #490
(1) PLEASE DO ,7 <- #0
(2) DO ,7 <- ,7 + #1
DO COME FROM (3)
PLEASE DO ,8 <- ,5 SUB ,7
DO WRITE IN ,8
DO (2) NEXT
(3) PLEASE DO ,6 <- ,6 + #1
DO (4) NEXT
(4) DO FORGET #1
```",480,0.7,0,0,0,0,0
"Complexity: 4[ 4, 11, 29, 106, 214, 283, 296, 298, 360, 49]",4,0,INTERCAL,179,"```intercal
DO ,1 <- #4
DO ,2 <- #11
DO ,3 <- #29
DO ,4 <- #106
DO ,5 <- #214
DO ,6 <- #283
DO ,7 <- #296
DO ,8 <- #298
DO ,9 <- #360
DO ,10 <- #497
DO ,11 <- #0
DO COME FROM (2)

(1) PLEASE WRITE IN ,1
PLEASE WRITE IN ,2
PLEASE WRITE IN ,3
PLEASE WRITE IN ,4
PLEASE WRITE IN ,5
PLEASE WRITE IN ,6
PLEASE WRITE IN ,7
PLEASE WRITE IN ,8
PLEASE WRITE IN ,9
PLEASE WRITE IN ,10
(2) PLEASE GIVE UP
```",397,0.7,0,0,0,0,0
"Complexity: 4[ 72, 106, 139, 165, 171, 192, 199, 429, 453, 47]",4,0,INTERCAL,182,"```intercal
DO ,1 <- #9
DO ,2 <- #8
DO ,3 <- #7
DO ,4 <- #6
DO ,5 <- #5
DO ,6 <- #4
DO ,7 <- #3
DO ,8 <- #2
DO ,9 <- #1
DO ,10 <- #0
DO ,11 <- #72
DO ,12 <- #106
DO ,13 <- #139
DO ,14 <- #165
DO ,15 <- #171
DO ,16 <- #192
DO ,17 <- #199
DO ,18 <- #429
DO ,19 <- #453
DO ,20 <- #477
PLEASE DO ,1 SUB #1 <- ,11
DO ,2 SUB #1 <- ,12
DO ,3 SUB #1 <- ,13
DO ,4 SUB #1 <- ,14
DO ,5 SUB #1 <- ,15
DO ,6 SUB #1 <- ,16
DO ,7 SUB #1 <- ,17
DO ,8 SUB #1 <- ,18
DO ,9 SUB #1 <- ,19
DO ,10 SUB #1 <- ,20
DO COME FROM (20)
DO READ OUT ,1
DO READ OUT ,2
DO READ OUT ,3
DO READ OUT ,4
DO READ OUT ,5
DO READ OUT ,6
DO READ OUT ,7
DO READ OUT ,8
DO READ OUT ,9
DO READ OUT ,10
PLEASE GIVE UP
```",677,0.7,0,0,0,0,0
"Complexity: 4[ 187, 218, 260, 295, 301, 314, 379, 410, 452, 46]",4,0,INTERCAL,183,"```intercal
DO ,1 <- #9
DO ,2 <- #187
DO ,3 <- #31
DO ,4 <- #42
DO ,5 <- #35
DO ,6 <- #6
DO ,7 <- #13
DO ,8 <- #65
DO ,9 <- #31
DO ,10 <- #42
DO ,11 <- #17
PLEASE DO ,1 SUB #1 <- ,2
DO ,2 <- ,2 + ,3
DO ,3 <- ,4
DO ,4 <- ,5
DO ,5 <- ,6
DO ,6 <- ,7
DO ,7 <- ,8
DO ,8 <- ,9
DO ,9 <- ,10
DO ,10 <- ,11
DO ,11 <- #0
PLEASE DO (1) NEXT
DO ,12 <- #10
DO ,13 <- #1
PLEASE DO ,14 <- ,12 SUB ,13
PLEASE READ OUT ,14
DO ,13 <- ,13 + #1
PLEASE COMPARE ,13 WITH ,1
PLEASE JUMP WHEN LESS DO (1000)
PLEASE GIVE UP
```",502,0.7,0,0,0,0,0
"Complexity: 4[ 29, 63, 95, 140, 150, 190, 221, 437, 482, 49]",4,0,INTERCAL,180,"```intercal
DO ,1 <- #29
DO ,2 <- #63
DO ,3 <- #95
DO ,4 <- #140
DO ,5 <- #150
DO ,6 <- #190
DO ,7 <- #221
DO ,8 <- #437
DO ,9 <- #482
DO ,10 <- #491
DO COME FROM (2)
PLEASE DO ,1 SUB #1 <- #10
DO COME FROM (1)
DO (2) NEXT
PLEASE DO ,11 <- #1
DO ,11 SUB #1 <- "",10$#""
DO WRITE IN ,11
PLEASE DO (1) NEXT
```",306,0.7,0,0,0,0,0
"Complexity: 4[ 3, 11, 84, 144, 156, 177, 188, 199, 229, 28]",4,0,INTERCAL,179,"```intercal
DO ,1 <- #9
DO ,2 <- #1
DO ,3 <- #3
DO ,4 <- #11
DO ,5 <- #84
DO ,6 <- #144
DO ,7 <- #156
DO ,8 <- #177
DO ,9 <- #188
DO ,10 <- #199
DO ,11 <- #229
DO ,12 <- #284
DO ,13 <- #0
DO COME FROM (2)
PLEASE DO ,1 SUB #1 <- #10
DO ,1 SUB #2 <- #13
DO ,2 SUB #1 <- #1
PLEASE DO ,2 SUB #2 <- #2
DO ,3 SUB #1 <- #2
DO ,3 SUB #2 <- #3
DO ,4 SUB #1 <- #3
DO ,4 SUB #2 <- #4
DO ,5 SUB #1 <- #4
DO ,5 SUB #2 <- #5
DO ,6 SUB #1 <- #5
DO ,6 SUB #2 <- #6
DO ,7 SUB #1 <- #6
DO ,7 SUB #2 <- #7
DO ,8 SUB #1 <- #7
DO ,8 SUB #2 <- #8
DO ,9 SUB #1 <- #8
DO ,9 SUB #2 <- #9
DO ,10 SUB #1 <- #9
DO ,10 SUB #2 <- #10
DO ,11 SUB #1 <- #10
DO ,11 SUB #2 <- #11
DO ,12 SUB #1 <- #11
DO ,12 SUB #2 <- #12
DO ,13 SUB #1 <- #12
DO ,13 SUB #2 <- #13
PLEASE READ OUT ,1
PLEASE READ OUT ,2
PLEASE READ OUT ,3
PLEASE READ OUT ,4
PLEASE READ OUT ,5
PLEASE READ OUT ,6
PLEASE READ OUT ,7
PLEASE READ OUT ,8
PLEASE READ OUT ,9
PLEASE READ OUT ,10
PLEASE READ OUT ,11
PLEASE READ OUT ,12
DO GIVE UP
```",975,0.7,0,0,0,0,0
"Complexity: 4[ 26, 94, 98, 137, 176, 301, 323, 330, 372, 44]",4,0,INTERCAL,180,"```intercal
DO ,1 <- #9
DO ,2 <- #0
DO ,3 <- #2
DO ,4 <- #6
DO ,5 <- #3
DO ,6 <- #4
DO ,7 <- #7
DO ,8 <- #8
DO ,9 <- #137
DO ,10 <- #176
DO ,11 <- #301
DO ,12 <- #323
DO ,13 <- #330
DO ,14 <- #372
DO ,15 <- #444
DO ,16 <- #10
DO ,17 SUB #1 <- #1
PLEASE DO ,18 SUB #1 <- #0
DO ,19 SUB #1 <- #0
DO ,20 SUB #1 <- #1
DO ,21 SUB #1 <- #0
DO ,22 SUB #1 <- #0
DO ,23 SUB #1 <- #0
DO ,24 SUB #1 <- #0
DO ,25 SUB #1 <- #0
DO ,26 SUB #1 <- #0
DO ,27 SUB #1 <- #0
DO ,28 SUB #1 <- #0
DO ,29 SUB #1 <- #0
DO ,30 SUB #1 <- #0
DO ,31 SUB #1 <- #0
DO ,32 SUB #1 <- #0
PLEASE DO ,33 SUB #1 <- #1
DO ,34 SUB #1 <- #0
DO ,35 SUB #1 <- #0
DO ,36 SUB #1 <- #0
DO ,37 SUB #1 <- #0
DO ,38 SUB #1 <- #0
DO ,39 SUB #1 <- #0
DO ,40 SUB #1 <- #0
DO ,41 SUB #1 <- #0
DO ,42 SUB #1 <- #0
DO ,43 SUB #1 <- #0
DO ,44 SUB #1 <- #0
DO ,45 SUB #1 <- #0
DO ,46 SUB #1 <- #0
DO ,47 SUB #1 <- #0
DO ,48 SUB #1 <- #0
DO ,49 SUB #1 <- #0
DO ,50 SUB #1 <- #0
DO ,51 SUB #1 <- #0
DO ,52 SUB #1 <- #0
PLEASE DO ,53 SUB #1 <- #0
DO ,54 SUB #1 <- #0
DO ,55 SUB #1 <- #0
DO ,56 SUB #1 <- #0
DO ,57 SUB #1 <- #0
DO ,58 SUB #1 <- #0
DO ,59 SUB #1 <- #0
DO ,60 SUB #1 <- #0
DO ,61 SUB #1 <- #0
DO ,62 SUB #1 <- #0
DO ,63 SUB #1 <- #0
DO ,64 SUB #1 <- #0
DO ,65 SUB #1 <- #0
DO ,66 SUB #1 <- #0
PLEASE DO ,67 SUB #1 <- #0
DO ,68 SUB #1 <- #0
DO ,69 SUB #1 <- #0
DO ,70 SUB #1 <- #0
DO ,71 SUB #1 <- #0
DO ,72 SUB #1 <- #0
DO ,73 SUB #1 <- #0
DO ,74 SUB #1 <- #0
DO ,75 SUB #1 <- #0
DO ,76 SUB #1 <- #0
DO ,77 SUB #1 <- #0
DO ,78 SUB #1 <- #0
DO ,79 SUB #1 <- #0
DO ,80 SUB #1 <- #0
DO ,81 SUB #1 <- #0
PLEASE DO ,82 SUB #1 <- #0
DO ,83 SUB #1 <- #0
DO ,84 SUB #1 <- #0
DO ,85 SUB #1 <- #0
DO ,86 SUB #1 <- #0
DO ,87 SUB #1 <- #0
DO ,88 SUB #1 <- #0
DO ,89 SUB #1 <- #0
DO ,90 SUB #1 <- #0
DO ,91 SUB #1 <- #0
DO ,92 SUB #1 <- #0
DO ,93 SUB #1 <- #0
DO ,94 SUB #1 <- #0
DO ,95 SUB #1 <- #0
DO ,96 SUB #1 <- #0
DO ,97 SUB #1 <- #0
PLEASE DO ,98 SUB #1 <- #0
DO ,99 SUB #1 <- #0
DO ,100 SUB #1 <- #0
DO ,101 SUB #1 <- #0
DO ,102 SUB #1 <- #0
DO ,103 SUB #1 <- #0
DO ,104 SUB #1 <- #0
DO ,105 SUB #1 <- #0
DO ,106 SUB #1 <- #0
DO ,107 SUB #1 <- #0
DO ,108 SUB #1 <- #0
DO ,109 SUB #1 <- #0
DO ,110 SUB #1 <- #0
DO ,111 SUB #1 <- #0
DO ,112 SUB #1 <- #0
PLEASE DO ,113 SUB #1 <- #0
DO ,114 SUB #1 <- #0
DO ,115 SUB #1 <- #0
DO ,116 SUB #1 <- #0
DO ,117 SUB #1 <- #0
DO ,118 SUB #1 <- #0
DO ,119 SUB #1 <- #0
DO ,120 SUB #1 <- #0
DO ,121 SUB #1 <- #0
DO ,122 SUB #1 <- #0
DO ,123 SUB #1 <- #0
DO ,124 SUB #1 <- #0
DO ,125 SUB #1 <- #0
DO ,126 SUB #1 <- #0
DO ,127 SUB #1 <- #0
PLEASE DO ,128 SUB #1 <- #0
PLEASE READ OUT ,4
PLEASE READ OUT ,6
PLEASE READ OUT ,8
PLEASE READ OUT ,9
PLEASE READ OUT ,10
PLEASE READ OUT ,11
PLEASE READ OUT ,12
PLEASE READ OUT ,13
PLEASE READ OUT ,14
PLEASE READ OUT ,15
PLEASE GIVE UP
```",2765,0.7,0,0,0,0,0
"Complexity: 4[ 39, 81, 88, 210, 215, 378, 416, 430, 439, 49]",4,0,INTERCAL,180,"```intercal
DO ,1 <- #39
DO ,2 <- #81
DO ,3 <- #88
DO ,4 <- #210
DO ,5 <- #215
DO ,6 <- #378
DO ,7 <- #416
DO ,8 <- #430
DO ,9 <- #439
DO ,10 <- #490
DO COME FROM (2)
DO ,11 <- #1
DO (2) NEXT
PLEASE DO ,1 SUB #1 <- #10
DO (1) NEXT
DO ,1 SUB #1 <- #9
DO (1) NEXT
DO ,1 SUB #1 <- #8
DO (1) NEXT
DO ,1 SUB #1 <- #7
DO (1) NEXT
DO ,1 SUB #1 <- #6
DO (1) NEXT
DO ,1 SUB #1 <- #5
DO (1) NEXT
DO ,1 SUB #1 <- #4
DO (1) NEXT
DO ,1 SUB #1 <- #3
DO (1) NEXT
DO ,1 SUB #1 <- #2
DO (1) NEXT
DO ,1 SUB #1 <- #1
DO (1) NEXT
PLEASE GIVE UP
```",528,0.7,0,0,0,0,0
"Complexity: 4[ 29, 57, 68, 120, 134, 140, 173, 197, 283, 31]",4,0,INTERCAL,180,"```intercal
DO ,1 <- #29
DO ,2 <- #57
DO ,3 <- #68
DO ,4 <- #120
DO ,5 <- #134
DO ,6 <- #140
DO ,7 <- #173
DO ,8 <- #197
DO ,9 <- #283
DO ,10 <- #313
DO ,11 <- #10
DO COME FROM (2)
(1) DO ,1 SUB #1 <- #8
DO ,11 SUB #1 <- #1
PLEASE DO ,12 <- #10
DO ,12 SUB #1 <- #1
DO ,13 <- #0
DO (2) NEXT
DO READ OUT ,1
DO READ OUT ,2
DO READ OUT ,3
DO READ OUT ,4
DO READ OUT ,5
DO READ OUT ,6
DO READ OUT ,7
DO READ OUT ,8
DO READ OUT ,9
DO READ OUT ,10
PLEASE GIVE UP
```",459,0.5,0,0,0,0,0
"Complexity: 4[ 24, 26, 36, 40, 184, 226, 244, 384, 391, 42]",4,0,INTERCAL,179,"```intercal
DO ,1 <- #9
DO ,2 <- #10
DO ,3 <- #13
DO ,4 <- #14
DO ,5 <- #16
DO ,6 <- #17
DO ,7 <- #18
DO ,8 <- #19
DO ,9 <- #20
DO ,10 <- #21
DO ,11 <- #22
DO ,12 <- #23
DO ,13 <- #24
DO ,14 <- #25
DO ,15 <- #26
DO ,16 <- #27
DO ,17 <- #28
DO ,18 <- #29
DO ,19 <- #30
DO ,20 <- #31
DO ,21 <- #32
DO ,22 <- #33
DO ,23 <- #34
DO ,24 <- #35
DO ,25 <- #36
DO ,26 <- #37
DO ,27 <- #38
DO ,28 <- #39
DO ,29 <- #40
DO ,30 <- #41
DO ,31 <- #42
DO ,32 <- #43
DO ,33 <- #44
DO ,34 <- #45
DO ,35 <- #46
DO ,36 <- #47
DO ,37 <- #48
DO ,38 <- #49
DO ,39 <- #50
DO ,40 <- #51
DO ,41 <- #52
DO ,42 <- #53
DO ,43 <- #54
DO ,44 <- #55
DO ,45 <- #56
DO ,46 <- #57
DO ,47 <- #58
DO ,48 <- #59
DO ,49 <- #60
DO ,50 <- #61
DO ,51 <- #62
DO ,52 <- #63
DO ,53 <- #64
DO ,54 <- #65
DO ,55 <- #66
DO ,56 <- #67
DO ,57 <- #68
DO ,58 <- #69
DO ,59 <- #70
DO ,60 <- #71
DO ,61 <- #72
DO ,62 <- #73
DO ,63 <- #74
DO ,64 <- #75
DO ,65 <- #76
DO ,66 <- #77
DO ,67 <- #78
DO ,68 <- #79
DO ,69 <- #80
DO ,70 <- #81
DO ,71 <- #82
DO ,72 <- #83
DO ,73 <- #84
DO ,74 <- #85
DO ,75 <- #86
DO ,76 <- #87
DO ,77 <- #88
DO ,78 <- #89
DO ,79 <- #90
DO ,80 <- #91
DO ,81 <- #92
DO ,82 <- #93
DO ,83 <- #94
DO ,84 <- #95
DO ,85 <- #96
DO ,86 <- #97
DO ,87 <- #98
DO ,88 <- #99
DO ,89 <- #100
DO ,90 <- #101
DO ,91 <- #102
DO ,92 <- #103
DO ,93 <- #104
DO ,94 <- #105
DO ,95 <- #106
DO ,96 <- #107
DO ,97 <- #108
DO ,98 <- #109
DO ,99 <- #110
DO ,100 <- #111
DO ,101 <- #112
DO ,102 <- #113
DO ,103 <- #114
DO ,104 <- #115
DO ,105 <- #116
DO ,106 <- #117
DO ,107 <- #118
DO ,108 <- #119
DO ,109 <- #120
DO ,110 <- #121
DO ,111 <- #122
DO ,112 <- #123
DO ,113 <- #124
DO ,114 <- #125
DO ,115 <- #126
DO ,116 <- #127
DO ,117 <- #128
DO ,118 <- #129
DO ,119 <- #130
DO ,120 <- #131
DO ,121 <- #132
DO ,122 <- #133
DO ,123 <- #134
DO ,124 <- #135
DO ,125 <- #136
DO ,126 <- #137
DO ,127 <- #138
DO ,128 <- #139
DO ,129 <- #140
DO ,130 <- #141
DO ,131 <- #142
DO ,132 <- #143
DO ,133 <- #144
DO ,134 <- #145
DO ,135 <- #146
DO ,136 <- #147
DO ,137 <- #148
DO ,138 <- #149
DO ,139 <- #150
DO ,140 <- #151
DO ,141 <- #152
DO ,142 <- #153
DO ,143 <- #154
DO ,144 <- #155
DO ,145 <- #156
DO ,146 <- #157
DO ,147 <- #158
DO ,148 <- #159
DO ,149 <- #160
DO ,150 <- #161
DO ,151 <- #162
DO ,152 <- #163
DO ,153 <- #164
DO ,154 <- #165
DO ,155 <- #166
DO ,156 <- #167
DO ,157 <- #168
DO ,158 <- #169
DO ,159 <- #170
DO ,160 <- #171
DO ,161 <- #172
DO ,162 <- #173
DO ,163 <- #174
DO ,164 <- #175
DO ,165 <- #176
DO ,166 <- #177
DO ,167 <- #178
DO ,168 <- #179
DO ,169 <- #180
DO ,170 <- #181
DO ,171 <- #182
DO ,172 <- #183
DO ,173 <- #184
DO ,174 <- #185
DO ,175 <- #186
DO ,176 <- #187
DO ,177 <- #188
DO ,178 <- #189
DO ,179 <- #190
DO ,180 <- #191
DO ,181 <- #192
DO ,182 <- #193
DO ,183 <- #194
DO ,184 <- #195
DO ,185 <- #196
DO ,186 <- #197
DO ,187 <- #198
DO ,188 <- #199
DO ,189 <- #200
DO ,190 <- #201
DO ,191 <- #202
DO ,192 <- #203
DO ,193 <- #204
DO ,194 <- #205
DO ,195 <- #206
DO ,196 <- #207
DO ,197 <- #208
DO ,198 <- #209
DO ,199 <- #210
DO ,200 <- #211
DO ,201 <- #212
DO ,202 <- #213
DO ,203 <- #214
DO ,204 <- #215
DO ,205 <- #216
DO ,206 <- #217
DO ,207 <- #218
DO ,208 <- #219
DO ,209 <- #220
DO ,210 <- #221
DO ,211 <- #222
DO ,212 <- #223
DO ,213 <- #224
DO ,214 <- #225
DO ,215 <- #226
DO ,216 <- #227
DO ,217 <- #228
DO ,218 <- #229
DO ,219 <- #230
DO ,220 <- #231
DO ,221 <- #232
DO ,222 <- #233
DO ,223 <- #234
DO ,224 <- #235
DO ,225 <- #236
DO ,226 <- #237
DO ,227 <- #238
DO ,228 <- #239
DO ,229 <- #240
DO ,230 <- #241
DO ,231 <- #242
DO ,232 <- #243
DO ,233 <- #244
DO ,234 <- #245
DO ,235 <- #246
DO ,236 <- #247
DO ,237 <- #248
DO ,238 <- #249
DO ,239 <- #250
DO ,240 <- #251
DO ,241 <- #252
DO ,242 <- #253
DO ,243 <- #254
DO ,244 <- #255
DO ,245 <- #256
DO ,246 <- #257
DO ,247 <- #258
DO ,248 <- #259
DO ,249 <- #260
DO ,250 <- #261
DO ,251 <- #262
DO ,252 <- #263
DO ,253 <- #264
DO ,254 <- #265
DO ,255 <- #266
DO ,256 <- #267
DO ,257 <- #268
DO ,258 <- #269
DO ,259 <- #270
DO ,260 <- #271
DO ,261 <- #272
DO ,262 <- #273
DO ,263 <- #274
DO ,264 <- #275
DO ,265 <- #276
DO ,266 <- #277
DO ,267 <- #278
DO ,268 <- #279
DO ,269 <- #280
DO ,270 <- #281
DO ,271 <- #282
DO ,272 <- #283
DO ,273 <- #284
DO ,274 <- #285
DO ,275 <- #286
DO ,276 <- #287
DO ,277 <- #288
DO ,278 <- #289
DO ,279 <- #290
DO ,280 <- #291
DO ,281 <- #292
DO ,282 <- #293
DO ,283 <- #294
DO ,284 <- #295
DO ,285 <- #296
DO ,286 <- #297
DO ,287 <- #298
DO ,288 <- #299
DO ,289 <- #300
DO ,290 <- #301
DO ,291 <- #302
DO ,292 <- #303
DO ,293 <- #304
DO ,294 <- #305
DO ,295 <- #306
DO ,296 <- #307
DO ,297 <- #308
DO ,298 <- #309
DO ,299 <- #310
DO ,300 <- #311
DO ,301 <- #312
DO ,302 <- #313
DO ,303 <- #314
DO ,304 <- #315
DO ,305 <- #316
DO ,306 <- #317
DO ,307 <- #318
DO ,308 <- #319
DO ,309 <- #320
DO ,310 <- #321
DO ,311 <- #322
DO ,312 <- #323
DO ,313 <- #324
DO ,314 <- #325
DO ,315 <- #326
DO ,316 <- #327
DO ,317 <- #328
DO ,318 <- #329
DO ,319 <- #330
DO ,320 <- #331
DO ,321 <- #332
DO ,322 <- #333
DO ,323 <- #334
DO ,324 <- #335
DO ,325 <- #336
DO ,326 <- #337
DO ,327 <- #338
DO ,328 <- #339
DO ,329 <- #340
DO ,330 <- #341
DO ,331 <- #342
DO ,332 <- #343
DO ,333 <- #344
DO ,334 <- #345
DO ,335 <- #346
DO ,336 <- #347
DO ,337 <- #348
DO ,338 <- #349
DO ,339 <- #350
DO ,340 <- #351
DO ,341 <- #352
DO ,342 <- #353
DO ,343 <- #354
DO ,344 <- #355
DO ,345 <- #356
DO ,346 <- #357
DO ,347 <- #358
DO ,348 <- #359
DO ,349 <- #360
DO ,350 <- #361
DO ,351 <- #362
DO ,352 <- #363
DO ,353 <- #364
DO ,354 <- #365
DO ,355 <- #366
DO ,356 <- #367
DO ,357 <- #368
DO ,358 <- #369
DO ,359 <- #370
DO ,360 <- #371
DO ,361 <- #372
DO ,362 <- #373
DO ,363 <- #374
DO ,364 <- #375
DO ,365 <- #376
DO ,366 <- #377
DO ,367 <- #378
DO ,368 <- #379
DO ,369 <- #380
DO ,370 <- #381
DO ,371 <- #382
DO ,372 <- #383
DO ,373 <- #384
DO ,374 <- #385
DO ,375 <- #386
DO ,376 <- #387
DO ,377 <- #388
DO ,378 <- #389
DO ,379 <- #390
DO ,380 <- #391
DO ,381 <- #392
DO ,382 <- #393
DO ,383 <- #394
DO ,384 <- #395
DO ,385 <- #396
DO ,386 <- #397
DO ,387 <- #398
DO ,388 <- #399
DO ,389 <- #400
DO ,390 <- #401
DO ,391 <- #402
DO ,392 <- #403
DO ,393 <- #404
DO ,394 <- #405
DO ,395 <- #406
DO ,396 <- #407
DO ,397 <- #408
DO ,398 <- #409
DO ,399 <- #410
DO ,400 <- #411
DO ,401 <- #412
DO ,402 <- #413
DO ,403 <- #414
DO ,404 <- #415
DO ,405 <- #416
DO ,406 <- #417
DO ,407 <- #418
DO ,408 <- #419
DO ,409 <- #420
DO ,410 <- #421
DO ,411 <- #422
DO ,412 <- #423
DO ,413 <- #424
DO ,414 <- #425
DO ,415 <- #426
DO ,416 <- #427
DO ,417 <- #428
DO ,418 <- #429
DO ,419 <- #430
DO ,420 <- #431
DO ,421 <- #432
DO ,422 <- #433
DO ,423 <- #434
DO ,424 <- #435
DO ,425 <- #436
DO ,426 <- #437
DO ,427 <- #438
DO ,428 <- #439
DO ,429 <- #440
DO ,430 <- #441
DO ,431 <- #442
DO ,432 <- #443
DO ,433 <- #444
DO ,434 <- #445
DO ,435 <- #446
DO ,436 <- #447
DO ,437 <- #448
DO ,438 <- #449
DO ,439 <- #450
DO ,440 <- #451
DO ,441 <- #452
DO ,442 <- #453
DO ,443 <- #454
DO ,444 <- #455
DO ,445 <- #456
DO ,446 <- #457
DO ,447 <- #458
DO ,448 <- #459
DO ,449 <- #460
DO ,450 <- #461
DO ,451 <- #462
DO ,452 <- #463
DO ,453 <- #464
DO ,454 <- #465
DO ,455 <- #466
DO ,456 <- #467
DO ,457 <- #468
DO ,458 <- #469
DO ,459 <- #470
DO ,460 <- #471
DO ,461 <- #472
DO ,462 <- #473
DO ,463 <- #474
DO ,464 <- #475
DO ,465 <- #476
DO ,466 <- #477
DO ,467 <- #478
DO ,468 <- #479
DO ,469 <- #480
DO ,470 <- #481
DO ,471 <- #482
DO ,472 <- #483
DO ,473 <- #484
DO ,474 <- #485
DO ,475 <- #486
DO ,476 <- #487
DO ,477 <- #488
DO ,478 <- #489
DO ,479 <- #490
DO ,480 <- #491
DO ,481 <- #492
DO ,482 <- #493
DO ,483 <- #494
DO ,484 <- #495
DO ,485 <- #496
DO ,486 <- #497
DO ,487 <- #498
DO ,488 <- #499
DO ,489 <- #500
DO ,490 <- #501
DO ,491 <- #502
DO ,492 <- #503
DO ,493 <- #504
DO ,494 <- #505
DO ,495 <- #506
DO ,496 <- #507
DO ,497 <- #508
DO ,498 <- #509
DO ,499 <- #510
DO ,500 <- #511
DO ,501 <- #512
DO ,502 <- #513
DO ,503 <- #514
DO ,504 <- #515
DO ,505 <- #516
DO ,506 <- #517
DO ,507 <- #518
DO ,508 <- #519
DO ,509 <- #520
DO ,510 <- #521
DO ,511 <- #522
DO ,512 <- #523
DO ,513 <- #524
DO ,514 <- #525
DO ,515 <- #526
DO ,516 <- #527
DO ,517 <- #528
DO ,518 <- #529
DO ,519 <- #530
DO ,520 <- #531
DO ,521 <- #532
DO ,522 <- #533
DO ,523 <- #534
DO ,524 <- #535
DO ,525 <- #536
DO ,526 <- #537
DO ,527 <- #538
DO ,528 <- #539
DO ,529 <- #540
DO ,530 <- #541
DO ,531 <- #542
DO ,532 <- #543
DO ,533 <- #544
DO ,534 <- #545
DO ,535 <- #546
DO ,536 <- #547
DO ,537 <- #548
DO ,538 <- #549
DO ,539 <- #550
DO ,540 <- #551
DO ,541 <- #552
DO ,542 <- #553
DO ,543 <- #554
DO ,544 <- #555
DO ,545 <- #556
DO ,546 <- #557
DO ,547 <- #558
DO ,548 <- #559
DO ,549 <- #560
DO ,550 <- #561
DO ,551 <- #562
DO ,552 <- #563
DO ,553 <- #564
DO ,554 <- #565
DO ,555 <- #566
DO ,556 <- #567
DO ,557 <- #568
DO ,558 <- #569
DO ,559 <- #570
DO ,560 <- #571
DO ,561 <- #572
DO ,562 <- #573
DO ,563 <- #574
DO ,564 <- #575
DO ,565 <- #576
DO ,566 <- #577
DO ,567 <- #578
DO ,568 <- #579
DO ,569 <- #580
DO ,570 <- #581
DO ,571 <- #582
DO ,572 <- #583
DO ,573 <- #584
DO ,574 <- #585
DO ,575 <- #586
DO ,576 <- #587
DO ,577 <- #588
DO ,578 <- #589
DO ,579 <- #590
DO ,580 <- #591
DO ,581 <- #592
DO ,582 <- #593
DO ,583 <- #594
DO ,584 <- #595
DO ,585 <-",9169,0.5,0,0,0,0,0
"Complexity: 4[ 90, 203, 212, 235, 270, 324, 342, 352, 371, 41]",4,0,INTERCAL,182,"```intercal
DO ,1 <- #90
DO ,2 <- #113
DO ,3 <- #9
DO ,4 <- #23
DO ,5 <- #35
DO ,6 <- #54
DO ,7 <- #18
DO ,8 <- #10
DO ,9 <- #19
DO ,10 <- #46
DO ,11 <- #1
DO COME FROM (2)
PLEASE DO ,1 SUB #1 <- ',1
DO ,11 SUB #1 <- ',11 SUB #1
PLEASE DO (1) NEXT
DO (2) NEXT
PLEASE READ OUT ,1
DO ,12 <- ',1
DO ,1 <- ',2
DO ,2 <- ',3
DO ,3 <- ',4
DO ,4 <- ',5
DO ,5 <- ',6
DO ,6 <- ',7
DO ,7 <- ',8
DO ,8 <- ',9
DO ,9 <- ',10
DO ,10 <- ',12
DO ,11 SUB #1 <- ',11 SUB #1 + #1
PLEASE GIVE UP
```",478,0.5,0,0,0,0,0
"Complexity: 4[ 20, 48, 95, 234, 282, 296, 352, 402, 428, 48]",4,0,INTERCAL,180,"```intercal
DO ,1 <- #9
DO ,2 <- #0
DO ,3 <- #4
DO ,4 <- #8
DO ,5 <- #9
DO ,6 <- #5
DO ,7 <- #2
DO ,8 <- #3
DO ,9 <- #4
DO ,10 <- #2
DO ,11 <- #8
DO ,12 <- #2
DO ,13 <- #2
DO ,14 <- #9
DO ,15 <- #6
DO ,16 <- #3
DO ,17 <- #5
DO ,18 <- #2
DO ,19 <- #4
DO ,20 <- #0
DO ,21 <- #2
DO ,22 <- #4
DO ,23 <- #2
DO ,24 <- #8
DO ,25 <- #4
DO ,26 <- #8
DO ,27 <- #1
PLEASE DO ,28 <- #0
DO .1 <- #1
DO .2 <- #1
DO .3 <- #1
DO .4 <- #1
DO .5 <- #1
DO .6 <- #1
DO .7 <- #1
DO .8 <- #1
DO .9 <- #1
DO .10 <- #1
PLEASE READ OUT ,1
PLEASE READ OUT ,2
PLEASE READ OUT ,3
PLEASE READ OUT ,4
PLEASE READ OUT ,5
PLEASE READ OUT ,6
PLEASE READ OUT ,7
PLEASE READ OUT ,8
PLEASE READ OUT ,9
PLEASE READ OUT ,10
PLEASE READ OUT ,11
PLEASE READ OUT ,12
PLEASE READ OUT ,13
PLEASE READ OUT ,14
PLEASE READ OUT ,15
PLEASE READ OUT ,16
PLEASE READ OUT ,17
PLEASE READ OUT ,18
PLEASE READ OUT ,19
PLEASE READ OUT ,20
PLEASE READ OUT ,21
PLEASE READ OUT ,22
PLEASE READ OUT ,23
PLEASE READ OUT ,24
PLEASE READ OUT ,25
PLEASE READ OUT ,26
PLEASE READ OUT ,27
PLEASE READ OUT ,28
PLEASE GIVE UP
```",1064,0.5,0,0,0,0,0
"Complexity: 4[ 62, 98, 130, 154, 290, 315, 324, 385, 408, 44]",4,0,INTERCAL,181,"```intercal
DO ,1 <- #1
DO ,2 <- #10
DO ,3 <- #1
DO ,4 <- #0
DO ,5 <- #62
DO ,6 <- #36
DO ,7 <- #32
DO ,8 <- #24
DO ,9 <- #136
DO ,10 <- #25
DO ,11 <- #9
DO ,12 <- #61
DO ,13 <- #23
DO ,14 <- #39
PLEASE DO ,15 <- #1
DO ,16 <- #1
DO ,17 <- #1
DO COME FROM (20)
(1) PLEASE DO ,3$ <- #1
DO ,4$ <- #1
DO ,3 <- ',3$'
DO ,4 <- ',4$
DO ,2$ <- ',5'
DO ,5 <- ',2$'
DO ,2$ <- ',6'
DO ,6 <- ',2$'
DO ,2$ <- ',7'
DO ,7 <- ',2$'
DO ,2$ <- ',8'
DO ,8 <- ',2$'
DO ,2$ <- ',9'
DO ,9 <- ',2$'
DO ,2$ <- ',10'
DO ,10 <- ',2$'
DO ,2$ <- ',11'
DO ,11 <- ',2$'
DO ,2$ <- ',12'
DO ,12 <- ',2$'
DO ,2$ <- ',13'
DO ,13 <- ',2$'
DO ,2$ <- ',14'
DO ,14 <- ',2$'
DO ,2$ <- ',15'
DO ,15 <- ',2$'
DO ,2$ <- ',16'
DO ,16 <- ',2$'
DO ,2$ <- ',17'
DO ,17 <- ',2$'
PLEASE DO ,1$ <- ',5'
DO ,2$ <- ',6'
DO ,3$ <- ',7'
DO ,4$ <- ',8'
DO ,5$ <- ',9'
DO ,6$ <- ',10'
DO ,7$ <- ',11'
DO ,8$ <- ',12'
DO ,9$ <- ',13'
DO ,10$ <- ',14'
DO ,11$ <- ',15'
DO ,12$ <- ',16'
DO ,13$ <- ',17'
DO ,14$ <- ',1$'
DO ,15$ <- ',2$'
DO ,16$ <- ',3$'
DO ,17$ <- ',4$'
DO ,18$ <- ',5$'
DO ,19$ <- ',6$'
DO ,20$ <- ',7$'
DO ,21$ <- ',8$'
DO ,22$ <- ',9$'
DO ,23$ <- ',10$'
DO ,24$ <- ',11$'
DO ,25$ <- ',12$'
DO ,26$ <- ',13$'
DO ,27$ <- ',14$'
DO ,28$ <- ',15$'
DO ,29$ <- ',16$'
DO ,30$ <- ',17$'
(20) PLEASE READ OUT ,1$
PLEASE READ OUT ,2$
PLEASE READ OUT ,3$
PLEASE READ OUT ,4$
PLEASE READ OUT ,5$
PLEASE READ OUT ,6$
PLEASE READ OUT ,7$
PLEASE READ OUT ,8$
PLEASE READ OUT ,9$
PLEASE READ OUT ,10$
PLEASE GIVE UP
```",1467,0.5,0,0,0,0,0
"Complexity: 4[ 2, 42, 66, 102, 153, 195, 201, 252, 306, 39]",4,0,INTERCAL,179,"```intercal
DO ,1 <- #2
DO ,2 <- #42
DO ,3 <- #66
DO ,4 <- #102
DO ,5 <- #153
DO ,6 <- #195
DO ,7 <- #201
DO ,8 <- #252
DO ,9 <- #306
DO ,10 <- #396
DO ,11 <- #0
DO COME FROM (2)
PLEASE DO (1) NEXT
DO (2) NEXT
DO (3) NEXT
DO (4) NEXT
DO (5) NEXT
DO (6) NEXT
DO (7) NEXT
DO (8) NEXT
DO (9) NEXT
DO (10) NEXT
DO (11) NEXT
(1) PLEASE DO .1 <- ',1
(2) PLEASE DO .1 <- ',2
(3) PLEASE DO .1 <- ',3
(4) PLEASE DO .1 <- ',4
(5) PLEASE DO .1 <- ',5
(6) PLEASE DO .1 <- ',6
(7) PLEASE DO .1 <- ',7
(8) PLEASE DO .1 <- ',8
(9) PLEASE DO .1 <- ',9
(10) PLEASE DO .1 <- ',10
(11) PLEASE GIVE UP
```",585,0.5,0,0,0,0,0
"Complexity: 4[ 128, 151, 153, 217, 224, 332, 382, 400, 450, 47]",4,0,INTERCAL,183,"```intercal
DO ,1 <- #9
DO ,2 <- #0
DO ,3 <- #1
DO ,4 <- #2
DO ,5 <- #8
DO ,6 <- #1
DO ,7 <- #5
DO ,8 <- #1
DO ,9 <- #1
DO ,10 <- #5
DO ,11 <- #3
DO ,12 <- #2
DO ,13 <- #1
DO ,14 <- #7
DO ,15 <- #2
DO ,16 <- #2
DO ,17 <- #4
DO ,18 <- #3
DO ,19 <- #3
DO ,20 <- #2
DO ,21 <- #3
DO ,22 <- #8
DO ,23 <- #2
DO ,24 <- #4
DO ,25 <- #0
DO ,26 <- #0
DO ,27 <- #4
DO ,28 <- #5
DO ,29 <- #0
DO ,30 <- #4
DO ,31 <- #7
DO ,32 <- #8
DO ,33 <- #1
PLEASE DO ,1000 <- #10
DO ,1001 <- #13
DO COME FROM (1002)
DO ,1002 SUB #1 <- #0
DO ,1002 SUB #1 <- #1
DO ,1002 SUB #1 <- #2
DO ,1002 SUB #1 <- #3
DO ,1002 SUB #1 <- #4
DO ,1002 SUB #1 <- #5
DO ,1002 SUB #1 <- #6
DO ,1002 SUB #1 <- #7
DO ,1002 SUB #1 <- #8
DO ,1002 SUB #1 <- #9
DO ,1002 SUB #1 <- #10
DO ,1002 SUB #1 <- #11
DO ,1002 SUB #1 <- #12
DO ,1002 SUB #1 <- #13
DO ,1002 SUB #1 <- #14
DO ,1002 SUB #1 <- #15
DO ,1002 SUB #1 <- #16
DO ,1002 SUB #1 <- #17
DO ,1002 SUB #1 <- #18
DO ,1002 SUB #1 <- #19
DO ,1002 SUB #1 <- #20
DO ,1002 SUB #1 <- #21
DO ,1002 SUB #1 <- #22
DO ,1002 SUB #1 <- #23
DO ,1002 SUB #1 <- #24
DO ,1002 SUB #1 <- #25
DO ,1002 SUB #1 <- #26
DO ,1002 SUB #1 <- #27
DO ,1002 SUB #1 <- #28
DO ,1002 SUB #1 <- #29
DO ,1002 SUB #1 <- #30
DO ,1002 SUB #1 <- #31
DO ,1002 SUB #1 <- #32
DO ,1002 SUB #1 <- #33
DO ,1003 SUB #1 <- #1
PLEASE DO (1004) NEXT
DO ,1004 SUB #1 <- #1
DO ,1004 SUB #1 <- #0
DO WRITE IN ,1
DO WRITE IN ,2
DO WRITE IN ,3
DO WRITE IN ,4
DO WRITE IN ,5
DO WRITE IN ,6
DO WRITE IN ,7
DO WRITE IN ,8
DO WRITE IN ,9
DO WRITE IN ,10
DO WRITE IN ,11
DO WRITE IN ,12
DO WRITE IN ,13
DO WRITE IN ,14
DO WRITE IN ,15
DO WRITE IN ,16
DO WRITE IN ,17
DO WRITE IN ,18
DO WRITE IN ,19
DO WRITE IN ,20
DO WRITE IN ,21
DO WRITE IN ,22
DO WRITE IN ,23
DO WRITE IN ,24
DO WRITE IN ,25
DO WRITE IN ,26
DO WRITE IN ,27
DO WRITE IN ,28
DO WRITE IN ,29
DO WRITE IN ,30
DO WRITE IN ,31
DO WRITE IN ,32
DO WRITE IN ,33
PLEASE GIVE UP
```",1888,0.5,0,0,0,0,0
"Complexity: 4[ 26, 50, 114, 148, 160, 170, 274, 347, 432, 49]",4,0,INTERCAL,181,"```intercal
DO ,1 <- #9
PLEASE DO ,1 SUB #1 <- #26
DO ,1 SUB #2 <- #50
DO ,1 SUB #3 <- #114
DO ,1 SUB #4 <- #148
DO ,1 SUB #5 <- #160
DO ,1 SUB #6 <- #170
DO ,1 SUB #7 <- #274
DO ,1 SUB #8 <- #347
DO ,1 SUB #9 <- #432
DO ,1 SUB #10 <- #497
DO ,2 <- #1
PLEASE DO (2) NEXT
DO ,101 <- #10
PLEASE DO (101) NEXT
(1) PLEASE DO ,1000 <- #0
DO ,1001 <- #1
DO ,1002 <- #10
DO COME FROM (2)
(2) DO ,1003 <- ',1' SUB ,2
PLEASE DO (1004) NEXT
(1004) PLEASE DO ,1004 <- ',1003'
DO (1005) NEXT
(1005) PLEASE DO ,1005 <- ',1004'
DO (1006) NEXT
(1006) PLEASE DO ,1006 <- ',1005'
DO (1007) NEXT
(1007) PLEASE DO ,1007 <- ',1006'
DO (1008) NEXT
(1008) PLEASE DO ,1008 <- ',1007'
DO (1009) NEXT
(1009) PLEASE DO ,1009 <- ',1008'
DO (1010) NEXT
(1010) PLEASE DO ,1010 <- ',1009'
DO (1011) NEXT
(1011) PLEASE DO ,1011 <- ',1010'
DO (1012) NEXT
(1012) PLEASE DO ,1012 <- ',1011'
DO (1013) NEXT
(1013) PLEASE DO ,1013 <- ',1012'
DO (1014) NEXT
(1014) PLEASE DO ,1014 <- ',1013'
DO (1015) NEXT
(1015) PLEASE DO ,1015 <- ',1014'
DO (1016) NEXT
(1016) PLEASE DO ,1016 <- ',1015'
DO (1017) NEXT
(1017) PLEASE DO ,1017 <- ',1016'
DO (1018) NEXT
(1018) PLEASE DO ,1018 <- ',1017'
DO (1019) NEXT
(1019) PLEASE DO ,1019 <- ',1018'
DO (1020) NEXT
(1020) PLEASE DO ,1020 <- ',1019'
DO (1021) NEXT
(1021) PLEASE DO ,1021 <- ',1020'
DO (1022) NEXT
(1022) PLEASE DO ,1022 <- ',1021'
DO (1023) NEXT
(1023) PLEASE DO ,1023 <- ',1022'
DO (1024) NEXT
(1024) PLEASE DO ,1024 <- ',1023'
DO (1025) NEXT
(1025) PLEASE DO ,1025 <- ',1024'
DO (1026) NEXT
(1026) PLEASE DO ,1026 <- ',1025'
DO (1027) NEXT
(1027) PLEASE DO ,1027 <- ',1026'
DO (1028) NEXT
(1028) PLEASE DO ,1028 <- ',1027'
DO (1029) NEXT
(1029) PLEASE DO ,1029 <- ',1028'
DO (1030) NEXT
(1030) PLEASE DO ,1030 <- ',1029'
DO (1031) NEXT
(1031) PLEASE DO ,1031 <- ',1030'
DO (1032) NEXT
(1032) PLEASE DO ,1032 <- ',1031'
DO (1033) NEXT
(1033) PLEASE DO ,1033 <- ',1032'
DO (1034) NEXT
(1034) PLEASE DO ,1034 <- ',1033'
DO (1035) NEXT
(1035) PLEASE DO ,1035 <- ',1034'
DO (1036) NEXT
(1036) PLEASE DO ,1036 <- ',1035'
DO (1037) NEXT
(1037) PLEASE DO ,1037 <- ',1036'
DO (1038) NEXT
(1038) PLEASE DO ,1038 <- ',1037'
DO (1039) NEXT
(1039) PLEASE DO ,1039 <- ',1038'
DO (1040) NEXT
(1040) PLEASE DO ,1040 <- ',1039'
DO (1041) NEXT
(1041) PLEASE DO ,1041 <- ',1040'
DO (1042) NEXT
(1042) PLEASE DO ,1042 <- ',1041'
DO (1043) NEXT
(1043) PLEASE DO ,1043 <- ',1042'
DO (1044) NEXT
(1044) PLEASE DO ,1044 <- ',1043'
DO (1045) NEXT
(1045) PLEASE DO ,1045 <- ',1044'
DO (1046) NEXT
(1046) PLEASE DO ,1046 <- ',1045'
DO (1047) NEXT
(1047) PLEASE DO ,1047 <- ',1046'
DO (1048) NEXT
(1048) PLEASE DO ,1048 <- ',1047'
DO (1049) NEXT
(1049) PLEASE DO ,1049 <- ',1048'
DO (1050) NEXT
(1050) PLEASE DO ,1050 <- ',1049'
DO (1051) NEXT
(1051) PLEASE DO ,1051 <- ',1050'
DO (1052) NEXT
(1052) PLEASE DO ,1052 <- ',1051'
DO (1053) NEXT
(1053) PLEASE DO ,1053 <- ',1052'
DO (1054) NEXT
(1054) PLEASE DO ,1054 <- ',1053'
DO (1055) NEXT
(1055) PLEASE DO ,1055 <- ',1054'
DO (1056) NEXT
(1056) PLEASE DO ,1056 <- ',1055'
DO (1057) NEXT
(1057) PLEASE DO ,1057 <- ',1056'
DO (1058) NEXT
(1058) PLEASE DO ,1058 <- ',1057'
DO (1059) NEXT
(1059) PLEASE DO ,1059 <- ',1058'
DO (1060) NEXT
(1060) PLEASE DO ,1060 <- ',1059'
DO (1061) NEXT
(1061) PLEASE DO ,1061 <- ',1060'
DO (1062) NEXT
(1062) PLEASE DO ,1062 <- ',1061'
DO (1063) NEXT
(1063) PLEASE DO ,1063 <- ',1062'
DO (1064) NEXT
(1064) PLEASE DO ,1064 <- ',1063'
DO (1065) NEXT
(1065) PLEASE DO ,1065 <- ',1064'
DO (1066) NEXT
(1066) PLEASE DO ,1066 <- ',1065'
DO (1067) NEXT
(1067) PLEASE DO ,1067 <- ',1066'
DO (1068) NEXT
(1068) PLEASE DO ,1068 <- ',1067'
DO (1069) NEXT
(1069) PLEASE DO ,1069 <- ',1068'
DO (1070) NEXT
(1070) PLEASE DO ,1070 <- ',1069'
DO (1071) NEXT
(1071) PLEASE DO ,1071 <- ',1070'
DO (1072) NEXT
(1072) PLEASE DO ,1072 <- ',1071'
DO (1073) NEXT
(1073) PLEASE DO ,1073 <- ',1072'
DO (1074) NEXT
(1074) PLEASE DO ,1074 <- ',1073'
DO (1075) NEXT
(1075) PLEASE DO ,1075 <- ',1074'
DO (1076) NEXT
(1076) PLEASE DO ,1076 <- ',1075'
DO (1077) NEXT
(1077) PLEASE DO ,1077 <- ',1076'
DO (1078) NEXT
(1078) PLEASE DO ,1078 <- ',1077'
DO (1079) NEXT
(1079) PLEASE DO ,1079 <- ',1078'
DO (1080) NEXT
(1080) PLEASE DO ,1080 <- ',1079'
DO (1081) NEXT
(1081) PLEASE DO ,1081 <- ',1080'
DO (1082) NEXT
(1082) PLEASE DO ,1082 <- ',1081'
DO (1083) NEXT
(1083) PLEASE DO ,1083 <- ',1082'
DO (1084) NEXT
(1084) PLEASE DO ,1084 <- ',1083'
DO (1085) NEXT
(1085) PLEASE DO ,1085 <- ',1084'
DO (1086) NEXT
(1086) PLEASE DO ,1086 <- ',1085'
DO (1087) NEXT
(1087) PLEASE DO ,1087 <- ',1086'
DO (1088) NEXT
(1088) PLEASE DO ,1088 <- ',1087'
DO (1089) NEXT
(1089) PLEASE DO ,1089 <- ',1088'
DO (1090) NEXT
(1090) PLEASE DO ,1090 <- ',1089'
DO (1091) NEXT
(1091) PLEASE DO ,1091 <- ',1090'
DO (1092) NEXT
(1092) PLEASE DO ,1092 <- ',1091'
DO (1093) NEXT
(1093) PLEASE DO ,1093 <- ',1092'
DO (1094) NEXT
(1094) PLEASE DO ,1094 <- ',1093'
DO (1095) NEXT
(1095) PLEASE DO ,1095 <- ',1094'
DO (1096) NEXT
(1096) PLEASE DO ,1096 <- ',1095'
DO (1097) NEXT
(1097) PLEASE DO ,1097 <- ',1096'
DO (1098) NEXT
(1098) PLEASE DO ,1098 <- ',1097'
DO (1099) NEXT
(1099) PLEASE DO ,1099 <- ',1098'
DO (1100) NEXT
(1100) PLEASE DO ,1100 <- ',1099'
DO (1101) NEXT
(1101) PLEASE DO ,1101 <- ',1100'
DO (1102) NEXT
(1102) PLEASE DO ,1102 <- ',1101'
DO (1103) NEXT
(1103) PLEASE DO ,1103 <- ',1102'
DO (1104) NEXT
(1104) PLEASE DO ,1104 <- ',1103'
DO (1105) NEXT
(1105) PLEASE DO ,1105 <- ',1104'
DO (1106) NEXT
(1106) PLEASE DO ,1106 <- ',1105'
DO (1107) NEXT
(1107) PLEASE DO ,1107 <- ',1106'
DO (1108) NEXT
(1108) PLEASE DO ,1108 <- ',1107'
DO (1109) NEXT
(1109) PLEASE DO ,1109 <- ',1108'
DO (1110) NEXT
(1110) PLEASE DO ,1110 <- ',1109'
DO (1111) NEXT
(1111) PLEASE DO ,1111 <- ',1110'
DO (1112) NEXT
(1112) PLEASE DO ,1112 <- ',1111'
DO (1113) NEXT
(1113) PLEASE DO ,1113 <- ',1112'
DO (1114) NEXT
(1114) PLEASE DO ,1114 <- ',1113'
DO (1115) NEXT
(1115) PLEASE DO ,1115 <- ',1114'
DO (1116) NEXT
(1116) PLEASE DO ,1116 <- ',1115'
DO (1117) NEXT
(1117) PLEASE DO ,1117 <- ',1116'
DO (1118) NEXT
(1118) PLEASE DO ,1118 <- ',1117'
DO (1119) NEXT
(1119) PLEASE DO ,1119 <- ',1118'
DO (1120) NEXT
(1120) PLEASE DO ,1120 <- ',1119'
DO (1121) NEXT
(1121) PLEASE DO ,1121 <- ',1120'
DO (1122) NEXT
(1122) PLEASE DO ,1122 <- ',1121'
DO (1123) NEXT
(1123) PLEASE DO ,1123 <- ',1122'
DO (1124) NEXT
(1124) PLEASE DO ,1124 <- ',1123'
DO (1125) NEXT
(1125) PLEASE DO ,1125 <- ',1124'
DO (1126) NEXT
(1126) PLEASE DO ,1126 <- ',1125'
DO (1127) NEXT
(1127) PLEASE DO ,1127 <- ',1126'
DO (1128) NEXT
(1128) PLEASE DO ,1128 <- ',1127'
DO (1129) NEXT
(1129) PLEASE DO ,1129 <- ',1128'
DO (1130) NEXT
(1130) PLEASE DO ,1130 <- ',1129'
DO (1131) NEXT
(1131) PLEASE DO ,1131 <- ',1130'
DO (1132) NEXT
(1132) PLEASE DO ,1132 <- ',1131'
DO (1133) NEXT
(1133) PLEASE DO ,1133 <- ',1132'
DO (1134) NEXT
(1134) PLEASE DO ,1134 <- ',1133'
DO (1135) NEXT
(1135) PLEASE DO ,1135 <- ',1134'
DO (1136) NEXT
(1136) PLEASE DO ,1136 <- ',1135'
DO (1137) NEXT
(1137) PLEASE DO ,1137 <- ',1136'
DO (1138) NEXT
(1138) PLEASE DO ,1138 <- ',1137'
DO (1139) NEXT
(1139) PLEASE DO ,1139 <- ',1138'
DO (1140) NEXT
(1140) PLEASE DO ,1140 <- ',1139'
DO (1141) NEXT
(1141) PLEASE DO ,1141 <- ',1140'
DO (1142) NEXT
(1142) PLEASE DO ,1142 <- ',1141'
DO (1143) NEXT
(1143) PLEASE DO ,1143 <- ',1142'
DO (1144) NEXT
(1144) PLEASE DO ,1144 <- ',1143'
DO (1145) NEXT
(1145) PLEASE DO ,1145 <- ',1144'
DO (1146) NEXT
(1146) PLEASE DO ,1146 <- ',1145'
DO (1147) NEXT
(1147) PLEASE DO ,1147 <- ',1146'
DO (1148) NEXT
(1148) PLEASE DO ,1148 <- ',1147'
DO (1149) NEXT
(1149) PLEASE DO ,1149 <- ',1148'
DO (1150) NEXT
(1150) PLEASE DO ,1150 <- ',1149'
DO (1151) NEXT
(1151) PLEASE DO ,1151 <- ',1150'
DO (1152) NEXT
(1152) PLEASE DO ,1152 <- ',1151'
DO (1153) NEXT
(1153) PLEASE DO ,1153 <- ',1152'
DO (1154) NEXT
(1154) PLEASE DO ,1154 <- ',1153'
DO (1155) NEXT
(1155) PLEASE DO ,1155 <- ',1154'
DO (1156) NEXT
(1156) PLEASE DO ,1156 <- ',1155'
DO (1157) NEXT
(1157) PLEASE DO ,1157 <- ',1156'
DO (1158) NEXT
(1158) PLEASE DO ,1158 <- ',1157'
DO (1159) NEXT
(1159) PLEASE DO ,1159 <- ',1158'
DO (1160) NEXT
(1160) PLEASE DO ,1160 <- ',1159'
DO (1161) NEXT
(1161) PLEASE DO ,1161 <- ',1160'
DO (1162) NEXT
(1162) PLEASE DO ,1162 <- ',1161'
DO (1163) NEXT
(1163) PLEASE DO ,1163 <- ',1162'
DO (1164) NEXT
(1164) PLEASE DO ,1164 <- ',1163'
DO (1165) NEXT
(1165) PLEASE DO ,1165 <- ',1164'
DO (1166) NEXT
(1166) PLEASE DO ,1166 <- ',1165'
DO (1167) NEXT
(1167) PLEASE DO ,1167 <- ',1166'
DO (1168) NEXT
(1168) PLEASE DO ,1168 <- ',1167'
DO (1169) NEXT
(1169) PLEASE DO ,1169 <- ',1168'
DO (1170) NEXT
(1170) PLEASE DO ,1170 <- ',1169'
DO (1171) NEXT
(1171) PLEASE DO ,1171 <- ',1170'
DO (1172) NEXT
(1172) PLEASE DO ,1172 <- ',1171'
DO (1173) NEXT
(1173) PLEASE DO ,1173 <- ',1172'
DO (1174) NEXT
(1174) PLEASE DO ,1174 <- ',1173'
DO (1175) NEXT
(1175) PLEASE DO ,1175 <- ',1174'
DO (1176) NEXT
(1176) PLEASE DO ,1176 <- ',1175'
DO (1177) NEXT
(1177) PLEASE DO ,1177 <- ',1176'
DO (1178) NEXT
(1178) PLEASE DO ,1178 <- ',1177'
DO (1179) NEXT
(1179) PLEASE DO ,1179 <- ',1178'
DO (1180) NEXT
(1180) PLEASE DO ,1180 <- ',1179'
DO (1181) NEXT
(1181) PLEASE DO ,1181 <- ',1180'
DO (1182) NEXT
(1182) PLEASE DO ,1182 <- ',1181'
DO (1183) NEXT
(1183) PLEASE DO ,1183 <- ',1182'
DO (1184) NEXT
(1184) PLEASE DO ,1184 <- ',1183'
DO (1185) NEXT
(1185) PLEASE DO ,1185 <- ',1184'
DO (1186) NEXT
(1186) PLEASE DO ,1186 <- ',1185'
DO (1187) NEXT
(1187) PLEASE DO ,1187 <- ',1186'
DO (1188) NEXT
(1188) PLEASE DO ,1188 <- ',1187'
DO (1189) NEXT
(1189) PLEASE DO ,1189 <- ',1188",9528,0.5,0,0,0,0,0
"Complexity: 4[ 48, 94, 176, 177, 219, 276, 282, 283, 459, 48]",4,0,INTERCAL,181,"```intercal
DO ,1 <- #48
DO ,2 <- #94
DO ,3 <- #176
DO ,4 <- #177
DO ,5 <- #219
DO ,6 <- #276
DO ,7 <- #282
DO ,8 <- #283
DO ,9 <- #459
DO ,10 <- #488
DO COME FROM #5
PLEASE DO ,5 SUB #1 <- #10
DO COME FROM #4
PLEASE DO ,4 SUB #1 <- #9
DO COME FROM #3
PLEASE DO ,3 SUB #1 <- #8
DO COME FROM #2
PLEASE DO ,2 SUB #1 <- #7
DO COME FROM #1
PLEASE DO ,1 SUB #1 <- #6
DO READ OUT ,1
DO READ OUT ,2
DO READ OUT ,3
DO READ OUT ,4
DO READ OUT ,5
DO READ OUT ,6
DO READ OUT ,7
DO READ OUT ,8
DO READ OUT ,9
DO READ OUT ,10
PLEASE GIVE UP
```",531,0.5,0,0,0,0,0
"Complexity: 4[ 139, 252, 272, 281, 304, 361, 370, 415, 438, 50]",4,0,INTERCAL,183,"```intercal
DO ,1 <- #9
DO ,2 <- #2
DO ,3 <- #5
DO ,4 <- #3
DO ,5 <- #1
DO ,6 <- #0
DO ,7 <- #139
DO ,8 <- #113
DO ,9 <- #20
DO ,10 <- #9
DO ,11 <- #23
DO ,12 <- #57
DO ,13 <- #9
DO ,14 <- #45
DO ,15 <- #23
DO ,16 <- #62
PLEASE DO ,17 <- #139
PLEASE DO ,18 <- #252
PLEASE DO ,19 <- #272
PLEASE DO ,20 <- #281
PLEASE DO ,21 <- #304
PLEASE DO ,22 <- #361
PLEASE DO ,23 <- #370
PLEASE DO ,24 <- #415
PLEASE DO ,25 <- #438
PLEASE DO ,26 <- #500
DO READ OUT ,17
DO READ OUT ,18
DO READ OUT ,19
DO READ OUT ,20
DO READ OUT ,21
DO READ OUT ,22
DO READ OUT ,23
DO READ OUT ,24
DO READ OUT ,25
DO READ OUT ,26
PLEASE GIVE UP
```",619,0.5,0,0,0,0,0
"Complexity: 4[ 15, 95, 115, 195, 240, 318, 326, 350, 432, 45]",4,0,INTERCAL,181,"```intercal
DO ,1 <- #9
DO ,2 <- #0
DO ,3 <- #10
DO ,4 <- #0
DO ,5 <- #5
DO ,6 <- #0
DO ,7 <- #3
DO ,8 <- #0
DO ,9 <- #1
DO ,10 <- #0
DO ,11 <- #15
DO ,12 <- #0
DO ,13 <- #95
DO ,14 <- #0
DO ,15 <- #115
DO ,16 <- #0
DO ,17 <- #195
DO ,18 <- #0
DO ,19 <- #240
DO ,20 <- #0
DO ,21 <- #318
DO ,22 <- #0
DO ,23 <- #326
DO ,24 <- #0
DO ,25 <- #350
DO ,26 <- #0
DO ,27 <- #432
DO ,28 <- #0
DO ,29 <- #450
DO ,30 <- #0
DO ,31 <- #1
DO ,32 <- #0
PLEASE DO ,1 SUB #1 <- #10
DO ,2 SUB #1 <- #0
DO COME FROM (2401)
DO READ OUT ,1 SUB #1
DO ,2 SUB #1 <- #1
DO (2401) NEXT
PLEASE GIVE UP
```",578,0.5,0,0,0,0,0
"Complexity: 4[ 134, 224, 293, 378, 379, 395, 434, 451, 482, 49]",4,0,INTERCAL,183,"```intercal
DO ,1 <- #123
DO ,2 <- #9
DO ,3 <- #10
DO ,4 <- #13
DO ,5 <- #1
DO ,6 <- #1
DO COME FROM (2)
PLEASE DO ,1 SUB #1 <- ,1
DO (2) NEXT
PLEASE DO ,2 SUB #1 <- ,2
DO (3) NEXT
PLEASE DO ,3 SUB #1 <- ,3
DO (4) NEXT
PLEASE DO ,4 SUB #1 <- ,4
DO (5) NEXT
PLEASE DO ,5 SUB #1 <- ,5
DO (6) NEXT
PLEASE DO ,6 SUB #1 <- ,6
DO ,7 <- #1
DO ,8 <- #2
DO ,9 <- #3
DO ,10 <- #4
DO ,11 <- #5
DO ,12 <- #6
DO ,13 <- #7
DO ,14 <- #8
DO ,15 <- #9
DO ,16 <- #10
PLEASE READ OUT ,7
PLEASE READ OUT ,8
PLEASE READ OUT ,9
PLEASE READ OUT ,10
PLEASE READ OUT ,11
PLEASE READ OUT ,12
PLEASE READ OUT ,13
PLEASE READ OUT ,14
PLEASE READ OUT ,15
PLEASE READ OUT ,16
PLEASE GIVE UP
```",664,0.5,0,0,0,0,0
"Complexity: 4[ 23, 93, 142, 145, 245, 266, 296, 317, 428, 49]",4,0,INTERCAL,181,"```intercal
DO ,1 <- #9
DO ,2 <- #2
DO ,3 <- #3
PLEASE DO ,4 <- #4
DO ,5 <- #5
DO ,6 <- #6
DO ,7 <- #7
PLEASE DO ,8 <- #8
DO ,9 <- #10
DO ,10 <- #23
DO ,11 <- #93
DO ,12 <- #142
DO ,13 <- #145
DO ,14 <- #245
DO ,15 <- #266
DO ,16 <- #296
DO ,17 <- #317
DO ,18 <- #428
DO ,19 <- #495
DO ,20 <- #1
PLEASE DO ,21 <- #0
DO ,22 <- #100
DO ,23 <- #10
DO ,24 <- #1
PLEASE DO READ OUT ,10
DO READ OUT ,11
DO READ OUT ,12
PLEASE DO READ OUT ,13
DO READ OUT ,14
DO READ OUT ,15
DO READ OUT ,16
PLEASE DO READ OUT ,17
DO READ OUT ,18
DO READ OUT ,19
PLEASE GIVE UP
```",557,0.5,0,0,0,0,0
"Complexity: 4[ 18, 39, 71, 194, 197, 219, 263, 270, 416, 47]",4,0,INTERCAL,180,"```intercal
DO ,1 <- #18
DO ,2 <- #39
DO ,3 <- #71
DO ,4 <- #194
DO ,5 <- #197
DO ,6 <- #219
DO ,7 <- #263
DO ,8 <- #270
DO ,9 <- #416
DO ,10 <- #473
DO COME FROM #5
PLEASE DO ,1 SUB #1 <- #10
DO ,11 <- #1
PLEASE DO ,1 SUB #1 <- #9
DO ,12 <- #1
PLEASE DO ,1 SUB #1 <- #8
DO ,13 <- #1
PLEASE DO ,1 SUB #1 <- #7
DO ,14 <- #1
PLEASE DO ,1 SUB #1 <- #6
DO ,15 <- #1
PLEASE DO ,1 SUB #1 <- #5
DO ,16 <- #1
PLEASE DO ,1 SUB #1 <- #4
DO ,17 <- #1
PLEASE DO ,1 SUB #1 <- #3
DO ,18 <- #1
PLEASE DO ,1 SUB #1 <- #2
DO ,19 <- #1
PLEASE DO ,1 SUB #1 <- #1
DO ,20 <- #1
PLEASE READ OUT ,11
PLEASE READ OUT ,12
PLEASE READ OUT ,13
PLEASE READ OUT ,14
PLEASE READ OUT ,15
PLEASE READ OUT ,16
PLEASE READ OUT ,17
PLEASE READ OUT ,18
PLEASE READ OUT ,19
PLEASE READ OUT ,20
PLEASE GIVE UP
```",775,0.5,0,0,0,0,0
"Complexity: 4[ 9, 84, 144, 170, 325, 393, 401, 405, 435, 49]",4,0,INTERCAL,180,"```intercal
DO ,1 <- #9
DO ,2 <- #84
DO ,3 <- #144
DO ,4 <- #170
DO ,5 <- #325
DO ,6 <- #393
DO ,7 <- #401
DO ,8 <- #405
DO ,9 <- #435
DO ,10 <- #497
DO COME FROM #11
DO ,11 SUB #1 <- #10
DO ,12 SUB #1 <- #9
DO ,13 SUB #1 <- #8
DO ,14 SUB #1 <- #7
DO ,15 SUB #1 <- #6
DO ,16 SUB #1 <- #5
DO ,17 SUB #1 <- #4
DO ,18 SUB #1 <- #3
DO ,19 SUB #1 <- #2
DO ,20 SUB #1 <- #1
PLEASE READ OUT ,1
PLEASE READ OUT ,2
PLEASE READ OUT ,3
PLEASE READ OUT ,4
PLEASE READ OUT ,5
PLEASE READ OUT ,6
PLEASE READ OUT ,7
PLEASE READ OUT ,8
PLEASE READ OUT ,9
PLEASE READ OUT ,10
PLEASE GIVE UP
```",577,0.5,0,0,0,0,0
"Complexity: 4[ 26, 40, 202, 267, 282, 340, 359, 408, 410, 49]",4,0,INTERCAL,181,"```intercal
DO ,1 <- #9
DO ,2 <- #1
DO ,3 <- #26
DO ,4 <- #14
DO ,5 <- #162
DO ,6 <- #65
DO ,7 <- #15
DO ,8 <- #58
DO ,9 <- #19
DO ,10 <- #49
DO ,11 <- #2
DO ,12 <- #85
PLEASE DO ,1 SUB #1 <- ,3
DO ,1 SUB #2 <- ,3
PLEASE DO ,1 SUB #2 <- ,4
DO ,1 SUB #3 <- ,4
DO ,1 SUB #3 <- ,5
DO ,1 SUB #4 <- ,5
PLEASE DO ,1 SUB #4 <- ,6
DO ,1 SUB #5 <- ,6
DO ,1 SUB #5 <- ,7
DO ,1 SUB #6 <- ,7
PLEASE DO ,1 SUB #6 <- ,8
DO ,1 SUB #7 <- ,8
DO ,1 SUB #7 <- ,9
DO ,1 SUB #8 <- ,9
PLEASE DO ,1 SUB #8 <- ,10
DO ,1 SUB #9 <- ,10
DO ,1 SUB #9 <- ,11
DO ,1 SUB #10 <- ,11
PLEASE DO ,1 SUB #10 <- ,12
DO COME FROM #5
PLEASE GIVE UP
```",613,0.5,0,0,0,0,0
"Complexity: 4[ 34, 92, 164, 165, 209, 296, 414, 456, 467, 49]",4,0,INTERCAL,181,"```intercal
DO ,1 <- #34
DO ,2 <- #92
DO ,3 <- #164
DO ,4 <- #165
DO ,5 <- #209
DO ,6 <- #296
DO ,7 <- #414
DO ,8 <- #456
DO ,9 <- #467
DO ,10 <- #494
DO COME FROM (2)
(1) PLEASE WRITE IN ,1
PLEASE WRITE IN ,2
PLEASE WRITE IN ,3
PLEASE WRITE IN ,4
PLEASE WRITE IN ,5
PLEASE WRITE IN ,6
PLEASE WRITE IN ,7
PLEASE WRITE IN ,8
PLEASE WRITE IN ,9
PLEASE WRITE IN ,10
DO GIVE UP
```",377,0.5,0,0,0,0,0
"Complexity: 4[ 16, 119, 121, 123, 135, 139, 285, 311, 409, 41]",4,0,INTERCAL,182,"```intercal
DO ,1 <- #16
DO ,2 <- #119
DO ,3 <- #121
DO ,4 <- #123
DO ,5 <- #135
DO ,6 <- #139
DO ,7 <- #285
DO ,8 <- #311
DO ,9 <- #409
DO ,10 <- #412
DO COME FROM (10)
DO COME FROM (9)
DO COME FROM (8)
DO COME FROM (7)
DO COME FROM (6)
DO COME FROM (5)
DO COME FROM (4)
DO COME FROM (3)
DO COME FROM (2)
PLEASE DO ,1 NEXT
DO COME FROM (1)
PLEASE READ OUT ,1
PLEASE READ OUT ,2
PLEASE READ OUT ,3
PLEASE READ OUT ,4
PLEASE READ OUT ,5
PLEASE READ OUT ,6
PLEASE READ OUT ,7
PLEASE READ OUT ,8
PLEASE READ OUT ,9
PLEASE READ OUT ,10
PLEASE GIVE UP
```",550,0.5,0,0,0,0,0
"Complexity: 4[ 8, 11, 12, 103, 116, 196, 247, 254, 389, 42]",4,0,INTERCAL,179,"```intercal
DO ,1 <- #8
DO ,2 <- #11
DO ,3 <- #12
DO ,4 <- #103
DO ,5 <- #116
DO ,6 <- #196
DO ,7 <- #247
DO ,8 <- #254
DO ,9 <- #389
DO ,10 <- #427
DO COME FROM #5
PLEASE DO ,1 SUB #1 <- #10
DO COME FROM #4
PLEASE DO ,1 SUB #1 <- #9
DO COME FROM #3
PLEASE DO ,1 SUB #1 <- #8
DO COME FROM #2
PLEASE DO ,1 SUB #1 <- #7
DO COME FROM #1
PLEASE DO ,1 SUB #1 <- #6
PLEASE DO ,1 SUB #1 <- #5
PLEASE DO ,1 SUB #1 <- #4
PLEASE DO ,1 SUB #1 <- #3
PLEASE DO ,1 SUB #1 <- #2
PLEASE DO ,1 SUB #1 <- #1
PLEASE READ OUT ,1
PLEASE READ OUT ,2
PLEASE READ OUT ,3
PLEASE READ OUT ,4
PLEASE READ OUT ,5
PLEASE READ OUT ,6
PLEASE READ OUT ,7
PLEASE READ OUT ,8
PLEASE READ OUT ,9
PLEASE READ OUT ,10
PLEASE GIVE UP
```",699,0.5,0,0,0,0,0
"Complexity: 4[ 12, 36, 96, 119, 171, 213, 221, 232, 363, 45]",4,0,INTERCAL,180,"```intercal
DO ,1 <- #12
DO ,2 <- #24
DO ,3 <- #60
DO ,4 <- #23
DO ,5 <- #52
DO ,6 <- #42
DO ,7 <- #8
DO ,8 <- #11
DO ,9 <- #131
DO ,10 <- #88
DO ,11 <- #0
DO COME FROM (2)
PLEASE DO ,1 SUB #1 <- ',1'
DO ,2 SUB #1 <- ',2'
DO ,3 SUB #1 <- ',3'
DO ,4 SUB #1 <- ',4'
DO ,5 SUB #1 <- ',5'
DO ,6 SUB #1 <- ',6'
DO ,7 SUB #1 <- ',7'
DO ,8 SUB #1 <- ',8'
DO ,9 SUB #1 <- ',9'
DO ,10 SUB #1 <- ',10'
DO ,11 SUB #1 <- ',11'
PLEASE READ OUT ,1
DO READ OUT ,2
DO READ OUT ,3
DO READ OUT ,4
DO READ OUT ,5
DO READ OUT ,6
DO READ OUT ,7
DO READ OUT ,8
DO READ OUT ,9
DO READ OUT ,10
PLEASE GIVE UP
```",588,0.5,0,0,0,0,0
"Complexity: 4[ 38, 91, 142, 197, 215, 313, 316, 319, 423, 46]",4,0,INTERCAL,181,"```intercal
DO ,1 <- #38
DO ,2 <- #91
DO ,3 <- #142
DO ,4 <- #197
DO ,5 <- #215
DO ,6 <- #313
DO ,7 <- #316
DO ,8 <- #319
DO ,9 <- #423
DO ,10 <- #466
DO ,11 <- #0
DO COME FROM (2)
(1) PLEASE DO ,1 SUB #1 <- #10
DO ,1 SUB #1 <- #13
DO ,1 SUB #1 <- #9
PLEASE DO ,1 SUB #1 <- #8
DO ,1 SUB #1 <- #7
DO ,1 SUB #1 <- #6
PLEASE DO ,1 SUB #1 <- #5
DO ,1 SUB #1 <- #4
DO ,1 SUB #1 <- #3
DO ,1 SUB #1 <- #2
DO ,1 SUB #1 <- #1
DO READ OUT ,1
DO READ OUT ,2
DO READ OUT ,3
DO READ OUT ,4
DO READ OUT ,5
DO READ OUT ,6
DO READ OUT ,7
DO READ OUT ,8
DO READ OUT ,9
DO READ OUT ,10
DO (1) NEXT
(2) PLEASE GIVE UP
```",602,0.5,0,0,0,0,0
"Complexity: 4[ 7, 42, 147, 201, 213, 248, 310, 332, 436, 47]",4,0,INTERCAL,180,"```intercal
DO ,1 <- #9
DO ,2 <- #7
DO ,3 <- #1
DO ,4 <- #1
DO ,5 <- #1
DO ,6 <- #1
DO ,7 <- #1
DO ,8 <- #1
DO ,9 <- #1
DO ,10 <- #1
DO ,11 <- #1
DO ,12 <- #1
DO ,13 <- #1
DO ,14 <- #1
DO ,15 <- #1
DO ,16 <- #1
DO ,17 <- #1
DO ,18 <- #1
DO ,19 <- #1
DO ,20 <- #1
DO ,21 <- #1
DO ,22 <- #1
DO ,23 <- #1
DO ,24 <- #1
DO ,25 <- #1
DO ,26 <- #1
DO ,27 <- #1
DO ,28 <- #1
DO ,29 <- #1
DO ,30 <- #1
DO ,31 <- #1
DO ,32 <- #1
DO ,33 <- #1
DO ,34 <- #1
DO ,35 <- #1
DO ,36 <- #1
DO ,37 <- #1
DO ,38 <- #1
DO ,39 <- #1
DO ,40 <- #1
DO ,41 <- #1
DO ,42 <- #1
DO ,43 <- #1
DO ,44 <- #1
DO ,45 <- #1
DO ,46 <- #1
DO ,47 <- #1
DO ,48 <- #1
DO ,49 <- #1
DO ,50 <- #1
DO ,51 <- #1
DO ,52 <- #1
DO ,53 <- #1
DO ,54 <- #1
DO ,55 <- #1
DO ,56 <- #1
DO ,57 <- #1
DO ,58 <- #1
DO ,59 <- #1
DO ,60 <- #1
DO ,61 <- #1
DO ,62 <- #1
DO ,63 <- #1
DO ,64 <- #1
DO ,65 <- #1
DO ,66 <- #1
DO ,67 <- #1
DO ,68 <- #1
DO ,69 <- #1
DO ,70 <- #1
DO ,71 <- #1
DO ,72 <- #1
DO ,73 <- #1
DO ,74 <- #1
DO ,75 <- #1
DO ,76 <- #1
DO ,77 <- #1
DO ,78 <- #1
DO ,79 <- #1
DO ,80 <- #1
DO ,81 <- #1
DO ,82 <- #1
DO ,83 <- #1
DO ,84 <- #1
DO ,85 <- #1
DO ,86 <- #1
DO ,87 <- #1
DO ,88 <- #1
DO ,89 <- #1
DO ,90 <- #1
DO ,91 <- #1
DO ,92 <- #1
DO ,93 <- #1
DO ,94 <- #1
DO ,95 <- #1
DO ,96 <- #1
DO ,97 <- #1
DO ,98 <- #1
DO ,99 <- #1
DO ,100 <- #1
DO ,101 <- #1
DO ,102 <- #1
DO ,103 <- #1
DO ,104 <- #1
DO ,105 <- #1
DO ,106 <- #1
DO ,107 <- #1
DO ,108 <- #1
DO ,109 <- #1
DO ,110 <- #1
DO ,111 <- #1
DO ,112 <- #1
DO ,113 <- #1
DO ,114 <- #1
DO ,115 <- #1
DO ,116 <- #1
DO ,117 <- #1
DO ,118 <- #1
DO ,119 <- #1
DO ,120 <- #1
DO ,121 <- #1
DO ,122 <- #1
DO ,123 <- #1
DO ,124 <- #1
DO ,125 <- #1
DO ,126 <- #1
DO ,127 <- #1
DO ,128 <- #1
DO ,129 <- #1
DO ,130 <- #1
DO ,131 <- #1
DO ,132 <- #1
DO ,133 <- #1
DO ,134 <- #1
DO ,135 <- #1
DO ,136 <- #1
DO ,137 <- #1
DO ,138 <- #1
DO ,139 <- #1
DO ,140 <- #1
DO ,141 <- #1
DO ,142 <- #1
DO ,143 <- #1
DO ,144 <- #1
DO ,145 <- #1
DO ,146 <- #1
DO ,147 <- #1
DO ,148 <- #1
DO ,149 <- #1
DO ,150 <- #1
DO ,151 <- #1
DO ,152 <- #1
DO ,153 <- #1
DO ,154 <- #1
DO ,155 <- #1
DO ,156 <- #1
DO ,157 <- #1
DO ,158 <- #1
DO ,159 <- #1
DO ,160 <- #1
DO ,161 <- #1
DO ,162 <- #1
DO ,163 <- #1
DO ,164 <- #1
DO ,165 <- #1
DO ,166 <- #1
DO ,167 <- #1
DO ,168 <- #1
DO ,169 <- #1
DO ,170 <- #1
DO ,171 <- #1
DO ,172 <- #1
DO ,173 <- #1
DO ,174 <- #1
DO ,175 <- #1
DO ,176 <- #1
DO ,177 <- #1
DO ,178 <- #1
DO ,179 <- #1
DO ,180 <- #1
DO ,181 <- #1
DO ,182 <- #1
DO ,183 <- #1
DO ,184 <- #1
DO ,185 <- #1
DO ,186 <- #1
DO ,187 <- #1
DO ,188 <- #1
DO ,189 <- #1
DO ,190 <- #1
DO ,191 <- #1
DO ,192 <- #1
DO ,193 <- #1
DO ,194 <- #1
DO ,195 <- #1
DO ,196 <- #1
DO ,197 <- #1
DO ,198 <- #1
DO ,199 <- #1
DO ,200 <- #1
DO ,201 <- #1
DO ,202 <- #1
DO ,203 <- #1
DO ,204 <- #1
DO ,205 <- #1
DO ,206 <- #1
DO ,207 <- #1
DO ,208 <- #1
DO ,209 <- #1
DO ,210 <- #1
DO ,211 <- #1
DO ,212 <- #1
DO ,213 <- #1
DO ,214 <- #1
DO ,215 <- #1
DO ,216 <- #1
DO ,217 <- #1
DO ,218 <- #1
DO ,219 <- #1
DO ,220 <- #1
DO ,221 <- #1
DO ,222 <- #1
DO ,223 <- #1
DO ,224 <- #1
DO ,225 <- #1
DO ,226 <- #1
DO ,227 <- #1
DO ,228 <- #1
DO ,229 <- #1
DO ,230 <- #1
DO ,231 <- #1
DO ,232 <- #1
DO ,233 <- #1
DO ,234 <- #1
DO ,235 <- #1
DO ,236 <- #1
DO ,237 <- #1
DO ,238 <- #1
DO ,239 <- #1
DO ,240 <- #1
DO ,241 <- #1
DO ,242 <- #1
DO ,243 <- #1
DO ,244 <- #1
DO ,245 <- #1
DO ,246 <- #1
DO ,247 <- #1
DO ,248 <- #1
DO ,249 <- #1
DO ,250 <- #1
DO ,251 <- #1
DO ,252 <- #1
DO ,253 <- #1
DO ,254 <- #1
DO ,255 <- #1
DO ,256 <- #1
DO ,257 <- #1
DO ,258 <- #1
DO ,259 <- #1
DO ,260 <- #1
DO ,261 <- #1
DO ,262 <- #1
DO ,263 <- #1
DO ,264 <- #1
DO ,265 <- #1
DO ,266 <- #1
DO ,267 <- #1
DO ,268 <- #1
DO ,269 <- #1
DO ,270 <- #1
DO ,271 <- #1
DO ,272 <- #1
DO ,273 <- #1
DO ,274 <- #1
DO ,275 <- #1
DO ,276 <- #1
DO ,277 <- #1
DO ,278 <- #1
DO ,279 <- #1
DO ,280 <- #1
DO ,281 <- #1
DO ,282 <- #1
DO ,283 <- #1
DO ,284 <- #1
DO ,285 <- #1
DO ,286 <- #1
DO ,287 <- #1
DO ,288 <- #1
DO ,289 <- #1
DO ,290 <- #1
DO ,291 <- #1
DO ,292 <- #1
DO ,293 <- #1
DO ,294 <- #1
DO ,295 <- #1
DO ,296 <- #1
DO ,297 <- #1
DO ,298 <- #1
DO ,299 <- #1
DO ,300 <- #1
DO ,301 <- #1
DO ,302 <- #1
DO ,303 <- #1
DO ,304 <- #1
DO ,305 <- #1
DO ,306 <- #1
DO ,307 <- #1
DO ,308 <- #1
DO ,309 <- #1
DO ,310 <- #1
DO ,311 <- #1
DO ,312 <- #1
DO ,313 <- #1
DO ,314 <- #1
DO ,315 <- #1
DO ,316 <- #1
DO ,317 <- #1
DO ,318 <- #1
DO ,319 <- #1
DO ,320 <- #1
DO ,321 <- #1
DO ,322 <- #1
DO ,323 <- #1
DO ,324 <- #1
DO ,325 <- #1
DO ,326 <- #1
DO ,327 <- #1
DO ,328 <- #1
DO ,329 <- #1
DO ,330 <- #1
DO ,331 <- #1
DO ,332 <- #1
DO ,333 <- #1
DO ,334 <- #1
DO ,335 <- #1
DO ,336 <- #1
DO ,337 <- #1
DO ,338 <- #1
DO ,339 <- #1
DO ,340 <- #1
DO ,341 <- #1
DO ,342 <- #1
DO ,343 <- #1
DO ,344 <- #1
DO ,345 <- #1
DO ,346 <- #1
DO ,347 <- #1
DO ,348 <- #1
DO ,349 <- #1
DO ,350 <- #1
DO ,351 <- #1
DO ,352 <- #1
DO ,353 <- #1
DO ,354 <- #1
DO ,355 <- #1
DO ,356 <- #1
DO ,357 <- #1
DO ,358 <- #1
DO ,359 <- #1
DO ,360 <- #1
DO ,361 <- #1
DO ,362 <- #1
DO ,363 <- #1
DO ,364 <- #1
DO ,365 <- #1
DO ,366 <- #1
DO ,367 <- #1
DO ,368 <- #1
DO ,369 <- #1
DO ,370 <- #1
DO ,371 <- #1
DO ,372 <- #1
DO ,373 <- #1
DO ,374 <- #1
DO ,375 <- #1
DO ,376 <- #1
DO ,377 <- #1
DO ,378 <- #1
DO ,379 <- #1
DO ,380 <- #1
DO ,381 <- #1
DO ,382 <- #1
DO ,383 <- #1
DO ,384 <- #1
DO ,385 <- #1
DO ,386 <- #1
DO ,387 <- #1
DO ,388 <- #1
DO ,389 <- #1
DO ,390 <- #1
DO ,391 <- #1
DO ,392 <- #1
DO ,393 <- #1
DO ,394 <- #1
DO ,395 <- #1
DO ,396 <- #1
DO ,397 <- #1
DO ,398 <- #1
DO ,399 <- #1
DO ,400 <- #1
DO ,401 <- #1
DO ,402 <- #1
DO ,403 <- #1
DO ,404 <- #1
DO ,405 <- #1
DO ,406 <- #1
DO ,407 <- #1
DO ,408 <- #1
DO ,409 <- #1
DO ,410 <- #1
DO ,411 <- #1
DO ,412 <- #1
DO ,413 <- #1
DO ,414 <- #1
DO ,415 <- #1
DO ,416 <- #1
DO ,417 <- #1
DO ,418 <- #1
DO ,419 <- #1
DO ,420 <- #1
DO ,421 <- #1
DO ,422 <- #1
DO ,423 <- #1
DO ,424 <- #1
DO ,425 <- #1
DO ,426 <- #1
DO ,427 <- #1
DO ,428 <- #1
DO ,429 <- #1
DO ,430 <- #1
DO ,431 <- #1
DO ,432 <- #1
DO ,433 <- #1
DO ,434 <- #1
DO ,435 <- #1
DO ,436 <- #1
DO ,437 <- #1
DO ,438 <- #1
DO ,439 <- #1
DO ,440 <- #1
DO ,441 <- #1
DO ,442 <- #1
DO ,443 <- #1
DO ,444 <- #1
DO ,445 <- #1
DO ,446 <- #1
DO ,447 <- #1
DO ,448 <- #1
DO ,449 <- #1
DO ,450 <- #1
DO ,451 <- #1
DO ,452 <- #1
DO ,453 <- #1
DO ,454 <- #1
DO ,455 <- #1
DO ,456 <- #1
DO ,457 <- #1
DO ,458 <- #1
DO ,459 <- #1
DO ,460 <- #1
DO ,461 <- #1
DO ,462 <- #1
DO ,463 <- #1
DO ,464 <- #1
DO ,465 <- #1
DO ,466 <- #1
DO ,467 <- #1
DO ,468 <- #1
DO ,469 <- #1
DO ,470 <- #1
DO ,471 <- #1
DO ,472 <- #1
DO ,473 <- #1
DO ,474 <- #1
DO ,475 <- #1
DO ,476 <- #1
DO ,477 <- #1
DO ,478 <- #1
DO ,479 <- #1
PLEASE READ OUT ,1
PLEASE READ OUT ,2
PLEASE READ OUT ,3
PLEASE READ OUT ,4
PLEASE READ OUT ,5
PLEASE READ OUT ,6
PLEASE READ OUT ,7
PLEASE READ OUT ,8
PLEASE READ OUT ,9
PLEASE READ OUT ,10
PLEASE GIVE UP
```",6819,0.5,0,0,0,0,0
"Complexity: 4[ 27, 101, 105, 164, 245, 290, 304, 441, 449, 49]",4,0,INTERCAL,182,"```intercal
DO ,1 <- #9
DO ,2 <- #2
DO ,3 <- #1
DO ,101 <- #27
DO ,102 <- #101
DO ,103 <- #105
DO ,104 <- #164
DO ,105 <- #245
DO ,106 <- #290
DO ,107 <- #304
DO ,108 <- #441
DO ,109 <- #449
DO ,110 <- #490
DO ,1000 <- #1
PLEASE DO ,1001 SUB #1 <- #10
DO ,1002 SUB #1 <- #1
PLEASE DO ,1004 SUB #1 <- #1
DO ,1003 SUB #1 <- #1
DO COME FROM (1001)
DO (1002) NEXT
DO (1003) NEXT
DO (1004) NEXT
PLEASE DO (1000) NEXT
DO READ OUT ,101
DO READ OUT ,102
DO READ OUT ,103
DO READ OUT ,104
DO READ OUT ,105
DO READ OUT ,106
DO READ OUT ,107
DO READ OUT ,108
DO READ OUT ,109
DO READ OUT ,110
PLEASE GIVE UP
```",600,0.5,0,0,0,0,0
"Complexity: 4[ 4, 11, 29, 106, 214, 283, 296, 298, 360, 49]",4,0,INTERCAL,179,"```intercal
DO ,1 <- #4
DO ,2 <- #11
DO ,3 <- #29
DO ,4 <- #106
DO ,5 <- #214
DO ,6 <- #283
DO ,7 <- #296
DO ,8 <- #298
DO ,9 <- #360
DO ,10 <- #497
DO ,11 <- #0
DO COME FROM (2)
(1) DO ,1 SUB #1 <- #10
DO ,11 SUB #1 <- #1
DO (1) NEXT
PLEASE READ OUT ,11
PLEASE GIVE UP
```",273,0.5,0,0,0,0,0
"Complexity: 4[ 72, 106, 139, 165, 171, 192, 199, 429, 453, 47]",4,0,INTERCAL,182,"```intercal
DO ,1 <- #9
DO ,2 <- #0
DO ,3 <- #0
PLEASE DO ,4 <- #10
DO ,5 <- #72
DO ,6 <- #34
DO ,7 <- #33
DO ,8 <- #26
DO ,9 <- #6
DO ,10 <- #21
DO ,11 <- #7
DO ,12 <- #230
DO ,13 <- #24
DO ,14 <- #24
PLEASE DO ,15 <- #1
DO ,16 <- #1
PLEASE DO ,17 <- #1
DO COME FROM (1000)
PLEASE DO (1000) NEXT
DO ,1 SUB #1 <- ',5
DO ,2 SUB #1 <- ',6
DO ,3 SUB #1 <- ',7
DO ,4 SUB #1 <- ',8
DO ,5 SUB #1 <- ',9
DO ,6 SUB #1 <- ',10
DO ,7 SUB #1 <- ',11
DO ,8 SUB #1 <- ',12
DO ,9 SUB #1 <- ',13
DO ,10 SUB #1 <- ',14
DO READ OUT ,1
DO READ OUT ,2
DO READ OUT ,3
DO READ OUT ,4
DO READ OUT ,5
DO READ OUT ,6
DO READ OUT ,7
DO READ OUT ,8
DO READ OUT ,9
DO READ OUT ,10
PLEASE GIVE UP
```",672,0.5,0,0,0,0,0
"Complexity: 4[ 187, 218, 260, 295, 301, 314, 379, 410, 452, 46]",4,0,INTERCAL,183,"```intercal
DO ,1 <- #9
DO ,2 <- #0
DO ,3 <- #0
DO ,4 <- #187
DO ,5 <- #31
DO ,6 <- #42
DO ,7 <- #35
DO ,8 <- #6
DO ,9 <- #13
DO ,10 <- #65
DO ,11 <- #31
DO ,12 <- #42
DO ,13 <- #17
PLEASE DO ,2 SUB #1 <- ,4
DO ,3 SUB #1 <- ,5
DO ,2 SUB #2 <- ,2 SUB #1 + ,3 SUB #1
DO ,3 SUB #2 <- ,6
DO ,2 SUB #3 <- ,2 SUB #2 + ,3 SUB #2
DO ,3 SUB #3 <- ,7
DO ,2 SUB #4 <- ,2 SUB #3 + ,3 SUB #3
DO ,3 SUB #4 <- ,8
DO ,2 SUB #5 <- ,2 SUB #4 + ,3 SUB #4
DO ,3 SUB #5 <- ,9
DO ,2 SUB #6 <- ,2 SUB #5 + ,3 SUB #5
DO ,3 SUB #6 <- ,10
DO ,2 SUB #7 <- ,2 SUB #6 + ,3 SUB #6
DO ,3 SUB #7 <- ,11
DO ,2 SUB #8 <- ,2 SUB #7 + ,3 SUB #7
DO ,3 SUB #8 <- ,12
DO ,2 SUB #9 <- ,2 SUB #8 + ,3 SUB #8
DO ,3 SUB #9 <- ,13
DO ,2 SUB #10 <- ,2 SUB #9 + ,3 SUB #9
PLEASE READ OUT ,2
PLEASE GIVE UP
```",763,0.5,0,0,0,0,0
"Complexity: 4[ 29, 63, 95, 140, 150, 190, 221, 437, 482, 49]",4,0,INTERCAL,180,"```intercal
DO ,1 <- #1
DO ,2 <- #29
DO ,3 <- #34
DO ,4 <- #32
DO ,5 <- #45
DO ,6 <- #10
DO ,7 <- #40
DO ,8 <- #31
DO ,9 <- #216
DO ,10 <- #45
DO ,11 <- #9
DO ,12 <- #1
DO COME FROM (2)
PLEASE DO ,1 SUB #1 <- ',2
DO ,1 SUB #2 <- ',3
DO ,1 SUB #3 <- ',4
DO ,1 SUB #4 <- ',5
DO ,1 SUB #5 <- ',6
DO ,1 SUB #6 <- ',7
DO ,1 SUB #7 <- ',8
DO ,1 SUB #8 <- ',9
DO ,1 SUB #9 <- ',10
DO ,1 SUB #10 <- ',11
DO ,1 SUB #11 <- ',12
DO COME FROM (1)
(1) DO READ OUT ,1 SUB #1
DO READ OUT ,1 SUB #2
DO READ OUT ,1 SUB #3
DO READ OUT ,1 SUB #4
DO READ OUT ,1 SUB #5
DO READ OUT ,1 SUB #6
DO READ OUT ,1 SUB #7
DO READ OUT ,1 SUB #8
DO READ OUT ,1 SUB #9
DO READ OUT ,1 SUB #10
DO READ OUT ,1 SUB #11
PLEASE GIVE UP
```",701,0.5,0,0,0,0,0
"Complexity: 4[ 3, 11, 84, 144, 156, 177, 188, 199, 229, 28]",4,0,INTERCAL,179,"```intercal
DO ,1 <- #9
DO ,2 <- #2
DO ,3 <- #1
DO ,4 <- #3
DO ,5 <- #11
DO ,6 <- #84
DO ,7 <- #144
DO ,8 <- #156
DO ,9 <- #177
DO ,10 <- #188
DO ,11 <- #199
DO ,12 <- #229
DO ,13 <- #284
DO ,14 <- #0
PLEASE DO ,15 <- #1
DO ,16 <- #10
DO ,17 <- #1
DO ,18 <- #1
DO ,19 <- #1
DO ,20 <- #1
(1) DO ,14 SUB #1 <- ',5
DO ,15 SUB #1 <- ',6
DO ,16 SUB #1 <- ',7
DO ,17 SUB #1 <- ',8
DO ,18 SUB #1 <- ',9
DO ,19 SUB #1 <- ',10
DO ,20 SUB #1 <- ',11
DO ,14 SUB #2 <- ',12
DO ,15 SUB #2 <- ',13
DO COME FROM (2)
(2) PLEASE DO (1000) NEXT
DO (1) NEXT
PLEASE FORGET #1
```",559,0.5,0,0,0,0,0
"Complexity: 4[ 26, 94, 98, 137, 176, 301, 323, 330, 372, 44]",4,0,INTERCAL,180,"```intercal
DO ,1 <- #26
DO ,2 <- #94
DO ,3 <- #98
DO ,4 <- #137
DO ,5 <- #176
DO ,6 <- #301
DO ,7 <- #323
DO ,8 <- #330
DO ,9 <- #372
DO ,10 <- #444
DO COME FROM (10)
DO (1) NEXT
DO .1 <- ',1
PLEASE DO ,1 SUB #1 <- .1
DO .2 <- ',2
PLEASE DO ,2 SUB #1 <- .2
DO .3 <- ',3
PLEASE DO ,3 SUB #1 <- .3
DO .4 <- ',4
PLEASE DO ,4 SUB #1 <- .4
DO .5 <- ',5
PLEASE DO ,5 SUB #1 <- .5
DO .6 <- ',6
PLEASE DO ,6 SUB #1 <- .6
DO .7 <- ',7
PLEASE DO ,7 SUB #1 <- .7
DO .8 <- ',8
PLEASE DO ,8 SUB #1 <- .8
DO .9 <- ',9
PLEASE DO ,9 SUB #1 <- .9
DO .10 <- ',10
PLEASE DO ,10 SUB #1 <- .10
DO WRITE IN ,1
DO WRITE IN ,2
DO WRITE IN ,3
DO WRITE IN ,4
DO WRITE IN ,5
DO WRITE IN ,6
DO WRITE IN ,7
DO WRITE IN ,8
DO WRITE IN ,9
DO WRITE IN ,10
PLEASE GIVE UP
```",743,0.5,0,0,0,0,0
"Complexity: 4[ 39, 81, 88, 210, 215, 378, 416, 430, 439, 49]",4,0,INTERCAL,180,"```intercal
DO ,1 <- #9
DO ,2 <- #81
DO ,3 <- #88
DO ,4 <- #210
DO ,5 <- #215
DO ,6 <- #378
DO ,7 <- #416
DO ,8 <- #430
DO ,9 <- #439
DO ,10 <- #490
DO ,11 <- #0
DO COME FROM (2)
(1) DO ,1 SUB #1 <- #10
DO (1) NEXT
DO ,11 SUB #1 <- #1
DO COME FROM (3)
(2) PLEASE DO ,2 SUB #1 <- #10
DO (2) NEXT
DO ,11 SUB #2 <- #2
DO COME FROM (4)
(3) PLEASE DO ,3 SUB #1 <- #10
DO (3) NEXT
DO ,11 SUB #3 <- #3
DO COME FROM (5)
(4) PLEASE DO ,4 SUB #1 <- #10
DO (4) NEXT
DO ,11 SUB #4 <- #4
DO COME FROM (6)
(5) PLEASE DO ,5 SUB #1 <- #10
DO (5) NEXT
DO ,11 SUB #5 <- #5
DO COME FROM (7)
(6) PLEASE DO ,6 SUB #1 <- #10
DO (6) NEXT
DO ,11 SUB #6 <- #6
DO COME FROM (8)
(7) PLEASE DO ,7 SUB #1 <- #10
DO (7) NEXT
DO ,11 SUB #7 <- #7
DO COME FROM (9)
(8) PLEASE DO ,8 SUB #1 <- #10
DO (8) NEXT
DO ,11 SUB #8 <- #8
DO COME FROM (10)
(9) PLEASE DO ,9 SUB #1 <- #10
DO (9) NEXT
DO ,11 SUB #9 <- #9
DO COME FROM (11)
(10) PLEASE DO ,10 SUB #1 <- #10
DO (10) NEXT
DO ,11 SUB #10 <- #10
DO COME FROM (12)
(11) PLEASE DO .11
DO (11) NEXT
DO RESUME .1
```",1028,0.5,0,0,0,0,0
"Complexity: 4[ 29, 57, 68, 120, 134, 140, 173, 197, 283, 31]",4,0,INTERCAL,180,"```intercal
DO ,1 <- #29
DO ,2 <- #57
DO ,3 <- #68
DO ,4 <- #120
DO ,5 <- #134
DO ,6 <- #140
DO ,7 <- #173
DO ,8 <- #197
DO ,9 <- #283
DO ,10 <- #313
DO ,11 <- #10
DO COME FROM (2)
(1) DO WRITE IN ,1
DO ,1 SUB #1 <- #1
PLEASE DO (1) NEXT
(2) DO WRITE IN ,2
DO ,2 SUB #1 <- #1
PLEASE DO (2) NEXT
(3) DO WRITE IN ,3
DO ,3 SUB #1 <- #1
PLEASE DO (3) NEXT
(4) DO WRITE IN ,4
DO ,4 SUB #1 <- #1
PLEASE DO (4) NEXT
(5) DO WRITE IN ,5
DO ,5 SUB #1 <- #1
PLEASE DO (5) NEXT
(6) DO WRITE IN ,6
DO ,6 SUB #1 <- #1
PLEASE DO (6) NEXT
(7) DO WRITE IN ,7
DO ,7 SUB #1 <- #1
PLEASE DO (7) NEXT
(8) DO WRITE IN ,8
DO ,8 SUB #1 <- #1
PLEASE DO (8) NEXT
(9) DO WRITE IN ,9
DO ,9 SUB #1 <- #1
PLEASE DO (9) NEXT
(10) DO WRITE IN ,10
DO ,10 SUB #1 <- #1
PLEASE DO (10) NEXT
(11) DO WRITE IN ,11
DO ,11 SUB #1 <- #1
PLEASE DO (11) NEXT
PLEASE GIVE UP
```",834,0.2,0,0,0,0,0
"Complexity: 4[ 24, 26, 36, 40, 184, 226, 244, 384, 391, 42]",4,0,INTERCAL,179,"```intercal
DO ,1 <- #1
DO ,2 <- #10
DO ,3 <- #1
DO ,4 <- #1
DO ,5 <- #1
DO ,6 <- #1
DO ,7 <- #1
DO ,8 <- #1
DO ,9 <- #1
DO ,10 <- #1
DO ,11 <- #1
DO ,12 <- #1
DO ,13 <- #1
DO ,14 <- #1
DO ,15 <- #1
DO ,16 <- #1
DO ,17 <- #1
DO ,18 <- #1
DO ,19 <- #1
DO ,20 <- #1
DO ,21 <- #1
DO ,22 <- #1
DO ,23 <- #1
DO ,24 <- #24
DO ,25 <- #26
DO ,26 <- #36
DO ,27 <- #40
DO ,28 <- #184
DO ,29 <- #226
DO ,30 <- #244
DO ,31 <- #384
DO ,32 <- #391
DO ,33 <- #423
PLEASE DO ,1 SUB #1 <- #10
DO ,2 SUB #1 <- #10
DO ,3 SUB #1 <- #10
DO ,4 SUB #1 <- #10
DO ,5 SUB #1 <- #10
DO ,6 SUB #1 <- #10
DO ,7 SUB #1 <- #10
DO ,8 SUB #1 <- #10
DO ,9 SUB #1 <- #10
DO ,10 SUB #1 <- #10
PLEASE READ OUT ,24
PLEASE READ OUT ,25
PLEASE READ OUT ,26
PLEASE READ OUT ,27
PLEASE READ OUT ,28
PLEASE READ OUT ,29
PLEASE READ OUT ,30
PLEASE READ OUT ,31
PLEASE READ OUT ,32
PLEASE READ OUT ,33
PLEASE GIVE UP
```",875,0.2,0,0,0,0,0
"Complexity: 4[ 90, 203, 212, 235, 270, 324, 342, 352, 371, 41]",4,0,INTERCAL,182,"```intercal
DO ,1 <- #9
DO ,2 <- #0
DO ,3 <- #2
DO ,4 <- #0
DO ,5 <- #3
DO ,6 <- #2
DO ,7 <- #1
DO ,8 <- #2
DO ,9 <- #2
DO ,10 <- #3
DO ,11 <- #5
DO ,12 <- #2
DO ,13 <- #7
DO ,14 <- #0
DO ,15 <- #3
DO ,16 <- #2
DO ,17 <- #4
DO ,18 <- #3
DO ,19 <- #4
DO ,20 <- #2
DO ,21 <- #3
DO ,22 <- #5
DO ,23 <- #2
DO ,24 <- #3
DO ,25 <- #7
DO ,26 <- #1
DO ,27 <- #4
DO ,28 <- #1
DO ,29 <- #7
DO ,30 <- #3
DO ,31 <- #5
DO ,32 <- #2
DO ,33 <- #3
DO ,34 <- #7
DO ,35 <- #1
DO ,36 <- #4
DO ,37 <- #1
DO ,38 <- #7
DO ,39 <- #4
DO ,40 <- #1
DO COME FROM #2
PLEASE DO ,1000 <- #8
DO ,1001 <- #10
DO ,1002 <- #12
DO ,1003 <- #14
DO ,1004 <- #16
DO ,1005 <- #18
DO ,1006 <- #20
DO ,1007 <- #22
DO ,1008 <- #24
DO ,1009 <- #26
DO ,1010 <- #28
DO ,1011 <- #30
DO ,1012 <- #32
DO ,1013 <- #34
DO ,1014 <- #36
DO ,1015 <- #38
DO ,1016 <- #40
DO ,2000 <- #256
DO ,2001 <- #512
DO ,2002 <- #1024
DO ,2003 <- #2048
DO ,2004 <- #4096
DO ,2005 <- #8192
DO ,2006 <- #16384
DO ,2007 <- #32768
DO ,2008 <- #65536
DO ,2009 <- #131072
DO ,2010 <- #262144
DO ,2011 <- #524288
DO ,2012 <- #1048576
DO ,2013 <- #2097152
DO ,2014 <- #4194304
DO ,2015 <- #8388608
DO ,2016 <- #16777216
DO ,1$ <- #1
DO ,2$ <- #3
DO ,3$ <- #5
DO ,4$ <- #7
DO ,5$ <- #9
DO ,6$ <- #11
DO ,7$ <- #13
DO ,8$ <- #15
DO ,9$ <- #17
PLEASE DO READ OUT ,1$
PLEASE DO READ OUT ,2$
PLEASE DO READ OUT ,3$
PLEASE DO READ OUT ,4$
PLEASE DO READ OUT ,5$
PLEASE DO READ OUT ,6$
PLEASE DO READ OUT ,7$
PLEASE DO READ OUT ,8$
PLEASE DO READ OUT ,9$
DO .1 <- #1
```",1489,0.2,0,0,0,0,0
"Complexity: 4[ 20, 48, 95, 234, 282, 296, 352, 402, 428, 48]",4,0,INTERCAL,180,"```intercal
DO ,1 <- #9
DO ,2 <- #0
DO ,3 <- #4
DO ,4 <- #8
DO ,5 <- #9
DO ,6 <- #5
DO ,7 <- #2
DO ,8 <- #3
DO ,9 <- #4
DO ,10 <- #2
DO ,11 <- #8
DO ,12 <- #2
DO ,13 <- #2
DO ,14 <- #9
DO ,15 <- #6
DO ,16 <- #3
DO ,17 <- #5
DO ,18 <- #2
DO ,19 <- #4
DO ,20 <- #0
DO ,21 <- #2
DO ,22 <- #4
DO ,23 <- #2
DO ,24 <- #8
DO ,25 <- #4
DO ,26 <- #8
DO ,27 <- #1
PLEASE DO ,28 <- #1
DO ,29 <- #0
DO ,30 <- #0
DO ,31 <- #0
DO ,32 <- #0
DO ,33 <- #0
DO ,34 <- #0
DO ,35 <- #0
DO ,36 <- #0
DO ,37 <- #0
DO ,38 <- #0
DO ,39 <- #0
DO ,40 <- #0
DO ,41 <- #0
DO ,42 <- #0
DO ,43 <- #0
DO ,44 <- #0
DO ,45 <- #0
DO ,46 <- #0
DO ,47 <- #0
DO ,48 <- #0
DO ,49 <- #0
DO ,50 <- #0
DO ,51 <- #0
DO ,52 <- #0
DO ,53 <- #0
DO ,54 <- #0
DO ,55 <- #0
DO ,56 <- #0
DO ,57 <- #0
DO ,58 <- #0
DO ,59 <- #0
DO ,60 <- #0
DO ,61 <- #0
DO ,62 <- #0
DO ,63 <- #0
DO ,64 <- #0
DO ,65 <- #0
DO ,66 <- #0
DO ,67 <- #0
DO ,68 <- #0
DO ,69 <- #0
DO ,70 <- #0
DO ,71 <- #0
DO ,72 <- #0
DO ,73 <- #0
DO ,74 <- #0
DO ,75 <- #0
DO ,76 <- #0
DO ,77 <- #0
DO ,78 <- #0
DO ,79 <- #0
DO ,80 <- #0
DO ,81 <- #0
DO ,82 <- #0
DO ,83 <- #0
DO ,84 <- #0
DO ,85 <- #0
DO ,86 <- #0
DO ,87 <- #0
DO ,88 <- #0
DO ,89 <- #0
DO ,90 <- #0
DO ,91 <- #0
DO ,92 <- #0
DO ,93 <- #0
DO ,94 <- #0
DO ,95 <- #0
DO ,96 <- #0
DO ,97 <- #0
DO ,98 <- #0
DO ,99 <- #0
DO ,100 <- #0
DO ,101 <- #0
DO ,102 <- #0
DO ,103 <- #0
DO ,104 <- #0
DO ,105 <- #0
DO ,106 <- #0
DO ,107 <- #0
DO ,108 <- #0
DO ,109 <- #0
DO ,110 <- #0
DO ,111 <- #0
DO ,112 <- #0
DO ,113 <- #0
DO ,114 <- #0
DO ,115 <- #0
DO ,116 <- #0
DO ,117 <- #0
DO ,118 <- #0
DO ,119 <- #0
DO ,120 <- #0
DO ,121 <- #0
DO ,122 <- #0
DO ,123 <- #0
DO ,124 <- #0
DO ,125 <- #0
DO ,126 <- #0
DO ,127 <- #0
DO ,128 <- #0
DO ,129 <- #0
DO ,130 <- #0
DO ,131 <- #0
DO ,132 <- #0
DO ,133 <- #0
DO ,134 <- #0
DO ,135 <- #0
DO ,136 <- #0
DO ,137 <- #0
DO ,138 <- #0
DO ,139 <- #0
DO ,140 <- #0
DO ,141 <- #0
DO ,142 <- #0
DO ,143 <- #0
DO ,144 <- #0
DO ,145 <- #0
DO ,146 <- #0
DO ,147 <- #0
DO ,148 <- #0
DO ,149 <- #0
DO ,150 <- #0
DO ,151 <- #0
DO ,152 <- #0
DO ,153 <- #0
DO ,154 <- #0
DO ,155 <- #0
DO ,156 <- #0
DO ,157 <- #0
DO ,158 <- #0
DO ,159 <- #0
DO ,160 <- #0
DO ,161 <- #0
DO ,162 <- #0
DO ,163 <- #0
DO ,164 <- #0
DO ,165 <- #0
DO ,166 <- #0
DO ,167 <- #0
DO ,168 <- #0
DO ,169 <- #0
DO ,170 <- #0
DO ,171 <- #0
DO ,172 <- #0
DO ,173 <- #0
DO ,174 <- #0
DO ,175 <- #0
DO ,176 <- #0
DO ,177 <- #0
DO ,178 <- #0
DO ,179 <- #0
DO ,180 <- #0
DO ,181 <- #0
DO ,182 <- #0
DO ,183 <- #0
DO ,184 <- #0
DO ,185 <- #0
DO ,186 <- #0
DO ,187 <- #0
DO ,188 <- #0
DO ,189 <- #0
DO ,190 <- #0
DO ,191 <- #0
DO ,192 <- #0
DO ,193 <- #0
DO ,194 <- #0
DO ,195 <- #0
DO ,196 <- #0
DO ,197 <- #0
DO ,198 <- #0
DO ,199 <- #0
DO ,200 <- #0
PLEASE READ OUT ,1
PLEASE READ OUT ,2
PLEASE READ OUT ,3
PLEASE READ OUT ,4
PLEASE READ OUT ,5
PLEASE READ OUT ,6
PLEASE READ OUT ,7
PLEASE READ OUT ,8
PLEASE READ OUT ,9
PLEASE READ OUT ,10
PLEASE READ OUT ,11
PLEASE READ OUT ,12
PLEASE READ OUT ,13
PLEASE READ OUT ,14
PLEASE READ OUT ,15
PLEASE READ OUT ,16
PLEASE READ OUT ,17
PLEASE READ OUT ,18
PLEASE READ OUT ,19
PLEASE READ OUT ,20
PLEASE READ OUT ,21
PLEASE READ OUT ,22
PLEASE READ OUT ,23
PLEASE READ OUT ,24
PLEASE READ OUT ,25
PLEASE READ OUT ,26
PLEASE READ OUT ,27
PLEASE READ OUT ,28
PLEASE READ OUT ,29
PLEASE GIVE UP
```",3300,0.2,0,0,0,0,0
"Complexity: 4[ 62, 98, 130, 154, 290, 315, 324, 385, 408, 44]",4,0,INTERCAL,181,"```intercal
DO ,1 <- #9
DO ,2 <- #2
DO ,3 <- #4
DO ,4 <- #10
DO ,5 <- #290
DO ,6 <- #315
DO ,7 <- #324
DO ,8 <- #385
DO ,9 <- #408
DO ,10 <- #447
DO ,11 <- #1
DO COME FROM (11)
DO ,11 SUB #1 <- ',11'
DO COME FROM (11)
PLEASE WRITE IN ,1
PLEASE WRITE IN ,2
PLEASE WRITE IN ,3
PLEASE WRITE IN ,4
PLEASE WRITE IN ,5
PLEASE WRITE IN ,6
PLEASE WRITE IN ,7
PLEASE WRITE IN ,8
PLEASE WRITE IN ,9
PLEASE WRITE IN ,10
PLEASE GIVE UP
```",427,0.2,0,0,0,0,0
"Complexity: 4[ 2, 42, 66, 102, 153, 195, 201, 252, 306, 39]",4,0,INTERCAL,179,"```intercal
DO ,1 <- #2
DO ,2 <- #42
DO ,3 <- #66
DO ,4 <- #102
DO ,5 <- #153
DO ,6 <- #195
DO ,7 <- #201
DO ,8 <- #252
DO ,9 <- #306
DO ,10 <- #396
DO ,11 <- #0
DO COME FROM (2)
(1) DO ,1 SUB #1 <- #1
DO COME FROM (3)
(2) PLEASE DO ,2 SUB #1 <- #1
DO COME FROM (4)
(3) DO ,3 SUB #1 <- #1
DO COME FROM (5)
(4) DO ,4 SUB #1 <- #1
DO COME FROM (6)
(5) DO ,5 SUB #1 <- #1
DO COME FROM (7)
(6) DO ,6 SUB #1 <- #1
DO COME FROM (8)
(7) DO ,7 SUB #1 <- #1
DO COME FROM (9)
(8) DO ,8 SUB #1 <- #1
DO COME FROM (10)
(9) DO ,9 SUB #1 <- #1
DO COME FROM (11)
(10) DO ,10 SUB #1 <- #1
DO COME FROM (12)
(11) DO ,11 SUB #1 <- #1
PLEASE DO (1) NEXT
DO READ OUT ,1
DO READ OUT ,2
DO READ OUT ,3
DO READ OUT ,4
DO READ OUT ,5
DO READ OUT ,6
DO READ OUT ,7
DO READ OUT ,8
DO READ OUT ,9
DO READ OUT ,10
PLEASE GIVE UP
```",804,0.2,0,0,0,0,0
"Complexity: 4[ 128, 151, 153, 217, 224, 332, 382, 400, 450, 47]",4,0,INTERCAL,183,"```intercal
DO ,1 <- #9
DO ,2 <- #2
DO ,3 <- #1
DO ,4 <- #0
DO ,5 <- #128
DO ,6 <- #151
DO ,7 <- #153
DO ,8 <- #217
DO ,9 <- #224
DO ,10 <- #332
DO ,11 <- #382
DO ,12 <- #400
DO ,13 <- #450
DO ,14 <- #478
DO ,15 <- #10
DO COME FROM ,2
DO ,1 SUB #1 <- ,1
DO ,2 SUB #1 <- ,5
DO COME FROM ,3
DO ,3 SUB #1 <- ,1
DO ,4 SUB #1 <- ,6
DO COME FROM ,4
DO ,4 SUB #1 <- ,1
DO ,5 SUB #1 <- ,7
DO COME FROM ,5
DO ,5 SUB #1 <- ,1
DO ,6 SUB #1 <- ,8
DO COME FROM ,6
DO ,6 SUB #1 <- ,1
DO ,7 SUB #1 <- ,9
DO COME FROM ,7
DO ,7 SUB #1 <- ,1
DO ,8 SUB #1 <- ,10
DO COME FROM ,8
DO ,8 SUB #1 <- ,1
DO ,9 SUB #1 <- ,11
DO COME FROM ,9
DO ,9 SUB #1 <- ,1
DO ,10 SUB #1 <- ,12
DO COME FROM ,10
DO ,10 SUB #1 <- ,1
DO ,11 SUB #1 <- ,13
DO COME FROM ,11
DO ,11 SUB #1 <- ,1
DO ,12 SUB #1 <- ,14
DO COME FROM ,12
DO ,12 SUB #1 <- ,1
PLEASE READ OUT ,2
PLEASE READ OUT ,4
PLEASE READ OUT ,5
PLEASE READ OUT ,6
PLEASE READ OUT ,7
PLEASE READ OUT ,8
PLEASE READ OUT ,9
PLEASE READ OUT ,10
PLEASE READ OUT ,11
PLEASE READ OUT ,12
DO ,15 <- #1
PLEASE GIVE UP
```",1032,0.2,0,0,0,0,0
"Complexity: 4[ 26, 50, 114, 148, 160, 170, 274, 347, 432, 49]",4,0,INTERCAL,181,"```intercal
DO ,1 <- #9
DO ,2 <- #0
DO ,3 <- #26
DO ,4 <- #24
DO ,5 <- #64
DO ,6 <- #34
DO ,7 <- #12
DO ,8 <- #10
DO ,9 <- #104
DO ,10 <- #73
DO ,11 <- #85
DO ,12 <- #65
PLEASE DO ,1 SUB #1 <- ,3
PLEASE DO ,1 SUB #2 <- ,3 PLUS ,4
PLEASE DO ,1 SUB #3 <- ,1 SUB #2 PLUS ,5
PLEASE DO ,1 SUB #4 <- ,1 SUB #3 PLUS ,6
PLEASE DO ,1 SUB #5 <- ,1 SUB #4 PLUS ,7
PLEASE DO ,1 SUB #6 <- ,1 SUB #5 PLUS ,8
PLEASE DO ,1 SUB #7 <- ,1 SUB #6 PLUS ,9
PLEASE DO ,1 SUB #8 <- ,1 SUB #7 PLUS ,10
PLEASE DO ,1 SUB #9 <- ,1 SUB #8 PLUS ,11
PLEASE DO ,1 SUB #10 <- ,1 SUB #9 PLUS ,12
DO ,13 <- #1
PLEASE DO (1000) NEXT
DO ,14 <- #10
DO ,15 <- #1
DO ,16 <- #1
DO ,17 <- #1
PLEASE DO (1001) NEXT
(1000) PLEASE DO ,13 SUB #1 <- #1
DO (1002) NEXT
(1001) PLEASE DO ,14 SUB #1 <- #1
DO (1002) NEXT
(1002) PLEASE DO ,15 SUB #1 <- #1
PLEASE DO ,16 SUB #1 <- #1
PLEASE DO ,17 SUB #1 <- #1
PLEASE DO .1 <- ',1' SUB #1
PLEASE DO .1 <- ',1' SUB #2
PLEASE DO .1 <- ',1' SUB #3
PLEASE DO .1 <- ',1' SUB #4
PLEASE DO .1 <- ',1' SUB #5
PLEASE DO .1 <- ',1' SUB #6
PLEASE DO .1 <- ',1' SUB #7
PLEASE DO .1 <- ',1' SUB #8
PLEASE DO .1 <- ',1' SUB #9
PLEASE DO .1 <- ',1' SUB #10
PLEASE GIVE UP
```",1157,0.2,0,0,0,0,0
"Complexity: 4[ 48, 94, 176, 177, 219, 276, 282, 283, 459, 48]",4,0,INTERCAL,181,"```intercal
DO ,1 <- #48
DO ,2 <- #94
DO ,3 <- #176
DO ,4 <- #177
DO ,5 <- #219
DO ,6 <- #276
DO ,7 <- #282
DO ,8 <- #283
DO ,9 <- #459
DO ,10 <- #488
DO COME FROM (2)
DO (1) NEXT
DO ,11 <- #10
DO ,12 <- #0
PLEASE DO ,12 SUB #1 <- #1
DO (1000) NEXT
DO ,12 SUB #1 <- ',1
DO (1001) NEXT
DO ,12 SUB #2 <- ',2
DO (1002) NEXT
DO ,12 SUB #3 <- ',3
DO (1003) NEXT
DO ,12 SUB #4 <- ',4
DO (1004) NEXT
DO ,12 SUB #5 <- ',5
DO (1005) NEXT
DO ,12 SUB #6 <- ',6
DO (1006) NEXT
DO ,12 SUB #7 <- ',7
DO (1007) NEXT
DO ,12 SUB #8 <- ',8
DO (1008) NEXT
DO ,12 SUB #9 <- ',9
DO (1009) NEXT
DO ,12 SUB #10 <- ',10
DO (1010) NEXT
DO (1) NEXT
PLEASE GIVE UP
```",641,0.2,0,0,0,0,0
"Complexity: 4[ 139, 252, 272, 281, 304, 361, 370, 415, 438, 50]",4,0,INTERCAL,183,"```intercal
DO ,1 <- #9
DO ,2 <- #2
DO ,3 <- #0
DO ,4 <- #139
DO ,5 <- #113
DO ,6 <- #20
DO ,7 <- #9
DO ,8 <- #23
DO ,9 <- #57
DO ,10 <- #9
DO ,11 <- #45
DO ,12 <- #23
DO ,13 <- #62
PLEASE DO ,1 SUB #1 <- #10
DO ,2 SUB #1 <- #11
DO ,3 SUB #1 <- #12
DO ,4 SUB #1 <- #13
DO COME FROM #1
PLEASE DO ,4 SUB #1 <- ',4 SUB #1 + ',5
DO ,5 SUB #1 <- ',5 + ',6
DO ,6 SUB #1 <- ',6 + ',7
DO ,7 SUB #1 <- ',7 + ',8
DO ,8 SUB #1 <- ',8 + ',9
DO ,9 SUB #1 <- ',9 + ',10
DO ,10 SUB #1 <- ',10 + ',11
DO ,11 SUB #1 <- ',11 + ',12
DO ,12 SUB #1 <- ',12 + ',13
DO ,13 SUB #1 <- ',13 + ',2
DO WRITE IN ,4
DO WRITE IN ,4 SUB #1
DO WRITE IN ,4 SUB #2
DO WRITE IN ,4 SUB #3
DO WRITE IN ,4 SUB #4
DO WRITE IN ,4 SUB #5
DO WRITE IN ,4 SUB #6
DO WRITE IN ,4 SUB #7
DO WRITE IN ,4 SUB #8
DO WRITE IN ,4 SUB #9
PLEASE GIVE UP
```",802,0.2,0,0,0,0,0
"Complexity: 4[ 15, 95, 115, 195, 240, 318, 326, 350, 432, 45]",4,0,INTERCAL,181,"```intercal
DO ,1 <- #9
DO ,2 <- #2
DO ,3 <- #1
DO ,4 <- #0
DO ,5 <- #15
DO ,6 <- #95
DO ,7 <- #115
DO ,8 <- #195
DO ,9 <- #240
DO ,10 <- #318
DO ,11 <- #326
DO ,12 <- #350
DO ,13 <- #432
DO ,14 <- #450
DO ,15 SUB #1 <- #10
DO ,16 SUB #1 <- #1
PLEASE DO ,17 SUB #1 <- #1
DO ,18 SUB #1 <- #1
DO ,19 SUB #1 <- #1
DO ,20 SUB #1 <- #1
DO ,21 SUB #1 <- #1
DO ,22 SUB #1 <- #1
DO ,23 SUB #1 <- #1
DO ,24 SUB #1 <- #1
DO ,25 SUB #1 <- #1
DO ,26 SUB #1 <- #1
DO ,27 SUB #1 <- #1
DO ,28 SUB #1 <- #1
DO ,29 SUB #1 <- #1
DO ,30 SUB #1 <- #1
DO ,31 SUB #1 <- #1
DO ,32 SUB #1 <- #1
DO ,33 SUB #1 <- #1
DO ,34 SUB #1 <- #1
DO ,35 SUB #1 <- #1
DO ,36 SUB #1 <- #1
DO ,37 SUB #1 <- #1
DO ,38 SUB #1 <- #1
DO ,39 SUB #1 <- #1
DO ,40 SUB #1 <- #1
DO ,41 SUB #1 <- #1
DO ,42 SUB #1 <- #1
DO ,43 SUB #1 <- #1
DO ,44 SUB #1 <- #1
DO ,45 SUB #1 <- #1
DO ,46 SUB #1 <- #1
DO ,47 SUB #1 <- #1
DO ,48 SUB #1 <- #1
DO ,49 SUB #1 <- #1
DO ,50 SUB #1 <- #1
DO ,51 SUB #1 <- #1
DO ,52 SUB #1 <- #1
DO ,53 SUB #1 <- #1
DO ,54 SUB #1 <- #1
DO ,55 SUB #1 <- #1
DO ,56 SUB #1 <- #1
DO ,57 SUB #1 <- #1
DO ,58 SUB #1 <- #1
DO ,59 SUB #1 <- #1
DO ,60 SUB #1 <- #1
DO ,61 SUB #1 <- #1
DO ,62 SUB #1 <- #1
DO ,63 SUB #1 <- #1
DO ,64 SUB #1 <- #1
DO ,65 SUB #1 <- #1
DO ,66 SUB #1 <- #1
DO ,67 SUB #1 <- #1
DO ,68 SUB #1 <- #1
DO ,69 SUB #1 <- #1
DO ,70 SUB #1 <- #1
DO ,71 SUB #1 <- #1
DO ,72 SUB #1 <- #1
DO ,73 SUB #1 <- #1
DO ,74 SUB #1 <- #1
DO ,75 SUB #1 <- #1
DO ,76 SUB #1 <- #1
DO ,77 SUB #1 <- #1
DO ,78 SUB #1 <- #1
DO ,79 SUB #1 <- #1
DO ,80 SUB #1 <- #1
DO ,81 SUB #1 <- #1
DO ,82 SUB #1 <- #1
DO ,83 SUB #1 <- #1
DO ,84 SUB #1 <- #1
DO ,85 SUB #1 <- #1
DO ,86 SUB #1 <- #1
DO ,87 SUB #1 <- #1
DO ,88 SUB #1 <- #1
DO ,89 SUB #1 <- #1
DO ,90 SUB #1 <- #1
DO ,91 SUB #1 <- #1
DO ,92 SUB #1 <- #1
DO ,93 SUB #1 <- #1
DO ,94 SUB #1 <- #1
DO ,95 SUB #1 <- #1
DO ,96 SUB #1 <- #1
DO ,97 SUB #1 <- #1
DO ,98 SUB #1 <- #1
DO ,99 SUB #1 <- #1
DO ,100 SUB #1 <- #1
PLEASE READ OUT ,5
PLEASE READ OUT ,6
PLEASE READ OUT ,7
PLEASE READ OUT ,8
PLEASE READ OUT ,9
PLEASE READ OUT ,10
PLEASE READ OUT ,11
PLEASE READ OUT ,12
PLEASE READ OUT ,13
PLEASE READ OUT ,14
PLEASE GIVE UP
```",2145,0.2,0,0,0,0,0
"Complexity: 4[ 134, 224, 293, 378, 379, 395, 434, 451, 482, 49]",4,0,INTERCAL,183,"```intercal
DO ,1 <- #9
DO ,2 <- #2
DO ,3 <- #1
DO ,4 <- #3
DO ,5 <- #4
DO ,6 <- #2
DO ,7 <- #2
DO ,8 <- #4
DO ,9 <- #2
DO ,10 <- #9
DO ,11 <- #3
DO ,12 <- #7
DO ,13 <- #8
DO ,14 <- #3
DO ,15 <- #7
DO ,16 <- #9
DO ,17 <- #5
DO ,18 <- #3
DO ,19 <- #9
DO ,20 <- #5
DO COME FROM #5
PLEASE DO ,21 <- #4
DO ,22 <- #3
DO ,23 <- #9
DO ,24 <- #5
DO ,25 <- #4
DO ,26 <- #6
DO ,27 <- #4
DO ,28 <- #3
DO ,29 <- #4
DO ,30 <- #9
DO ,31 <- #6
DO READ OUT ,1
DO READ OUT ,2
DO READ OUT ,3
DO READ OUT ,4
DO READ OUT ,5
DO READ OUT ,6
DO READ OUT ,7
DO READ OUT ,8
DO READ OUT ,9
DO READ OUT ,10
DO READ OUT ,11
DO READ OUT ,12
DO READ OUT ,13
DO READ OUT ,14
DO READ OUT ,15
DO READ OUT ,16
DO READ OUT ,17
DO READ OUT ,18
DO READ OUT ,19
DO READ OUT ,20
DO READ OUT ,21
DO READ OUT ,22
DO READ OUT ,23
DO READ OUT ,24
DO READ OUT ,25
DO READ OUT ,26
DO READ OUT ,27
DO READ OUT ,28
DO READ OUT ,29
DO READ OUT ,30
DO READ OUT ,31
PLEASE GIVE UP
```",934,0.2,0,0,0,0,0
"Complexity: 4[ 23, 93, 142, 145, 245, 266, 296, 317, 428, 49]",4,0,INTERCAL,181,"```intercal
DO ,1 <- #23
DO ,2 <- #70
DO ,3 <- #49
DO ,4 <- #3
DO ,5 <- #100
DO ,6 <- #21
DO ,7 <- #30
DO ,8 <- #21
DO ,9 <- #111
DO ,10 <- #67
DO ,11 <- #1
PLEASE DO ,1 SUB #1 <- ,1
DO ,2 SUB #1 <- ,2
DO ,3 SUB #1 <- ,3
DO ,4 SUB #1 <- ,4
DO ,5 SUB #1 <- ,5
DO ,6 SUB #1 <- ,6
DO ,7 SUB #1 <- ,7
DO ,8 SUB #1 <- ,8
DO ,9 SUB #1 <- ,9
DO ,10 SUB #1 <- ,10
PLEASE DO ,12 <- #10
DO ,13 <- #1
DO ,14 <- #1
PLEASE DO ,15 <- #1
DO ,16 <- #1
DO COME FROM (20)
(1) PLEASE DO ,11 SUB ,13 <- ,1 SUB ,13
DO ,13 <- #2
(2) PLEASE DO ,11 SUB ,13 <- ,2 SUB ,14
DO ,13 <- #3
(3) PLEASE DO ,11 SUB ,13 <- ,3 SUB ,15
DO ,13 <- #4
(4) PLEASE DO ,11 SUB ,13 <- ,4 SUB ,16
DO ,13 <- #5
(5) PLEASE DO ,11 SUB ,13 <- ,5 SUB ,16
DO ,13 <- #6
(6) PLEASE DO ,11 SUB ,13 <- ,6 SUB ,16
DO ,13 <- #7
(7) PLEASE DO ,11 SUB ,13 <- ,7 SUB ,16
DO ,13 <- #8
(8) PLEASE DO ,11 SUB ,13 <- ,8 SUB ,16
DO ,13 <- #9
(9) PLEASE DO ,11 SUB ,13 <- ,9 SUB ,16
DO ,13 <- #10
(10) PLEASE DO ,11 SUB ,13 <- ,10 SUB ,16
PLEASE DO (20) NEXT
(20) PLEASE DO .1 <- ,11 SUB ,12
DO .2 <- ,11 SUB ,12
DO .3 <- ,11 SUB ,12
DO .4 <- ,11 SUB ,12
DO .5 <- ,11 SUB ,12
DO .6 <- ,11 SUB ,12
DO .7 <- ,11 SUB ,12
DO .8 <- ,11 SUB ,12
DO .9 <- ,11 SUB ,12
DO .10 <- ,11 SUB ,12
PLEASE GIVE UP
```",1235,0.2,0,0,0,0,0
"Complexity: 4[ 18, 39, 71, 194, 197, 219, 263, 270, 416, 47]",4,0,INTERCAL,180,"```intercal
DO ,1 <- #18
DO ,2 <- #39
DO ,3 <- #71
DO ,4 <- #194
DO ,5 <- #197
DO ,6 <- #219
DO ,7 <- #263
DO ,8 <- #270
DO ,9 <- #416
DO ,10 <- #473
DO ,11 <- #0
DO COME FROM (2)
(1) PLEASE DO ,1 SUB #1 <- #1
DO ,1 SUB #1 <- #10
DO COME FROM (3)
(2) PLEASE DO ,1 SUB #1 <- #1
DO ,1 SUB #1 <- #9
DO COME FROM (4)
(3) PLEASE DO ,1 SUB #1 <- #1
DO ,1 SUB #1 <- #8
DO COME FROM (5)
(4) PLEASE DO ,1 SUB #1 <- #1
DO ,1 SUB #1 <- #7
DO COME FROM (6)
(5) PLEASE DO ,1 SUB #1 <- #1
DO ,1 SUB #1 <- #6
DO COME FROM (7)
(6) PLEASE DO ,1 SUB #1 <- #1
DO ,1 SUB #1 <- #5
DO COME FROM (8)
(7) PLEASE DO ,1 SUB #1 <- #1
DO ,1 SUB #1 <- #4
DO COME FROM (9)
(8) PLEASE DO ,1 SUB #1 <- #1
DO ,1 SUB #1 <- #3
DO COME FROM (10)
(9) PLEASE DO ,1 SUB #1 <- #1
DO ,1 SUB #1 <- #2
DO COME FROM (11)
(10) PLEASE DO ,1 SUB #1 <- #1
DO ,1 SUB #1 <- #1
PLEASE GIVE UP
```",845,0.2,0,0,0,0,0
"Complexity: 4[ 9, 84, 144, 170, 325, 393, 401, 405, 435, 49]",4,0,INTERCAL,180,"```intercal
DO ,1 <- #9
DO ,2 <- #84
DO ,3 <- #144
DO ,4 <- #170
DO ,5 <- #325
DO ,6 <- #393
DO ,7 <- #401
DO ,8 <- #405
DO ,9 <- #435
DO ,10 <- #497
DO COME FROM #1
PLEASE DO ,1 SUB #1 <- #1
DO ,11 <- #1
PLEASE DO ,11 SUB #1 <- #10
DO ,12 <- #8
DO ,13 <- #13
PLEASE DO ,12 SUB #1 <- #256
DO ,14 <- #256
PLEASE DO ,14 SUB #1 <- #10
DO ,15 <- #8
PLEASE DO ,15 SUB #1 <- #1
DO ,16 <- #1
PLEASE DO ,16 SUB #1 <- #10
DO ,17 <- #8
PLEASE DO ,17 SUB #1 <- #256
DO ,18 <- #256
PLEASE DO ,18 SUB #1 <- #10
DO ,19 <- #8
PLEASE DO ,19 SUB #1 <- #1
DO ,20 <- #1
PLEASE DO ,20 SUB #1 <- #10
DO ,21 <- #8
PLEASE DO ,21 SUB #1 <- #256
DO ,22 <- #256
PLEASE DO ,22 SUB #1 <- #10
DO ,23 <- #8
PLEASE DO ,23 SUB #1 <- #1
DO ,24 <- #1
PLEASE DO ,24 SUB #1 <- #10
DO ,25 <- #8
PLEASE DO ,25 SUB #1 <- #256
DO ,26 <- #256
PLEASE DO ,26 SUB #1 <- #10
DO ,27 <- #8
PLEASE DO ,27 SUB #1 <- #1
DO ,28 <- #1
PLEASE DO ,28 SUB #1 <- #10
DO ,29 <- #8
PLEASE DO ,29 SUB #1 <- #256
DO ,30 <- #256
PLEASE DO ,30 SUB #1 <- #10
DO ,31 <- #8
PLEASE DO ,31 SUB #1 <- #1
DO ,32 <- #1
PLEASE DO ,32 SUB #1 <- #10
DO ,33 <- #8
PLEASE DO ,33 SUB #1 <- #256
DO ,34 <- #256
PLEASE DO ,34 SUB #1 <- #10
DO ,35 <- #8
PLEASE DO ,35 SUB #1 <- #1
DO ,36 <- #1
PLEASE DO ,36 SUB #1 <- #10
DO ,37 <- #8
PLEASE DO ,37 SUB #1 <- #256
DO ,38 <- #256
PLEASE DO ,38 SUB #1 <- #10
DO ,39 <- #8
PLEASE DO ,39 SUB #1 <- #1
DO ,40 <- #1
PLEASE DO ,40 SUB #1 <- #10
DO ,41 <- #8
PLEASE DO ,41 SUB #1 <- #256
DO ,42 <- #256
PLEASE DO ,42 SUB #1 <- #10
DO ,43 <- #8
PLEASE DO ,43 SUB #1 <- #1
DO ,44 <- #1
PLEASE DO ,44 SUB #1 <- #10
DO ,45 <- #8
PLEASE DO ,45 SUB #1 <- #256
DO ,46 <- #256
PLEASE DO ,46 SUB #1 <- #10
DO ,47 <- #8
PLEASE DO ,47 SUB #1 <- #1
DO ,48 <- #1
PLEASE DO ,48 SUB #1 <- #10
DO ,49 <- #8
PLEASE DO ,49 SUB #1 <- #256
DO ,50 <- #256
PLEASE DO ,50 SUB #1 <- #10
DO ,51 <- #8
PLEASE DO ,51 SUB #1 <- #1
DO ,52 <- #1
PLEASE DO ,52 SUB #1 <- #10
DO ,53 <- #8
PLEASE DO ,53 SUB #1 <- #256
DO ,54 <- #256
PLEASE DO ,54 SUB #1 <- #10
DO ,55 <- #8
PLEASE DO ,55 SUB #1 <- #1
DO ,56 <- #1
PLEASE DO ,56 SUB #1 <- #10
DO ,57 <- #8
PLEASE DO ,57 SUB #1 <- #256
DO ,58 <- #256
PLEASE DO ,58 SUB #1 <- #10
DO ,59 <- #8
PLEASE DO ,59 SUB #1 <- #1
DO ,60 <- #1
PLEASE DO ,60 SUB #1 <- #10
DO ,61 <- #8
PLEASE DO ,61 SUB #1 <- #256
DO ,62 <- #256
PLEASE DO ,62 SUB #1 <- #10
DO ,63 <- #8
PLEASE DO ,63 SUB #1 <- #1
DO ,64 <- #1
PLEASE DO ,64 SUB #1 <- #10
DO ,65 <- #8
PLEASE DO ,65 SUB #1 <- #256
DO ,66 <- #256
PLEASE DO ,66 SUB #1 <- #10
DO ,67 <- #8
PLEASE DO ,67 SUB #1 <- #1
DO ,68 <- #1
PLEASE DO ,68 SUB #1 <- #10
DO ,69 <- #8
PLEASE DO ,69 SUB #1 <- #256
DO ,70 <- #256
PLEASE DO ,70 SUB #1 <- #10
DO ,71 <- #8
PLEASE DO ,71 SUB #1 <- #1
DO ,72 <- #1
PLEASE DO ,72 SUB #1 <- #10
DO ,73 <- #8
PLEASE DO ,73 SUB #1 <- #256
DO ,74 <- #256
PLEASE DO ,74 SUB #1 <- #10
DO ,75 <- #8
PLEASE DO ,75 SUB #1 <- #1
DO ,76 <- #1
PLEASE DO ,76 SUB #1 <- #10
DO ,77 <- #8
PLEASE DO ,77 SUB #1 <- #256
DO ,78 <- #256
PLEASE DO ,78 SUB #1 <- #10
DO ,79 <- #8
PLEASE DO ,79 SUB #1 <- #1
DO ,80 <- #1
PLEASE DO ,80 SUB #1 <- #10
DO ,81 <- #8
PLEASE DO ,81 SUB #1 <- #256
DO ,82 <- #256
PLEASE DO ,82 SUB #1 <- #10
DO ,83 <- #8
PLEASE DO ,83 SUB #1 <- #1
DO ,84 <- #1
PLEASE DO ,84 SUB #1 <- #10
DO ,85 <- #8
PLEASE DO ,85 SUB #1 <- #256
DO ,86 <- #256
PLEASE DO ,86 SUB #1 <- #10
DO ,87 <- #8
PLEASE DO ,87 SUB #1 <- #1
DO ,88 <- #1
PLEASE DO ,88 SUB #1 <- #10
DO ,89 <- #8
PLEASE DO ,89 SUB #1 <- #256
DO ,90 <- #256
PLEASE DO ,90 SUB #1 <- #10
DO ,91 <- #8
PLEASE DO ,91 SUB #1 <- #1
DO ,92 <- #1
PLEASE DO ,92 SUB #1 <- #10
DO ,93 <- #8
PLEASE DO ,93 SUB #1 <- #256
DO ,94 <- #256
PLEASE DO ,94 SUB #1 <- #10
DO ,95 <- #8
PLEASE DO ,95 SUB #1 <- #1
DO ,96 <- #1
PLEASE DO ,96 SUB #1 <- #10
DO ,97 <- #8
PLEASE DO ,97 SUB #1 <- #256
DO ,98 <- #256
PLEASE DO ,98 SUB #1 <- #10
DO ,99 <- #8
PLEASE DO ,99 SUB #1 <- #1
DO ,100 <- #1
PLEASE DO ,100 SUB #1 <- #10
DO ,101 <- #8
PLEASE DO ,101 SUB #1 <- #256
DO ,102 <- #256
PLEASE DO ,102 SUB #1 <- #10
DO ,103 <- #8
PLEASE DO ,103 SUB #1 <- #1
DO ,104 <- #1
PLEASE DO ,104 SUB #1 <- #10
DO ,105 <- #8
PLEASE DO ,105 SUB #1 <- #256
DO ,106 <- #256
PLEASE DO ,106 SUB #1 <- #10
DO ,107 <- #8
PLEASE DO ,107 SUB #1 <- #1
DO ,108 <- #1
PLEASE DO ,108 SUB #1 <- #10
DO ,109 <- #8
PLEASE DO ,109 SUB #1 <- #256
DO ,110 <- #256
PLEASE DO ,110 SUB #1 <- #10
DO ,111 <- #8
PLEASE DO ,111 SUB #1 <- #1
DO ,112 <- #1
PLEASE DO ,112 SUB #1 <- #10
DO ,113 <- #8
PLEASE DO ,113 SUB #1 <- #256
DO ,114 <- #256
PLEASE DO ,114 SUB #1 <- #10
DO ,115 <- #8
PLEASE DO ,115 SUB #1 <- #1
DO ,116 <- #1
PLEASE DO ,116 SUB #1 <- #10
DO ,117 <- #8
PLEASE DO ,117 SUB #1 <- #256
DO ,118 <- #256
PLEASE DO ,118 SUB #1 <- #10
DO ,119 <- #8
PLEASE DO ,119 SUB #1 <- #1
DO ,120 <- #1
PLEASE DO ,120 SUB #1 <- #10
DO ,121 <- #8
PLEASE DO ,121 SUB #1 <- #256
DO ,122 <- #256
PLEASE DO ,122 SUB #1 <- #10
DO ,123 <- #8
PLEASE DO ,123 SUB #1 <- #1
DO ,124 <- #1
PLEASE DO ,124 SUB #1 <- #10
DO ,125 <- #8
PLEASE DO ,125 SUB #1 <- #256
DO ,126 <- #256
PLEASE DO ,126 SUB #1 <- #10
DO ,127 <- #8
PLEASE DO ,127 SUB #1 <- #1
DO ,128 <- #1
PLEASE DO ,128 SUB #1 <- #10
DO ,129 <- #8
PLEASE DO ,129 SUB #1 <- #256
DO ,130 <- #256
PLEASE DO ,130 SUB #1 <- #10
DO ,131 <- #8
PLEASE DO ,131 SUB #1 <- #1
DO ,132 <- #1
PLEASE DO ,132 SUB #1 <- #10
DO ,133 <- #8
PLEASE DO ,133 SUB #1 <- #256
DO ,134 <- #256
PLEASE DO ,134 SUB #1 <- #10
DO ,135 <- #8
PLEASE DO ,135 SUB #1 <- #1
DO ,136 <- #1
PLEASE DO ,136 SUB #1 <- #10
DO ,137 <- #8
PLEASE DO ,137 SUB #1 <- #256
DO ,138 <- #256
PLEASE DO ,138 SUB #1 <- #10
DO ,139 <- #8
PLEASE DO ,139 SUB #1 <- #1
DO ,140 <- #1
PLEASE DO ,140 SUB #1 <- #10
DO ,141 <- #8
PLEASE DO ,141 SUB #1 <- #256
DO ,142 <- #256
PLEASE DO ,142 SUB #1 <- #10
DO ,143 <- #8
PLEASE DO ,143 SUB #1 <- #1
DO ,144 <- #1
PLEASE DO ,144 SUB #1 <- #10
DO ,145 <- #8
PLEASE DO ,145 SUB #1 <- #256
DO ,146 <- #256
PLEASE DO ,146 SUB #1 <- #10
DO ,147 <- #8
PLEASE DO ,147 SUB #1 <- #1
DO ,148 <- #1
PLEASE DO ,148 SUB #1 <- #10
DO ,149 <- #8
PLEASE DO ,149 SUB #1 <- #256
DO ,150 <- #256
PLEASE DO ,150 SUB #1 <- #10
DO ,151 <- #8
PLEASE DO ,151 SUB #1 <- #1
DO ,152 <- #1
PLEASE DO ,152 SUB #1 <- #10
DO ,153 <- #8
PLEASE DO ,153 SUB #1 <- #256
DO ,154 <- #256
PLEASE DO ,154 SUB #1 <- #10
DO ,155 <- #8
PLEASE DO ,155 SUB #1 <- #1
DO ,156 <- #1
PLEASE DO ,156 SUB #1 <- #10
DO ,157 <- #8
PLEASE DO ,157 SUB #1 <- #256
DO ,158 <- #256
PLEASE DO ,158 SUB #1 <- #10
DO ,159 <- #8
PLEASE DO ,159 SUB #1 <- #1
DO ,160 <- #1
PLEASE DO ,160 SUB #1 <- #10
DO ,161 <- #8
PLEASE DO ,161 SUB #1 <- #256
DO ,162 <- #256
PLEASE DO ,162 SUB #1 <- #10
DO ,163 <- #8
PLEASE DO ,163 SUB #1 <- #1
DO ,164 <- #1
PLEASE DO ,164 SUB #1 <- #10
DO ,165 <- #8
PLEASE DO ,165 SUB #1 <- #256
DO ,166 <- #256
PLEASE DO ,166 SUB #1 <- #10
DO ,167 <- #8
PLEASE DO ,167 SUB #1 <- #1
DO ,168 <- #1
PLEASE DO ,168 SUB #1 <- #10
DO ,169 <- #8
PLEASE DO ,169 SUB #1 <- #256
DO ,170 <- #256
PLEASE DO ,170 SUB #1 <- #10
DO ,171 <- #8
PLEASE DO ,171 SUB #1 <- #1
DO ,172 <- #1
PLEASE DO ,172 SUB #1 <- #10
DO ,173 <- #8
PLEASE DO ,173 SUB #1 <- #256
DO ,174 <- #256
PLEASE DO ,174 SUB #1 <- #10
DO ,175 <- #8
PLEASE DO ,175 SUB #1 <- #1
DO ,176 <- #1
PLEASE DO ,176 SUB #1 <- #10
DO ,177 <- #8
PLEASE DO ,177 SUB #1 <- #256
DO ,178 <- #256
PLEASE DO ,178 SUB #1 <- #10
DO ,179 <- #8
PLEASE DO ,179 SUB #1 <- #1
DO ,180 <- #1
PLEASE DO ,180 SUB #1 <- #10
DO ,181 <- #8
PLEASE DO ,181 SUB #1 <- #256
DO ,182 <- #256
PLEASE DO ,182 SUB #1 <- #10
DO ,183 <- #8
PLEASE DO ,183 SUB #1 <- #1
DO ,184 <- #1
PLEASE DO ,184 SUB #1 <- #10
DO ,185 <- #8
PLEASE DO ,185 SUB #1 <- #256
DO ,186 <- #256
PLEASE DO ,186 SUB #1 <- #10
DO ,187 <- #8
PLEASE DO ,187 SUB #1 <- #1
DO ,188 <- #1
PLEASE DO ,188 SUB #1 <- #10
DO ,189 <- #8
PLEASE DO ,189 SUB #1 <- #256
DO ,190 <- #256
PLEASE DO ,190 SUB #1 <- #10
DO ,191 <- #8
PLEASE DO ,191 SUB #1 <- #1
DO ,192 <- #1
PLEASE DO ,192 SUB #1 <- #10
DO ,193 <- #8
PLEASE DO ,193 SUB #1 <- #256
DO ,194 <- #256
PLEASE DO ,194 SUB #1 <- #10
DO ,195 <- #8
PLEASE DO ,195 SUB #1 <- #1
DO ,196 <- #1
PLEASE DO ,196 SUB #1 <- #10
DO ,197 <- #8
PLEASE DO ,197 SUB #1 <- #256
DO ,198 <- #256
PLEASE DO ,198 SUB #1 <- #10
DO ,199 <- #8
PLEASE DO ,199 SUB #1 <- #1
DO ,200 <- #1
PLEASE DO ,200 SUB #1 <- #10
DO ,201 <- #8
PLEASE DO ,201 SUB #1 <- #256
DO ,202 <- #256
PLEASE DO ,202 SUB #1 <- #10
DO ,203 <- #8
PLEASE DO ,203 SUB #1 <- #1
DO ,204 <- #1
PLEASE DO ,204 SUB #1 <- #10
DO ,205 <- #8
PLEASE DO ,205 SUB #1 <- #256
DO ,206 <- #256
PLEASE DO ,206 SUB #1 <- #10
DO ,207 <- #8
PLEASE DO ,207 SUB #1 <- #1
DO ,208 <- #1
PLEASE DO ,208 SUB #1 <- #10
DO ,209 <- #8
PLEASE DO ,209 SUB #1 <- #256
DO ,210 <- #256
PLEASE DO ,210 SUB #1 <- #10
DO ,211 <- #8
PLEASE DO ,211 SUB #1 <- #1
DO ,212 <- #1
PLEASE DO ,212 SUB #1 <- #10
DO ,213 <- #8
PLEASE DO ,213 SUB #1 <- #256
DO ,214 <- #256
PLEASE DO ,214 SUB #1 <- #10
DO ,215 <- #8
PLEASE DO ,215 SUB #1 <- #1
DO ,216 <- #1
PLEASE DO ,216 SUB #1 <- #10
DO ,217 <- #8
PLEASE DO ,217 SUB #1 <- #256
DO ,218 <- #256
PLEASE DO ,218 SUB #1 <- #10
DO ,219 <- #8
PLEASE DO ,219 SUB #1 <- #1
DO ,220 <- #1
PLEASE DO ,220 SUB #1 <- #10
DO ,221 <- #8
PLEASE DO ,221 SUB #1 <- #256
DO ,222 <- #256
PLEASE DO ,222 SUB #1 <- #10
DO ,223 <- #8
PLEASE DO ,223 SUB #1 <- #1
DO ,224 <- #1
PLEASE DO ,224 SUB #1 <- #10
DO ,225 <- #8
PLEASE DO ,225 SUB #1 <- #256
DO ,226 <- #256
PLEASE DO ,226 SUB #1 <- #10
DO ,227 <- #8
PLEASE DO ,227 SUB #1 <- #1
DO ,228 <- #1
PLEASE DO ,228 SUB #1 <- #10
DO ,229 <- #8
PLEASE DO ,229 SUB #1 <- #256
DO ,230 <- #256
PLEASE DO ,230 SUB #1 <- #10
DO ,231 <- #8
PLEASE DO ,231 SUB #1 <- #1
DO ,232 <- #1
PLEASE DO ,232 SUB #1 <- #10
DO ,233 <- #8
PLEASE DO ,233 SUB #1 <- #256
DO",9689,0.2,0,0,0,0,0
"Complexity: 4[ 26, 40, 202, 267, 282, 340, 359, 408, 410, 49]",4,0,INTERCAL,181,"```intercal
DO ,1 <- #9
DO ,2 <- #26
DO ,3 <- #14
DO ,4 <- #162
DO ,5 <- #65
DO ,6 <- #15
DO ,7 <- #58
DO ,8 <- #19
DO ,9 <- #49
DO ,10 <- #2
DO ,11 <- #85
PLEASE DO ,1 SUB #1 <- ,2
PLEASE DO ,1 SUB #2 <- ,2 PLUS ,3
PLEASE DO ,1 SUB #3 <- ,2 PLUS ,3 PLUS ,4
PLEASE DO ,1 SUB #4 <- ,2 PLUS ,3 PLUS ,4 PLUS ,5
PLEASE DO ,1 SUB #5 <- ,2 PLUS ,3 PLUS ,4 PLUS ,5 PLUS ,6
PLEASE DO ,1 SUB #6 <- ,2 PLUS ,3 PLUS ,4 PLUS ,5 PLUS ,6 PLUS ,7
PLEASE DO ,1 SUB #7 <- ,2 PLUS ,3 PLUS ,4 PLUS ,5 PLUS ,6 PLUS ,7 PLUS ,8
PLEASE DO ,1 SUB #8 <- ,2 PLUS ,3 PLUS ,4 PLUS ,5 PLUS ,6 PLUS ,7 PLUS ,8 PLUS ,9
PLEASE DO ,1 SUB #9 <- ,2 PLUS ,3 PLUS ,4 PLUS ,5 PLUS ,6 PLUS ,7 PLUS ,8 PLUS ,9 PLUS ,10
PLEASE DO ,1 SUB #10 <- ,2 PLUS ,3 PLUS ,4 PLUS ,5 PLUS ,6 PLUS ,7 PLUS ,8 PLUS ,9 PLUS ,10 PLUS ,11
DO ,12 <- #1
PLEASE DO (1234) NEXT
```",818,0.2,0,0,0,0,0
"Complexity: 4[ 34, 92, 164, 165, 209, 296, 414, 456, 467, 49]",4,0,INTERCAL,181,"```intercal
DO ,1 <- #34
DO ,2 <- #92
DO ,3 <- #164
DO ,4 <- #165
DO ,5 <- #209
DO ,6 <- #296
DO ,7 <- #414
DO ,8 <- #456
DO ,9 <- #467
DO ,10 <- #494
DO ,11 <- #0
DO COME FROM (2)
(1) DO ,1 SUB #1 <- #10
DO ,12 <- #1
PLEASE DO ,13 <- #0
DO (2) NEXT
DO (3) NEXT
(2) DO (4) NEXT
DO ,13 SUB #1 <- ,12
DO ,12 <- #0
DO (5) NEXT
(3) DO (6) NEXT
DO ,13 SUB #1 <- ,12
DO ,12 <- #0
DO (7) NEXT
(4) DO (8) NEXT
DO ,13 SUB #1 <- ,12
DO ,12 <- #0
DO (9) NEXT
(5) DO (10) NEXT
DO ,13 SUB #1 <- ,12
DO ,12 <- #0
DO (11) NEXT
(6) DO (12) NEXT
DO ,13 SUB #1 <- ,12
DO ,12 <- #0
DO (13) NEXT
(7) DO (14) NEXT
DO ,13 SUB #1 <- ,12
DO ,12 <- #0
DO (15) NEXT
(8) DO (16) NEXT
DO ,13 SUB #1 <- ,12
DO ,12 <- #0
DO (17) NEXT
(9) DO (18) NEXT
DO ,13 SUB #1 <- ,12
DO ,12 <- #0
DO (19) NEXT
(10) DO (20) NEXT
DO ,13 SUB #1 <- ,12
DO ,12 <- #0
DO (21) NEXT
(11) DO (22) NEXT
DO ,13 SUB #1 <- ,12
DO ,12 <- #0
DO (23) NEXT
(12) DO (24) NEXT
DO ,13 SUB #1 <- ,12
DO ,12 <- #0
DO (25) NEXT
(13) DO (26) NEXT
DO ,13 SUB #1 <- ,12
DO ,12 <- #0
DO (27) NEXT
(14) DO (28) NEXT
DO ,13 SUB #1 <- ,12
DO ,12 <- #0
DO (29) NEXT
(15) DO (30) NEXT
DO ,13 SUB #1 <- ,12
DO ,12 <- #0
DO (31) NEXT
(16) DO (32) NEXT
DO ,13 SUB #1 <- ,12
DO ,12 <- #0
DO (33) NEXT
(17) DO (34) NEXT
DO ,13 SUB #1 <- ,12
DO ,12 <- #0
DO (35) NEXT
(18) DO (36) NEXT
DO ,13 SUB #1 <- ,12
DO ,12 <- #0
DO (37) NEXT
(19) DO (38) NEXT
DO ,13 SUB #1 <- ,12
DO ,12 <- #0
DO (39) NEXT
(20) DO (40) NEXT
DO ,13 SUB #1 <- ,12
DO ,12 <- #0
DO (41) NEXT
(21) DO (42) NEXT
DO ,13 SUB #1 <- ,12
DO ,12 <- #0
DO (43) NEXT
(22) DO (44) NEXT
DO ,13 SUB #1 <- ,12
DO ,12 <- #0
DO (45) NEXT
(23) DO (46) NEXT
DO ,13 SUB #1 <- ,12
DO ,12 <- #0
DO (47) NEXT
(24) DO (48) NEXT
DO ,13 SUB #1 <- ,12
DO ,12 <- #0
DO (49) NEXT
(25) DO (50) NEXT
DO ,13 SUB #1 <- ,12
DO ,12 <- #0
DO (51) NEXT
(26) DO (52) NEXT
DO ,13 SUB #1 <- ,12
DO ,12 <- #0
DO (53) NEXT
(27) DO (54) NEXT
DO ,13 SUB #1 <- ,12
DO ,12 <- #0
DO (55) NEXT
(28) DO (56) NEXT
DO ,13 SUB #1 <- ,12
DO ,12 <- #0
DO (57) NEXT
(29) DO (58) NEXT
DO ,13 SUB #1 <- ,12
DO ,12 <- #0
DO (59) NEXT
(30) DO (60) NEXT
DO ,13 SUB #1 <- ,12
DO ,12 <- #0
DO (61) NEXT
(31) DO (62) NEXT
DO ,13 SUB #1 <- ,12
DO ,12 <- #0
DO (63) NEXT
(32) DO (64) NEXT
DO ,13 SUB #1 <- ,12
DO ,12 <- #0
DO (65) NEXT
(33) DO (66) NEXT
DO ,13 SUB #1 <- ,12
DO ,12 <- #0
DO (67) NEXT
(34) DO (68) NEXT
DO ,13 SUB #1 <- ,12
DO ,12 <- #0
DO (69) NEXT
(35) DO (70) NEXT
DO ,13 SUB #1 <- ,12
DO ,12 <- #0
DO (71) NEXT
(36) DO (72) NEXT
DO ,13 SUB #1 <- ,12
DO ,12 <- #0
DO (73) NEXT
(37) DO (74) NEXT
DO ,13 SUB #1 <- ,12
DO ,12 <- #0
DO (75) NEXT
(38) DO (76) NEXT
DO ,13 SUB #1 <- ,12
DO ,12 <- #0
DO (77) NEXT
(39) DO (78) NEXT
DO ,13 SUB #1 <- ,12
DO ,12 <- #0
DO (79) NEXT
(40) DO (80) NEXT
DO ,13 SUB #1 <- ,12
DO ,12 <- #0
DO (81) NEXT
(41) DO (82) NEXT
DO ,13 SUB #1 <- ,12
DO ,12 <- #0
DO (83) NEXT
(42) DO (84) NEXT
DO ,13 SUB #1 <- ,12
DO ,12 <- #0
DO (85) NEXT
(43) DO (86) NEXT
DO ,13 SUB #1 <- ,12
DO ,12 <- #0
DO (87) NEXT
(44) DO (88) NEXT
DO ,13 SUB #1 <- ,12
DO ,12 <- #0
DO (89) NEXT
(45) DO (90) NEXT
DO ,13 SUB #1 <- ,12
DO ,12 <- #0
DO (91) NEXT
(46) DO (92) NEXT
DO ,13 SUB #1 <- ,12
DO ,12 <- #0
DO (93) NEXT
(47) DO (94) NEXT
DO ,13 SUB #1 <- ,12
DO ,12 <- #0
DO (95) NEXT
(48) DO (96) NEXT
DO ,13 SUB #1 <- ,12
DO ,12 <- #0
DO (97) NEXT
(49) DO (98) NEXT
DO ,13 SUB #1 <- ,12
DO ,12 <- #0
DO (99) NEXT
(50) DO (100) NEXT
DO ,13 SUB #1 <- ,12
DO ,12 <- #0
DO (101) NEXT
(51) DO (102) NEXT
DO ,13 SUB #1 <- ,12
DO ,12 <- #0
DO (103) NEXT
(52) DO (104) NEXT
DO ,13 SUB #1 <- ,12
DO ,12 <- #0
DO (105) NEXT
(53) DO (106) NEXT
DO ,13 SUB #1 <- ,12
DO ,12 <- #0
DO (107) NEXT
(54) DO (108) NEXT
DO ,13 SUB #1 <- ,12
DO ,12 <- #0
DO (109) NEXT
(55) DO (110) NEXT
DO ,13 SUB #1 <- ,12
DO ,12 <- #0
DO (111) NEXT
(56) DO (112) NEXT
DO ,13 SUB #1 <- ,12
DO ,12 <- #0
DO (113) NEXT
(57) DO (114) NEXT
DO ,13 SUB #1 <- ,12
DO ,12 <- #0
DO (115) NEXT
(58) DO (116) NEXT
DO ,13 SUB #1 <- ,12
DO ,12 <- #0
DO (117) NEXT
(59) DO (118) NEXT
DO ,13 SUB #1 <- ,12
DO ,12 <- #0
DO (119) NEXT
(60) DO (120) NEXT
DO ,13 SUB #1 <- ,12
DO ,12 <- #0
DO (121) NEXT
(61) DO (122) NEXT
DO ,13 SUB #1 <- ,12
DO ,12 <- #0
DO (123) NEXT
(62) DO (124) NEXT
DO ,13 SUB #1 <- ,12
DO ,12 <- #0
DO (125) NEXT
(63) DO (126) NEXT
DO ,13 SUB #1 <- ,12
DO ,12 <- #0
DO (127) NEXT
(64) DO (128) NEXT
DO ,13 SUB #1 <- ,12
DO ,12 <- #0
DO (129) NEXT
(65) DO (130) NEXT
DO ,13 SUB #1 <- ,12
DO ,12 <- #0
DO (131) NEXT
(66) DO (132) NEXT
DO ,13 SUB #1 <- ,12
DO ,12 <- #0
DO (133) NEXT
(67) DO (134) NEXT
DO ,13 SUB #1 <- ,12
DO ,12 <- #0
DO (135) NEXT
(68) DO (136) NEXT
DO ,13 SUB #1 <- ,12
DO ,12 <- #0
DO (137) NEXT
(69) DO (138) NEXT
DO ,13 SUB #1 <- ,12
DO ,12 <- #0
DO (139) NEXT
(70) DO (140) NEXT
DO ,13 SUB #1 <- ,12
DO ,12 <- #0
DO (141) NEXT
(71) DO (142) NEXT
DO ,13 SUB #1 <- ,12
DO ,12 <- #0
DO (143) NEXT
(72) DO (144) NEXT
DO ,13 SUB #1 <- ,12
DO ,12 <- #0
DO (145) NEXT
(73) DO (146) NEXT
DO ,13 SUB #1 <- ,12
DO ,12 <- #0
DO (147) NEXT
(74) DO (148) NEXT
DO ,13 SUB #1 <- ,12
DO ,12 <- #0
DO (149) NEXT
(75) DO (150) NEXT
DO ,13 SUB #1 <- ,12
DO ,12 <- #0
DO (151) NEXT
(76) DO (152) NEXT
DO ,13 SUB #1 <- ,12
DO ,12 <- #0
DO (153) NEXT
(77) DO (154) NEXT
DO ,13 SUB #1 <- ,12
DO ,12 <- #0
DO (155) NEXT
(78) DO (156) NEXT
DO ,13 SUB #1 <- ,12
DO ,12 <- #0
DO (157) NEXT
(79) DO (158) NEXT
DO ,13 SUB #1 <- ,12
DO ,12 <- #0
DO (159) NEXT
(80) DO (160) NEXT
DO ,13 SUB #1 <- ,12
DO ,12 <- #0
DO (161) NEXT
(81) DO (162) NEXT
DO ,13 SUB #1 <- ,12
DO ,12 <- #0
DO (163) NEXT
(82) DO (164) NEXT
DO ,13 SUB #1 <- ,12
DO ,12 <- #0
DO (165) NEXT
(83) DO (166) NEXT
DO ,13 SUB #1 <- ,12
DO ,12 <- #0
DO (167) NEXT
(84) DO (168) NEXT
DO ,13 SUB #1 <- ,12
DO ,12 <- #0
DO (169) NEXT
(85) DO (170) NEXT
DO ,13 SUB #1 <- ,12
DO ,12 <- #0
DO (171) NEXT
(86) DO (172) NEXT
DO ,13 SUB #1 <- ,12
DO ,12 <- #0
DO (173) NEXT
(87) DO (174) NEXT
DO ,13 SUB #1 <- ,12
DO ,12 <- #0
DO (175) NEXT
(88) DO (176) NEXT
DO ,13 SUB #1 <- ,12
DO ,12 <- #0
DO (177) NEXT
(89) DO (178) NEXT
DO ,13 SUB #1 <- ,12
DO ,12 <- #0
DO (179) NEXT
(90) DO (180) NEXT
DO ,13 SUB #1 <- ,12
DO ,12 <- #0
DO (181) NEXT
(91) DO (182) NEXT
DO ,13 SUB #1 <- ,12
DO ,12 <- #0
DO (183) NEXT
(92) DO (184) NEXT
DO ,13 SUB #1 <- ,12
DO ,12 <- #0
DO (185) NEXT
(93) DO (186) NEXT
DO ,13 SUB #1 <- ,12
DO ,12 <- #0
DO (187) NEXT
(94) DO (188) NEXT
DO ,13 SUB #1 <- ,12
DO ,12 <- #0
DO (189) NEXT
(95) DO (190) NEXT
DO ,13 SUB #1 <- ,12
DO ,12 <- #0
DO (191) NEXT
(96) DO (192) NEXT
DO ,13 SUB #1 <- ,12
DO ,12 <- #0
DO (193) NEXT
(97) DO (194) NEXT
DO ,13 SUB #1 <- ,12
DO ,12 <- #0
DO (195) NEXT
(98) DO (196) NEXT
DO ,13 SUB #1 <- ,12
DO ,12 <- #0
DO (197) NEXT
(99) DO (198) NEXT
DO ,13 SUB #1 <- ,12
DO ,12 <- #0
DO (199) NEXT
(100) DO (200) NEXT
DO ,13 SUB #1 <- ,12
DO ,12 <- #0
DO (201) NEXT
(101) DO (202) NEXT
DO ,13 SUB #1 <- ,12
DO ,12 <- #0
DO (203) NEXT
(102) DO (204) NEXT
DO ,13 SUB #1 <- ,12
DO ,12 <- #0
DO (205) NEXT
(103) DO (206) NEXT
DO ,13 SUB #1 <- ,12
DO ,12 <- #0
DO (207) NEXT
(104) DO (208) NEXT
DO ,13 SUB #1 <- ,12
DO ,12 <- #0
DO (209) NEXT
(105) DO (210) NEXT
DO ,13 SUB #1 <- ,12
DO ,12 <- #0
DO (211) NEXT
(106) DO (212) NEXT
DO ,13 SUB #1 <- ,12
DO ,12 <- #0
DO (213) NEXT
(107) DO (214) NEXT
DO ,13 SUB #1 <- ,12
DO ,12 <- #0
DO (215) NEXT
(108) DO (216) NEXT
DO ,13 SUB #1 <- ,12
DO ,12 <- #0
DO (217) NEXT
(109) DO (218) NEXT
DO ,13 SUB #1 <- ,12
DO ,12 <- #0
DO (219) NEXT
(110) DO (220) NEXT
DO ,13 SUB #1 <- ,12
DO ,12 <- #0
DO (221) NEXT
(111) DO (222) NEXT
DO ,13 SUB #1 <- ,12
DO ,12 <- #0
DO (223) NEXT
(112) DO (224) NEXT
DO ,13 SUB #1 <- ,12
DO ,12 <- #0
DO (225) NEXT
(113) DO (226) NEXT
DO ,13 SUB #1 <- ,12
DO ,12 <- #0
DO (227) NEXT
(114) DO (228) NEXT
DO ,13 SUB #1 <- ,12
DO ,12 <- #0
DO (229) NEXT
(115) DO (230) NEXT
DO ,13 SUB #1 <- ,12
DO ,12 <- #0
DO (231) NEXT
(116) DO (232) NEXT
DO ,13 SUB #1 <- ,12
DO ,12 <- #0
DO (233) NEXT
(117) DO (234) NEXT
DO ,13 SUB #1 <- ,12
DO ,12 <- #0
DO (235) NEXT
(118) DO (236) NEXT
DO ,13 SUB #1 <- ,12
DO ,12 <- #0
DO (237) NEXT
(119) DO (238) NEXT
DO ,13 SUB #1 <- ,12
DO ,12 <- #0
DO (239) NEXT
(120) DO (240) NEXT
DO ,13 SUB #1 <- ,12
DO ,12 <- #0
DO (241) NEXT
(121) DO (242) NEXT
DO ,13 SUB #1 <- ,12
DO ,12 <- #0
DO (243) NEXT
(122) DO (244) NEXT
DO ,13 SUB #1 <- ,12
DO ,12 <- #0
DO (245) NEXT
(123) DO (246) NEXT
DO ,13 SUB #1 <- ,12
DO ,12 <- #0
DO (247) NEXT
(124) DO (248) NEXT
DO ,13 SUB #1 <- ,12
DO ,12 <- #0
DO (249) NEXT
(125) DO (250) NEXT
DO ,13 SUB #1 <- ,12
DO ,12 <- #0
DO (251) NEXT
",8486,0.2,0,0,0,0,0
"Complexity: 4[ 16, 119, 121, 123, 135, 139, 285, 311, 409, 41]",4,0,INTERCAL,182,"```intercal
DO ,1 <- #16
DO ,2 <- #119
DO ,3 <- #121
DO ,4 <- #123
DO ,5 <- #135
DO ,6 <- #139
DO ,7 <- #285
DO ,8 <- #311
DO ,9 <- #409
DO ,10 <- #412
DO ,11 <- #10
DO COME FROM (2)
DO (1) NEXT
DO (2) NEXT
DO (3) NEXT
DO (4) NEXT
DO (5) NEXT
DO (6) NEXT
DO (7) NEXT
DO (8) NEXT
DO (9) NEXT
DO (10) NEXT
DO (11) NEXT
PLEASE READ OUT ,1
PLEASE READ OUT ,2
PLEASE READ OUT ,3
PLEASE READ OUT ,4
PLEASE READ OUT ,5
PLEASE READ OUT ,6
PLEASE READ OUT ,7
PLEASE READ OUT ,8
PLEASE READ OUT ,9
PLEASE READ OUT ,10
PLEASE GIVE UP
```",526,0.2,0,0,0,0,0
"Complexity: 4[ 8, 11, 12, 103, 116, 196, 247, 254, 389, 42]",4,0,INTERCAL,179,"```intercal
DO ,1 <- #8
DO ,2 <- #11
DO ,3 <- #12
DO ,4 <- #103
DO ,5 <- #116
DO ,6 <- #196
DO ,7 <- #247
DO ,8 <- #254
DO ,9 <- #389
DO ,10 <- #427
DO ,11 <- #0
DO COME FROM (2)
(1) PLEASE DO ,11 SUB #1 <- #1
DO (1) NEXT
DO COME FROM (3)
(2) PLEASE DO ,11 SUB #1 <- #2
DO (1) NEXT
DO COME FROM (4)
(3) PLEASE DO ,11 SUB #1 <- #3
DO (1) NEXT
DO COME FROM (5)
(4) PLEASE DO ,11 SUB #1 <- #4
DO (1) NEXT
DO COME FROM (6)
(5) PLEASE DO ,11 SUB #1 <- #5
DO (1) NEXT
DO COME FROM (7)
(6) PLEASE DO ,11 SUB #1 <- #6
DO (1) NEXT
DO COME FROM (8)
(7) PLEASE DO ,11 SUB #1 <- #7
DO (1) NEXT
DO COME FROM (9)
(8) PLEASE DO ,11 SUB #1 <- #8
DO (1) NEXT
DO COME FROM (10)
(9) PLEASE DO ,11 SUB #1 <- #9
DO (1) NEXT
DO COME FROM (11)
(10) PLEASE DO ,11 SUB #1 <- #10
DO (1) NEXT
PLEASE GIVE UP
```",784,0.2,0,0,0,0,0
"Complexity: 4[ 12, 36, 96, 119, 171, 213, 221, 232, 363, 45]",4,0,INTERCAL,180,"```intercal
DO ,1 <- #12
DO ,2 <- #36
DO ,3 <- #96
DO ,4 <- #119
DO ,5 <- #171
DO ,6 <- #213
DO ,7 <- #221
DO ,8 <- #232
DO ,9 <- #363
DO ,10 <- #451
DO COME FROM #5
DO (1) NEXT
DO (2) NEXT
DO (3) NEXT
DO (4) NEXT
DO (5) NEXT
DO (6) NEXT
DO (7) NEXT
DO (8) NEXT
DO (9) NEXT
DO (10) NEXT
DO ,1 SUB #1 <- #10
DO ,11 SUB #1 <- #1
PLEASE READ OUT ,1
PLEASE READ OUT ,2
PLEASE READ OUT ,3
PLEASE READ OUT ,4
PLEASE READ OUT ,5
PLEASE READ OUT ,6
PLEASE READ OUT ,7
PLEASE READ OUT ,8
PLEASE READ OUT ,9
PLEASE READ OUT ,10
PLEASE GIVE UP
```",536,0.2,0,0,0,0,0
"Complexity: 4[ 38, 91, 142, 197, 215, 313, 316, 319, 423, 46]",4,0,INTERCAL,181,"```intercal
DO ,1 <- #123
DO ,2 <- #9
DO ,3 <- #38
DO ,4 <- #91
DO ,5 <- #142
DO ,6 <- #197
DO ,7 <- #215
DO ,8 <- #313
DO ,9 <- #316
DO ,10 <- #319
DO ,11 <- #423
DO ,12 <- #466
PLEASE DO ,1 SUB #1 <- ,3
DO ,1 SUB #2 <- ,4
DO ,1 SUB #3 <- ,5
DO ,1 SUB #4 <- ,6
DO ,1 SUB #5 <- ,7
DO ,1 SUB #6 <- ,8
DO ,1 SUB #7 <- ,9
DO ,1 SUB #8 <- ,10
DO ,1 SUB #9 <- ,11
DO ,1 SUB #10 <- ,12
DO COME FROM #2
PLEASE READ OUT ,1
DO ,2 SUB #1 <- #1
PLEASE GIVE UP
```",452,0.2,0,0,0,0,0
"Complexity: 4[ 7, 42, 147, 201, 213, 248, 310, 332, 436, 47]",4,0,INTERCAL,180,"```intercal
DO ,1 <- #9
DO ,2 <- #1
DO ,3 <- #7
DO ,4 <- #42
DO ,5 <- #147
DO ,6 <- #201
DO ,7 <- #213
DO ,8 <- #248
DO ,9 <- #310
DO ,10 <- #332
DO ,11 <- #436
DO ,12 <- #479
DO COME FROM (2)
DO (2) NEXT
DO ,1 SUB #1 <- ,2
DO ,13 <- #10
DO (13) NEXT
PLEASE DO ,1 SUB ,13 <- #0
DO (1) NEXT
PLEASE GIVE UP
```",308,0.2,0,0,0,0,0
"Complexity: 4[ 27, 101, 105, 164, 245, 290, 304, 441, 449, 49]",4,0,INTERCAL,182,"```intercal
DO ,1 <- #9
DO ,2 <- #2
DO ,3 <- #3
DO ,4 <- #4
DO ,5 <- #5
DO ,6 <- #6
DO ,7 <- #7
DO ,8 <- #8
DO ,9 <- #10
DO ,10 <- #11
DO ,11 <- #12
DO ,12 <- #13
DO ,13 <- #14
DO ,14 <- #15
DO ,15 <- #16
DO ,16 <- #17
DO ,17 <- #18
DO ,18 <- #19
DO ,19 <- #20
DO ,20 <- #21
DO ,21 <- #22
DO ,22 <- #23
DO ,23 <- #24
DO ,24 <- #25
DO ,25 <- #26
DO ,26 <- #27
DO ,27 <- #28
DO ,28 <- #29
DO ,29 <- #30
DO ,30 <- #31
DO ,31 <- #32
DO ,32 <- #33
DO ,33 <- #34
DO ,34 <- #35
DO ,35 <- #36
DO ,36 <- #37
DO ,37 <- #38
DO ,38 <- #39
DO ,39 <- #40
DO ,40 <- #41
DO ,41 <- #42
DO ,42 <- #43
DO ,43 <- #44
DO ,44 <- #45
DO ,45 <- #46
DO ,46 <- #47
DO ,47 <- #48
DO ,48 <- #49
DO ,49 <- #50
DO ,50 <- #51
DO ,51 <- #52
DO ,52 <- #53
DO ,53 <- #54
DO ,54 <- #55
DO ,55 <- #56
DO ,56 <- #57
DO ,57 <- #58
DO ,58 <- #59
DO ,59 <- #60
DO ,60 <- #61
DO ,61 <- #62
DO ,62 <- #63
DO ,63 <- #64
DO ,64 <- #65
DO ,65 <- #66
DO ,66 <- #67
DO ,67 <- #68
DO ,68 <- #69
DO ,69 <- #70
DO ,70 <- #71
DO ,71 <- #72
DO ,72 <- #73
DO ,73 <- #74
DO ,74 <- #75
DO ,75 <- #76
DO ,76 <- #77
DO ,77 <- #78
DO ,78 <- #79
DO ,79 <- #80
DO ,80 <- #81
DO ,81 <- #82
DO ,82 <- #83
DO ,83 <- #84
DO ,84 <- #85
DO ,85 <- #86
DO ,86 <- #87
DO ,87 <- #88
DO ,88 <- #89
DO ,89 <- #90
DO ,90 <- #91
DO ,91 <- #92
DO ,92 <- #93
DO ,93 <- #94
DO ,94 <- #95
DO ,95 <- #96
DO ,96 <- #97
DO ,97 <- #98
DO ,98 <- #99
DO ,99 <- #100
DO ,100 <- #101
DO ,101 <- #102
DO ,102 <- #103
DO ,103 <- #104
DO ,104 <- #105
DO ,105 <- #106
DO ,106 <- #107
DO ,107 <- #108
DO ,108 <- #109
DO ,109 <- #110
DO ,110 <- #111
DO ,111 <- #112
DO ,112 <- #113
DO ,113 <- #114
DO ,114 <- #115
DO ,115 <- #116
DO ,116 <- #117
DO ,117 <- #118
DO ,118 <- #119
DO ,119 <- #120
DO ,120 <- #121
DO ,121 <- #122
DO ,122 <- #123
DO ,123 <- #124
DO ,124 <- #125
DO ,125 <- #126
DO ,126 <- #127
DO ,127 <- #128
DO ,128 <- #129
DO ,129 <- #130
DO ,130 <- #131
DO ,131 <- #132
DO ,132 <- #133
DO ,133 <- #134
DO ,134 <- #135
DO ,135 <- #136
DO ,136 <- #137
DO ,137 <- #138
DO ,138 <- #139
DO ,139 <- #140
DO ,140 <- #141
DO ,141 <- #142
DO ,142 <- #143
DO ,143 <- #144
DO ,144 <- #145
DO ,145 <- #146
DO ,146 <- #147
DO ,147 <- #148
DO ,148 <- #149
DO ,149 <- #150
DO ,150 <- #151
DO ,151 <- #152
DO ,152 <- #153
DO ,153 <- #154
DO ,154 <- #155
DO ,155 <- #156
DO ,156 <- #157
DO ,157 <- #158
DO ,158 <- #159
DO ,159 <- #160
DO ,160 <- #161
DO ,161 <- #162
DO ,162 <- #163
DO ,163 <- #164
DO ,164 <- #165
DO ,165 <- #166
DO ,166 <- #167
DO ,167 <- #168
DO ,168 <- #169
DO ,169 <- #170
DO ,170 <- #171
DO ,171 <- #172
DO ,172 <- #173
DO ,173 <- #174
DO ,174 <- #175
DO ,175 <- #176
DO ,176 <- #177
DO ,177 <- #178
DO ,178 <- #179
DO ,179 <- #180
DO ,180 <- #181
DO ,181 <- #182
DO ,182 <- #183
DO ,183 <- #184
DO ,184 <- #185
DO ,185 <- #186
DO ,186 <- #187
DO ,187 <- #188
DO ,188 <- #189
DO ,189 <- #190
DO ,190 <- #191
DO ,191 <- #192
DO ,192 <- #193
DO ,193 <- #194
DO ,194 <- #195
DO ,195 <- #196
DO ,196 <- #197
DO ,197 <- #198
DO ,198 <- #199
DO ,199 <- #200
DO ,200 <- #201
DO ,201 <- #202
DO ,202 <- #203
DO ,203 <- #204
DO ,204 <- #205
DO ,205 <- #206
DO ,206 <- #207
DO ,207 <- #208
DO ,208 <- #209
DO ,209 <- #210
DO ,210 <- #211
DO ,211 <- #212
DO ,212 <- #213
DO ,213 <- #214
DO ,214 <- #215
DO ,215 <- #216
DO ,216 <- #217
DO ,217 <- #218
DO ,218 <- #219
DO ,219 <- #220
DO ,220 <- #221
DO ,221 <- #222
DO ,222 <- #223
DO ,223 <- #224
DO ,224 <- #225
DO ,225 <- #226
DO ,226 <- #227
DO ,227 <- #228
DO ,228 <- #229
DO ,229 <- #230
DO ,230 <- #231
DO ,231 <- #232
DO ,232 <- #233
DO ,233 <- #234
DO ,234 <- #235
DO ,235 <- #236
DO ,236 <- #237
DO ,237 <- #238
DO ,238 <- #239
DO ,239 <- #240
DO ,240 <- #241
DO ,241 <- #242
DO ,242 <- #243
DO ,243 <- #244
DO ,244 <- #245
DO ,245 <- #246
DO ,246 <- #247
DO ,247 <- #248
DO ,248 <- #249
DO ,249 <- #250
DO ,250 <- #251
DO ,251 <- #252
DO ,252 <- #253
DO ,253 <- #254
DO ,254 <- #255
DO ,255 <- #256
DO ,256 <- #257
DO ,257 <- #258
DO ,258 <- #259
DO ,259 <- #260
DO ,260 <- #261
DO ,261 <- #262
DO ,262 <- #263
DO ,263 <- #264
DO ,264 <- #265
DO ,265 <- #266
DO ,266 <- #267
DO ,267 <- #268
DO ,268 <- #269
DO ,269 <- #270
DO ,270 <- #271
DO ,271 <- #272
DO ,272 <- #273
DO ,273 <- #274
DO ,274 <- #275
DO ,275 <- #276
DO ,276 <- #277
DO ,277 <- #278
DO ,278 <- #279
DO ,279 <- #280
DO ,280 <- #281
DO ,281 <- #282
DO ,282 <- #283
DO ,283 <- #284
DO ,284 <- #285
DO ,285 <- #286
DO ,286 <- #287
DO ,287 <- #288
DO ,288 <- #289
DO ,289 <- #290
DO ,290 <- #291
DO ,291 <- #292
DO ,292 <- #293
DO ,293 <- #294
DO ,294 <- #295
DO ,295 <- #296
DO ,296 <- #297
DO ,297 <- #298
DO ,298 <- #299
DO ,299 <- #300
DO ,300 <- #301
DO ,301 <- #302
DO ,302 <- #303
DO ,303 <- #304
DO ,304 <- #305
DO ,305 <- #306
DO ,306 <- #307
DO ,307 <- #308
DO ,308 <- #309
DO ,309 <- #310
DO ,310 <- #311
DO ,311 <- #312
DO ,312 <- #313
DO ,313 <- #314
DO ,314 <- #315
DO ,315 <- #316
DO ,316 <- #317
DO ,317 <- #318
DO ,318 <- #319
DO ,319 <- #320
DO ,320 <- #321
DO ,321 <- #322
DO ,322 <- #323
DO ,323 <- #324
DO ,324 <- #325
DO ,325 <- #326
DO ,326 <- #327
DO ,327 <- #328
DO ,328 <- #329
DO ,329 <- #330
DO ,330 <- #331
DO ,331 <- #332
DO ,332 <- #333
DO ,333 <- #334
DO ,334 <- #335
DO ,335 <- #336
DO ,336 <- #337
DO ,337 <- #338
DO ,338 <- #339
DO ,339 <- #340
DO ,340 <- #341
DO ,341 <- #342
DO ,342 <- #343
DO ,343 <- #344
DO ,344 <- #345
DO ,345 <- #346
DO ,346 <- #347
DO ,347 <- #348
DO ,348 <- #349
DO ,349 <- #350
DO ,350 <- #351
DO ,351 <- #352
DO ,352 <- #353
DO ,353 <- #354
DO ,354 <- #355
DO ,355 <- #356
DO ,356 <- #357
DO ,357 <- #358
DO ,358 <- #359
DO ,359 <- #360
DO ,360 <- #361
DO ,361 <- #362
DO ,362 <- #363
DO ,363 <- #364
DO ,364 <- #365
DO ,365 <- #366
DO ,366 <- #367
DO ,367 <- #368
DO ,368 <- #369
DO ,369 <- #370
DO ,370 <- #371
DO ,371 <- #372
DO ,372 <- #373
DO ,373 <- #374
DO ,374 <- #375
DO ,375 <- #376
DO ,376 <- #377
DO ,377 <- #378
DO ,378 <- #379
DO ,379 <- #380
DO ,380 <- #381
DO ,381 <- #382
DO ,382 <- #383
DO ,383 <- #384
DO ,384 <- #385
DO ,385 <- #386
DO ,386 <- #387
DO ,387 <- #388
DO ,388 <- #389
DO ,389 <- #390
DO ,390 <- #391
DO ,391 <- #392
DO ,392 <- #393
DO ,393 <- #394
DO ,394 <- #395
DO ,395 <- #396
DO ,396 <- #397
DO ,397 <- #398
DO ,398 <- #399
DO ,399 <- #400
DO ,400 <- #401
DO ,401 <- #402
DO ,402 <- #403
DO ,403 <- #404
DO ,404 <- #405
DO ,405 <- #406
DO ,406 <- #407
DO ,407 <- #408
DO ,408 <- #409
DO ,409 <- #410
DO ,410 <- #411
DO ,411 <- #412
DO ,412 <- #413
DO ,413 <- #414
DO ,414 <- #415
DO ,415 <- #416
DO ,416 <- #417
DO ,417 <- #418
DO ,418 <- #419
DO ,419 <- #420
DO ,420 <- #421
DO ,421 <- #422
DO ,422 <- #423
DO ,423 <- #424
DO ,424 <- #425
DO ,425 <- #426
DO ,426 <- #427
DO ,427 <- #428
DO ,428 <- #429
DO ,429 <- #430
DO ,430 <- #431
DO ,431 <- #432
DO ,432 <- #433
DO ,433 <- #434
DO ,434 <- #435
DO ,435 <- #436
DO ,436 <- #437
DO ,437 <- #438
DO ,438 <- #439
DO ,439 <- #440
DO ,440 <- #441
DO ,441 <- #442
DO ,442 <- #443
DO ,443 <- #444
DO ,444 <- #445
DO ,445 <- #446
DO ,446 <- #447
DO ,447 <- #448
DO ,448 <- #449
DO ,449 <- #450
DO ,450 <- #451
DO ,451 <- #452
DO ,452 <- #453
DO ,453 <- #454
DO ,454 <- #455
DO ,455 <- #456
DO ,456 <- #457
DO ,457 <- #458
DO ,458 <- #459
DO ,459 <- #460
DO ,460 <- #461
DO ,461 <- #462
DO ,462 <- #463
DO ,463 <- #464
DO ,464 <- #465
DO ,465 <- #466
DO ,466 <- #467
DO ,467 <- #468
DO ,468 <- #469
DO ,469 <- #470
DO ,470 <- #471
DO ,471 <- #472
DO ,472 <- #473
DO ,473 <- #474
DO ,474 <- #475
DO ,475 <- #476
DO ,476 <- #477
DO ,477 <- #478
DO ,478 <- #479
DO ,479 <- #480
DO ,480 <- #481
DO ,481 <- #482
DO ,482 <- #483
DO ,483 <- #484
DO ,484 <- #485
DO ,485 <- #486
DO ,486 <- #487
DO ,487 <- #488
DO ,488 <- #489
DO ,489 <- #490
DO ,490 <- #491
DO ,491 <- #492
DO ,492 <- #493
DO ,493 <- #494
DO ,494 <- #495
DO ,495 <- #496
DO ,496 <- #497
DO ,497 <- #498
DO ,498 <- #499
DO ,499 <- #500
PLEASE READ OUT ,27
PLEASE READ OUT ,101
PLEASE READ OUT ,105
PLEASE READ OUT ,164
PLEASE READ OUT ,245
PLEASE READ OUT ,290
PLEASE READ OUT ,304
PLEASE READ OUT ,441
PLEASE READ OUT ,449
PLEASE READ OUT ,490
PLEASE GIVE UP
```",8009,0.2,0,0,0,0,0
"Complexity: 4[ 4, 11, 29, 106, 214, 283, 296, 298, 360, 49]",4,0,INTERCAL,179,"```intercal
DO ,1 <- #4
DO ,2 <- #11
DO ,3 <- #29
DO ,4 <- #106
DO ,5 <- #214
DO ,6 <- #283
DO ,7 <- #296
DO ,8 <- #298
DO ,9 <- #360
DO ,10 <- #497
DO ,11 <- #0
DO COME FROM (2)
(1) DO ,1 SUB #1 <- #10
DO ,11 SUB #1 <- #1
DO (2) NEXT
PLEASE GIVE UP
```",253,0.2,0,0,0,0,0
"Complexity: 4[ 72, 106, 139, 165, 171, 192, 199, 429, 453, 47]",4,0,INTERCAL,182,"```intercal
DO ,1 <- #9
DO ,2 <- #0
DO ,3 <- #72
DO ,4 <- #34
DO ,5 <- #33
DO ,6 <- #26
DO ,7 <- #6
DO ,8 <- #21
DO ,9 <- #7
DO ,10 <- #230
DO ,11 <- #24
DO ,12 <- #24
PLEASE DO ,1 SUB #1 <- ,3
DO ,2 SUB #1 <- ,4
PLEASE DO ,1 SUB #2 <- ,2 SUB #1
DO ,2 SUB #2 <- ,5
PLEASE DO ,1 SUB #3 <- ,2 SUB #2
DO ,2 SUB #3 <- ,6
PLEASE DO ,1 SUB #4 <- ,2 SUB #3
DO ,2 SUB #4 <- ,7
PLEASE DO ,1 SUB #5 <- ,2 SUB #4
DO ,2 SUB #5 <- ,8
PLEASE DO ,1 SUB #6 <- ,2 SUB #5
DO ,2 SUB #6 <- ,9
PLEASE DO ,1 SUB #7 <- ,2 SUB #6
DO ,2 SUB #7 <- ,10
PLEASE DO ,1 SUB #8 <- ,2 SUB #7
DO ,2 SUB #8 <- ,11
PLEASE DO ,1 SUB #9 <- ,2 SUB #8
DO ,2 SUB #9 <- ,12
PLEASE DO ,1 SUB #10 <- ,2 SUB #9
PLEASE READ OUT ,1
PLEASE GIVE UP
```",703,0.2,0,0,0,0,0
"Complexity: 4[ 187, 218, 260, 295, 301, 314, 379, 410, 452, 46]",4,0,INTERCAL,183,"```intercal
DO ,1 <- #9
DO ,2 <- #0
DO ,3 <- #187
DO ,4 <- #31
DO ,5 <- #42
DO ,6 <- #35
DO ,7 <- #6
DO ,8 <- #13
DO ,9 <- #65
DO ,10 <- #31
DO ,11 <- #42
DO ,12 <- #17
PLEASE DO ,2 SUB #1 <- ,3
PLEASE DO ,2 SUB #2 <- ,2 SUB #1 + ,4
PLEASE DO ,2 SUB #3 <- ,2 SUB #2 + ,5
PLEASE DO ,2 SUB #4 <- ,2 SUB #3 + ,6
PLEASE DO ,2 SUB #5 <- ,2 SUB #4 + ,7
PLEASE DO ,2 SUB #6 <- ,2 SUB #5 + ,8
PLEASE DO ,2 SUB #7 <- ,2 SUB #6 + ,9
PLEASE DO ,2 SUB #8 <- ,2 SUB #7 + ,10
PLEASE DO ,2 SUB #9 <- ,2 SUB #8 + ,11
PLEASE DO ,2 SUB #10 <- ,2 SUB #9 + ,12
DO ,20 <- #1
PLEASE DO (1000) NEXT
DO ,21 <- #10
PLEASE DO (1001) NEXT
DO ,22 <- #1
PLEASE RESUME #2
(1000) PLEASE FORGET #1
DO (2) NEXT
DO READ OUT ,2 SUB #1
PLEASE DO ,1 <- ,1 + ,22
DO (1002) NEXT
(1001) PLEASE GIVE UP
```",765,0.2,0,0,0,0,0
"Complexity: 4[ 29, 63, 95, 140, 150, 190, 221, 437, 482, 49]",4,0,INTERCAL,180,"```intercal
DO ,1 <- #29
DO ,2 <- #63
DO ,3 <- #95
DO ,4 <- #140
DO ,5 <- #150
DO ,6 <- #190
DO ,7 <- #221
DO ,8 <- #437
DO ,9 <- #482
DO ,10 <- #491
DO ,11 <- #10
DO COME FROM (2)
(1) DO ,1 SUB #1 <- #0
DO ,11 SUB #1 <- #1
DO (2) NEXT
PLEASE DO ,12 <- #1
DO READ OUT ,1
DO READ OUT ,2
DO READ OUT ,3
DO READ OUT ,4
DO READ OUT ,5
DO READ OUT ,6
DO READ OUT ,7
DO READ OUT ,8
DO READ OUT ,9
DO READ OUT ,10
PLEASE GIVE UP
```",425,0.2,0,0,0,0,0
"Complexity: 4[ 3, 11, 84, 144, 156, 177, 188, 199, 229, 28]",4,0,INTERCAL,179,"```intercal
DO ,1 <- #9
DO ,2 <- #3
DO ,3 <- #11
DO ,4 <- #84
DO ,5 <- #144
DO ,6 <- #156
DO ,7 <- #177
DO ,8 <- #188
DO ,9 <- #199
DO ,10 <- #229
DO ,11 <- #284
DO COME FROM (2)
PLEASE DO ,1 SUB #1 <- ,2
DO ,1 SUB #2 <- ,3
DO ,1 SUB #3 <- ,4
DO ,1 SUB #4 <- ,5
DO ,1 SUB #5 <- ,6
DO ,1 SUB #6 <- ,7
DO ,1 SUB #7 <- ,8
DO ,1 SUB #8 <- ,9
DO ,1 SUB #9 <- ,10
DO ,1 SUB #10 <- ,11
DO READ OUT ,1
PLEASE GIVE UP
```",412,0.2,0,0,0,0,0
"Complexity: 4[ 26, 94, 98, 137, 176, 301, 323, 330, 372, 44]",4,0,INTERCAL,180,"```intercal
DO ,1 <- #9
DO ,2 <- #0
DO ,3 <- #0
DO ,4 <- #0
DO ,5 <- #0
DO ,6 <- #0
DO ,7 <- #0
DO ,8 <- #0
DO ,9 <- #0
DO ,10 <- #0
DO ,11 <- #0
DO ,12 <- #0
DO ,13 <- #0
DO ,14 <- #0
DO ,15 <- #0
DO ,16 <- #0
DO ,17 <- #0
DO ,18 <- #0
DO ,19 <- #0
DO ,20 <- #0
PLEASE DO ,1 SUB #1 <- #26
DO ,1 SUB #2 <- #94
DO ,1 SUB #3 <- #98
DO ,1 SUB #4 <- #137
DO ,1 SUB #5 <- #176
DO ,1 SUB #6 <- #301
DO ,1 SUB #7 <- #323
DO ,1 SUB #8 <- #330
DO ,1 SUB #9 <- #372
DO ,1 SUB #10 <- #444
DO COME FROM #2
DO ,2 SUB #1 <- #1
DO ,3 SUB #1 <- #2
DO ,4 SUB #1 <- #3
DO ,5 SUB #1 <- #4
DO ,6 SUB #1 <- #5
DO ,7 SUB #1 <- #6
DO ,8 SUB #1 <- #7
DO ,9 SUB #1 <- #8
DO ,10 SUB #1 <- #9
DO ,11 SUB #1 <- #10
DO ,12 SUB #1 <- #11
DO ,13 SUB #1 <- #12
DO ,14 SUB #1 <- #13
DO ,15 SUB #1 <- #14
DO ,16 SUB #1 <- #15
DO ,17 SUB #1 <- #16
DO ,18 SUB #1 <- #17
DO ,19 SUB #1 <- #18
DO ,20 SUB #1 <- #19
PLEASE DO READ OUT ,1
DO READ OUT ,1 SUB #1
DO READ OUT ,1 SUB #2
DO READ OUT ,1 SUB #3
DO READ OUT ,1 SUB #4
DO READ OUT ,1 SUB #5
DO READ OUT ,1 SUB #6
DO READ OUT ,1 SUB #7
DO READ OUT ,1 SUB #8
DO READ OUT ,1 SUB #9
DO READ OUT ,1 SUB #10
PLEASE GIVE UP
```",1137,0.2,0,0,0,0,0
"Complexity: 4[ 39, 81, 88, 210, 215, 378, 416, 430, 439, 49]",4,0,INTERCAL,180,"```intercal
DO ,1 <- #39
DO ,2 <- #81
DO ,3 <- #88
DO ,4 <- #210
DO ,5 <- #215
DO ,6 <- #378
DO ,7 <- #416
DO ,8 <- #430
DO ,9 <- #439
DO ,10 <- #490
DO ,11 <- #10
DO COME FROM (2)
(1) DO ,1 SUB #1 <- #0
DO COME FROM (4)
(2) DO WRITE IN ,11
DO WRITE IN ,1
DO ,11 SUB #1 <- #1
PLEASE GIVE UP
```",294,0.2,0,0,0,0,0
"Complexity: 4[ 29, 57, 68, 120, 134, 140, 173, 197, 283, 31]",4,0,INTERCAL,180,"```intercal
DO ,1 <- #29
DO ,2 <- #57
DO ,3 <- #68
DO ,4 <- #120
DO ,5 <- #134
DO ,6 <- #140
DO ,7 <- #173
DO ,8 <- #197
DO ,9 <- #283
DO ,10 <- #313
DO ,11 <- #10
DO COME FROM (2)
(1) DO ,1 SUB #1 <- #238
DO ,11 SUB #1 <- #0
DO COME FROM (3)
(2) DO WRITE IN ,1
DO WRITE IN ,2
DO WRITE IN ,3
DO WRITE IN ,4
DO WRITE IN ,5
DO WRITE IN ,6
DO WRITE IN ,7
DO WRITE IN ,8
DO WRITE IN ,9
DO WRITE IN ,10
DO WRITE IN ,11
(3) PLEASE GIVE UP
```",436,0.001,0,0,0,0,0
"Complexity: 4[ 24, 26, 36, 40, 184, 226, 244, 384, 391, 42]",4,0,INTERCAL,179,"```intercal
DO ,1 <- #9
DO ,2 <- #0
DO ,3 <- #2
DO ,4 <- #4
DO ,5 <- #26
DO ,6 <- #36
DO ,7 <- #40
DO ,8 <- #184
DO ,9 <- #226
DO ,10 <- #244
DO ,11 <- #384
DO ,12 <- #391
DO ,13 <- #423
DO ,14 <- #0
PLEASE DO ,1 SUB #1 <- #10
DO ,14 SUB #1 <- #1
DO ,14 SUB #2 <- #2
DO ,14 SUB #3 <- #3
DO ,14 SUB #4 <- #4
DO ,14 SUB #5 <- #5
DO ,14 SUB #6 <- #6
DO ,14 SUB #7 <- #7
DO ,14 SUB #8 <- #8
DO ,14 SUB #9 <- #9
DO ,14 SUB #10 <- #10
DO ,14 SUB #11 <- #11
DO ,14 SUB #12 <- #12
DO ,14 SUB #13 <- #13
PLEASE READ OUT ,14
PLEASE GIVE UP
```",533,0.001,0,0,0,0,0
"Complexity: 4[ 90, 203, 212, 235, 270, 324, 342, 352, 371, 41]",4,0,INTERCAL,182,"```intercal
DO ,1 <- #9
DO ,2 <- #0
DO ,3 <- #2
DO ,4 <- #0
DO ,5 <- #3
DO ,6 <- #2
DO ,7 <- #1
DO ,8 <- #2
DO ,9 <- #2
DO ,10 <- #3
DO ,11 <- #5
DO ,12 <- #2
DO ,13 <- #7
DO ,14 <- #0
DO ,15 <- #3
DO ,16 <- #2
DO ,17 <- #4
DO ,18 <- #3
DO ,19 <- #4
DO ,20 <- #2
DO ,21 <- #3
DO ,22 <- #5
DO ,23 <- #2
DO ,24 <- #3
DO ,25 <- #7
DO ,26 <- #1
DO ,27 <- #4
DO ,28 <- #1
DO ,29 <- #7
PLEASE DO ,30 <- #0
DO ,31 <- #3
DO ,32 <- #5
DO ,33 <- #2
DO ,34 <- #3
DO ,35 <- #7
DO ,36 <- #1
DO ,37 <- #4
DO ,38 <- #1
DO ,39 <- #7
PLEASE DO ,40 <- #0
DO ,1000 <- #10
DO ,1001 <- #1
DO COME FROM (1002)
DO ,1002 SUB #1 <- #1
DO (1002) NEXT
DO .1 <- ',1
DO .2 <- ',2
DO .3 <- ',3
DO .4 <- ',4
DO .5 <- ',5
DO .6 <- ',6
DO .7 <- ',7
DO .8 <- ',8
DO .9 <- ',9
DO .10 <- ',10
DO .11 <- ',11
DO .12 <- ',12
DO .13 <- ',13
DO .14 <- ',14
DO .15 <- ',15
DO .16 <- ',16
DO .17 <- ',17
DO .18 <- ',18
DO .19 <- ',19
DO .20 <- ',20
DO .21 <- ',21
DO .22 <- ',22
DO .23 <- ',23
DO .24 <- ',24
DO .25 <- ',25
DO .26 <- ',26
DO .27 <- ',27
DO .28 <- ',28
DO .29 <- ',29
DO .30 <- ',30
DO .31 <- ',31
DO .32 <- ',32
DO .33 <- ',33
DO .34 <- ',34
DO .35 <- ',35
DO .36 <- ',36
DO .37 <- ',37
DO .38 <- ',38
DO .39 <- ',39
DO .40 <- ',40
PLEASE GIVE UP
```",1225,0.001,0,0,0,0,0
"Complexity: 4[ 20, 48, 95, 234, 282, 296, 352, 402, 428, 48]",4,0,INTERCAL,180,"```intercal
DO ,1 <- #9
DO ,2 <- #0
DO ,3 <- #4
DO ,4 <- #8
DO ,5 <- #9
DO ,6 <- #5
DO ,7 <- #2
DO ,8 <- #3
DO ,9 <- #4
DO ,10 <- #2
DO ,11 <- #8
DO ,12 <- #2
DO ,13 <- #2
DO ,14 <- #9
DO ,15 <- #6
DO ,16 <- #3
DO ,17 <- #5
DO ,18 <- #2
DO ,19 <- #4
DO ,20 <- #0
DO ,21 <- #2
DO ,22 <- #4
DO ,23 <- #2
DO ,24 <- #8
DO ,25 <- #4
DO ,26 <- #8
DO ,27 <- #1
PLEASE DO ,28 <- #0
(1) DO .1 <- #1
DO .2 <- #1
DO .3 <- #1
DO .4 <- #1
DO .5 <- #1
DO .6 <- #1
DO .7 <- #1
DO .8 <- #1
DO .9 <- #1
DO .10 <- #1
PLEASE DO COME FROM (2)
(2) PLEASE DO .1 SUB #1 <- ',1
DO .2 SUB #1 <- ',2
DO .3 SUB #1 <- ',3
DO .4 SUB #1 <- ',4
DO .5 SUB #1 <- ',5
DO .6 SUB #1 <- ',6
DO .7 SUB #1 <- ',7
DO .8 SUB #1 <- ',8
DO .9 SUB #1 <- ',9
DO .10 SUB #1 <- ',10
DO .1 SUB #2 <- ',11
DO .2 SUB #2 <- ',12
DO .3 SUB #2 <- ',13
DO .4 SUB #2 <- ',14
DO .5 SUB #2 <- ',15
DO .6 SUB #2 <- ',16
DO .7 SUB #2 <- ',17
DO .8 SUB #2 <- ',18
DO .9 SUB #2 <- ',19
DO .10 SUB #2 <- ',20
DO .1 SUB #3 <- ',21
DO .2 SUB #3 <- ',22
DO .3 SUB #3 <- ',23
DO .4 SUB #3 <- ',24
DO .5 SUB #3 <- ',25
DO .6 SUB #3 <- ',26
DO .7 SUB #3 <- ',27
DO .8 SUB #3 <- ',28
PLEASE DO READ OUT .1
DO READ OUT .2
DO READ OUT .3
DO READ OUT .4
DO READ OUT .5
DO READ OUT .6
DO READ OUT .7
DO READ OUT .8
DO READ OUT .9
DO READ OUT .10
PLEASE GIVE UP
```",1291,0.001,0,0,0,0,0
"Complexity: 4[ 62, 98, 130, 154, 290, 315, 324, 385, 408, 44]",4,0,INTERCAL,181,"```intercal
DO ,1 <- #9
DO ,2 <- #10
DO ,3 <- #13
DO ,4 <- #10
DO ,5 <- #136
DO ,6 <- #25
DO ,7 <- #9
DO ,8 <- #61
DO ,9 <- #23
DO ,10 <- #39
DO ,11 <- #0
DO COME FROM (2)
PLEASE DO ,1 SUB #1 <- ,1
DO ,2 SUB #1 <- ,2
DO ,3 SUB #1 <- ,3
DO ,4 SUB #1 <- ,4
DO ,5 SUB #1 <- ,5
DO ,6 SUB #1 <- ,6
DO ,7 SUB #1 <- ,7
DO ,8 SUB #1 <- ,8
DO ,9 SUB #1 <- ,9
DO ,10 SUB #1 <- ,10
DO COME FROM (3)
DO READ OUT ,1
DO READ OUT ,2
DO READ OUT ,3
DO READ OUT ,4
DO READ OUT ,5
DO READ OUT ,6
DO READ OUT ,7
DO READ OUT ,8
DO READ OUT ,9
DO READ OUT ,10
DO (1) NEXT
```",554,0.001,0,0,0,0,0
"Complexity: 4[ 2, 42, 66, 102, 153, 195, 201, 252, 306, 39]",4,0,INTERCAL,179,"```intercal
DO ,1 <- #2
DO ,2 <- #42
DO ,3 <- #66
DO ,4 <- #102
DO ,5 <- #153
DO ,6 <- #195
DO ,7 <- #201
DO ,8 <- #252
DO ,9 <- #306
DO ,10 <- #396
DO ,11 <- #0
DO COME FROM (2)
PLEASE DO ,1 SUB #1 <- ',1'
DO ,2 SUB #1 <- ',2'
DO ,3 SUB #1 <- ',3'
DO ,4 SUB #1 <- ',4'
DO ,5 SUB #1 <- ',5'
DO ,6 SUB #1 <- ',6'
DO ,7 SUB #1 <- ',7'
DO ,8 SUB #1 <- ',8'
DO ,9 SUB #1 <- ',9'
DO ,10 SUB #1 <- ',10'
DO ,11 SUB #1 <- ',11'
DO READ OUT ,1
DO READ OUT ,2
DO READ OUT ,3
DO READ OUT ,4
DO READ OUT ,5
DO READ OUT ,6
DO READ OUT ,7
DO READ OUT ,8
DO READ OUT ,9
DO READ OUT ,10
PLEASE GIVE UP
```",590,0.001,0,0,0,0,0
"Complexity: 4[ 128, 151, 153, 217, 224, 332, 382, 400, 450, 47]",4,0,INTERCAL,183,"```intercal
DO ,1 <- #9
DO ,2 <- #2
DO ,3 <- #8
DO ,4 <- #151
DO ,5 <- #153
DO ,6 <- #217
DO ,7 <- #224
DO ,8 <- #332
DO ,9 <- #382
DO ,10 <- #400
DO ,11 <- #450
DO ,12 <- #478
DO COME FROM #2
PLEASE DO ,1 SUB #1 <- #256
DO ,2 SUB #1 <- #1
DO ,13 <- #0
DO ,14 <- #10
DO COME FROM #4
DO ,13 SUB #1 <- ,1 SUB #1
DO ,1 SUB #1 <- #0
DO ,14 SUB #1 <- #1
DO ,15 <- #1
DO ,16 <- #10
PLEASE DO COME FROM #5
DO ,15 SUB #1 <- ,2 SUB #1
DO ,2 SUB #1 <- #0
DO ,16 SUB #1 <- #1
DO ,17 <- #1
DO ,18 <- #10
PLEASE DO COME FROM #6
DO ,17 SUB #1 <- ,3 SUB #1
DO ,3 SUB #1 <- #0
DO ,18 SUB #1 <- #1
DO ,19 <- #1
DO ,20 <- #10
PLEASE DO COME FROM #7
DO ,19 SUB #1 <- ,4 SUB #1
DO ,4 SUB #1 <- #0
DO ,20 SUB #1 <- #1
DO ,21 <- #1
DO ,22 <- #10
PLEASE DO COME FROM #8
DO ,21 SUB #1 <- ,5 SUB #1
DO ,5 SUB #1 <- #0
DO ,22 SUB #1 <- #1
DO ,23 <- #1
DO ,24 <- #10
PLEASE DO COME FROM #9
DO ,23 SUB #1 <- ,6 SUB #1
DO ,6 SUB #1 <- #0
DO ,24 SUB #1 <- #1
DO ,25 <- #1
DO ,26 <- #10
PLEASE DO COME FROM #10
DO ,25 SUB #1 <- ,7 SUB #1
DO ,7 SUB #1 <- #0
DO ,26 SUB #1 <- #1
DO ,27 <- #1
DO ,28 <- #10
PLEASE DO COME FROM #11
DO ,27 SUB #1 <- ,8 SUB #1
DO ,8 SUB #1 <- #0
DO ,28 SUB #1 <- #1
DO ,29 <- #1
DO ,30 <- #10
PLEASE DO COME FROM #12
DO ,29 SUB #1 <- ,9 SUB #1
DO ,9 SUB #1 <- #0
DO ,30 SUB #1 <- #1
DO ,31 <- #1
DO ,32 <- #10
PLEASE DO COME FROM #13
DO ,31 SUB #1 <- ,10 SUB #1
DO ,10 SUB #1 <- #0
DO ,32 SUB #1 <- #1
DO ,33 <- #1
DO ,34 <- #10
PLEASE DO COME FROM #14
DO ,33 SUB #1 <- ,11 SUB #1
DO ,11 SUB #1 <- #0
DO ,34 SUB #1 <- #1
DO ,35 <- #1
DO ,36 <- #10
PLEASE DO COME FROM #15
DO ,35 SUB #1 <- ,12 SUB #1
DO ,12 SUB #1 <- #0
DO ,36 SUB #1 <- #1
PLEASE READ OUT ,13
PLEASE READ OUT ,15
PLEASE READ OUT ,17
PLEASE READ OUT ,19
PLEASE READ OUT ,21
PLEASE READ OUT ,23
PLEASE READ OUT ,25
PLEASE READ OUT ,27
PLEASE READ OUT ,29
PLEASE READ OUT ,31
PLEASE READ OUT ,33
PLEASE READ OUT ,35
PLEASE GIVE UP
```",1895,0.001,0,0,0,0,0
"Complexity: 4[ 26, 50, 114, 148, 160, 170, 274, 347, 432, 49]",4,0,INTERCAL,181,"```intercal
DO ,1 <- #26
DO ,2 <- #50
DO ,3 <- #114
DO ,4 <- #148
DO ,5 <- #160
DO ,6 <- #170
DO ,7 <- #274
DO ,8 <- #347
DO ,9 <- #432
DO ,10 <- #497
DO ,11 <- #10
DO COME FROM (2)
(1) PLEASE DO ,1 SUB #1 <- #1
DO (1) NEXT
DO ,11 SUB #1 <- #0
DO (2) NEXT
PLEASE DO (3) NEXT
(2) DO ,11 SUB #1 <- #1
DO (1) NEXT
(3) PLEASE READ OUT ,1
PLEASE READ OUT ,2
PLEASE READ OUT ,3
PLEASE READ OUT ,4
PLEASE READ OUT ,5
PLEASE READ OUT ,6
PLEASE READ OUT ,7
PLEASE READ OUT ,8
PLEASE READ OUT ,9
PLEASE READ OUT ,10
PLEASE GIVE UP
```",524,0.001,0,0,0,0,0
"Complexity: 4[ 48, 94, 176, 177, 219, 276, 282, 283, 459, 48]",4,0,INTERCAL,181,"```intercal
DO ,1 <- #48
DO ,2 <- #94
DO ,3 <- #176
DO ,4 <- #177
DO ,5 <- #219
DO ,6 <- #276
DO ,7 <- #282
DO ,8 <- #283
DO ,9 <- #459
DO ,10 <- #488
DO COME FROM #5
PLEASE DO ,1 SUB #1 <- #10
DO ,11 <- #1
PLEASE DO ,1 SUB #1 <- #9
DO ,12 <- #1
PLEASE DO ,1 SUB #1 <- #8
DO ,13 <- #1
PLEASE DO ,1 SUB #1 <- #7
DO ,14 <- #1
PLEASE DO ,1 SUB #1 <- #6
DO ,15 <- #1
PLEASE DO ,1 SUB #1 <- #5
DO ,16 <- #1
PLEASE DO ,1 SUB #1 <- #4
DO ,17 <- #1
PLEASE DO ,1 SUB #1 <- #3
DO ,18 <- #1
PLEASE DO ,1 SUB #1 <- #2
DO ,19 <- #1
PLEASE DO ,1 SUB #1 <- #11
PLEASE DO ,1 SUB #1 <- #12
PLEASE DO ,1 SUB #1 <- #13
PLEASE DO ,1 SUB #1 <- #14
PLEASE DO ,1 SUB #1 <- #15
PLEASE DO ,1 SUB #1 <- #16
PLEASE DO ,1 SUB #1 <- #17
PLEASE DO ,1 SUB #1 <- #18
PLEASE DO ,1 SUB #1 <- #19
DO READ OUT ,1
DO READ OUT ,2
DO READ OUT ,3
DO READ OUT ,4
DO READ OUT ,5
DO READ OUT ,6
DO READ OUT ,7
DO READ OUT ,8
DO READ OUT ,9
DO READ OUT ,10
PLEASE GIVE UP
```",931,0.001,0,0,0,0,0
"Complexity: 4[ 139, 252, 272, 281, 304, 361, 370, 415, 438, 50]",4,0,INTERCAL,183,"```intercal
DO ,1 <- #9
DO ,2 <- #2
DO ,3 <- #5
DO ,4 <- #3
DO ,5 <- #1
DO ,6 <- #0
DO ,7 <- #139
DO ,8 <- #252
DO ,9 <- #272
DO ,10 <- #281
DO ,11 <- #304
DO ,12 <- #361
DO ,13 <- #370
DO ,14 <- #415
DO ,15 <- #438
DO ,16 <- #500
PLEASE DO ,1000 <- #10
DO ,1001 SUB #1 <- #1
DO ,1002 SUB #1 <- #1
DO ,1003 SUB #1 <- #1
DO ,1004 SUB #1 <- #1
DO ,1005 SUB #1 <- #1
DO ,1006 SUB #1 <- #1
DO ,1007 SUB #1 <- #1
DO ,1008 SUB #1 <- #1
DO ,1009 SUB #1 <- #1
DO ,1010 SUB #1 <- #1
DO ,1011 SUB #1 <- #1
DO ,1012 SUB #1 <- #1
DO ,1013 SUB #1 <- #1
DO ,1014 SUB #1 <- #1
DO ,1015 SUB #1 <- #1
DO ,1016 SUB #1 <- #1
PLEASE READ OUT ,7
PLEASE READ OUT ,8
PLEASE READ OUT ,9
PLEASE READ OUT ,10
PLEASE READ OUT ,11
PLEASE READ OUT ,12
PLEASE READ OUT ,13
PLEASE READ OUT ,14
PLEASE READ OUT ,15
PLEASE READ OUT ,16
PLEASE GIVE UP
```",821,0.001,0,0,0,0,0
"Complexity: 4[ 15, 95, 115, 195, 240, 318, 326, 350, 432, 45]",4,0,INTERCAL,181,"```intercal
DO ,1 <- #9
DO ,2 <- #2
DO ,3 <- #15
DO ,4 <- #95
DO ,5 <- #115
DO ,6 <- #195
DO ,7 <- #240
DO ,8 <- #318
DO ,9 <- #326
DO ,10 <- #350
DO ,11 <- #432
DO ,12 <- #450
DO COME FROM ,1
PLEASE DO ,1 SUB #1 <- ,3
DO ,1 SUB #2 <- ,4
DO ,1 SUB #3 <- ,5
DO ,1 SUB #4 <- ,6
DO ,1 SUB #5 <- ,7
DO ,1 SUB #6 <- ,8
DO ,1 SUB #7 <- ,9
DO ,1 SUB #8 <- ,10
DO ,1 SUB #9 <- ,11
DO ,1 SUB #10 <- ,12
DO ,2 SUB #1 <- #10
DO (2) NEXT
DO READ OUT ,1
DO ,3 <- #1
PLEASE DO (3) NEXT
```",475,0.001,0,0,0,0,0
"Complexity: 4[ 134, 224, 293, 378, 379, 395, 434, 451, 482, 49]",4,0,INTERCAL,183,"```intercal
DO ,1 <- #123
DO ,2 <- #9
DO ,3 <- #10
DO ,4 <- #13
DO ,5 <- #14
DO ,6 <- #16
DO ,7 <- #39
DO ,8 <- #17
DO ,9 <- #31
DO ,10 <- #14
PLEASE DO ,11 <- #1
DO ,12 <- #0
DO ,13 <- #4
DO ,14 <- #224
DO ,15 <- #293
DO ,16 <- #378
DO ,17 <- #379
DO ,18 <- #395
DO ,19 <- #434
DO ,20 <- #451
DO ,21 <- #482
DO ,22 <- #496
DO COME FROM (30)
(1) PLEASE DO ,12 <- ',11
DO ,11 SUB #1 <- ',12
DO ,13 SUB #1 <- #1
PLEASE DO (2) NEXT
(2) DO (3) NEXT
(3) DO (4) NEXT
(4) DO (5) NEXT
(5) DO (6) NEXT
(6) DO (7) NEXT
(7) DO (8) NEXT
(8) DO (9) NEXT
(9) DO (10) NEXT
(10) DO (11) NEXT
(11) DO (12) NEXT
(12) DO (13) NEXT
(13) DO (14) NEXT
(14) DO (15) NEXT
(15) DO (16) NEXT
(16) DO (17) NEXT
(17) DO (18) NEXT
(18) DO (19) NEXT
(19) DO (20) NEXT
(20) DO (21) NEXT
(21) DO (22) NEXT
(22) DO (23) NEXT
(23) DO (24) NEXT
(24) DO (25) NEXT
(25) DO (26) NEXT
(26) DO (27) NEXT
(27) DO (28) NEXT
(28) DO (29) NEXT
(29) DO (30) NEXT
(30) PLEASE DO READ OUT ,14
DO READ OUT ,15
DO READ OUT ,16
DO READ OUT ,17
DO READ OUT ,18
DO READ OUT ,19
DO READ OUT ,20
DO READ OUT ,21
DO READ OUT ,22
PLEASE GIVE UP
```",1092,0.001,0,0,0,0,0
"Complexity: 4[ 23, 93, 142, 145, 245, 266, 296, 317, 428, 49]",4,0,INTERCAL,181,"```intercal
DO ,1 <- #9
DO ,2 <- #2
DO ,3 <- #3
DO ,4 <- #7
DO ,5 <- #0
DO ,6 <- #1
DO ,7 <- #4
DO ,8 <- #5
DO ,9 <- #8
DO ,10 <- #6
DO ,11 <- #23
DO ,12 <- #93
DO ,13 <- #142
DO ,14 <- #145
DO ,15 <- #245
DO ,16 <- #266
DO ,17 <- #296
DO ,18 <- #317
DO ,19 <- #428
DO ,20 <- #495
PLEASE DO ,1 SUB #1 <- #10
DO ,2 SUB #1 <- #10
DO ,3 SUB #1 <- #10
DO ,4 SUB #1 <- #10
DO ,5 SUB #1 <- #10
DO ,6 SUB #1 <- #10
DO ,7 SUB #1 <- #10
DO ,8 SUB #1 <- #10
DO ,9 SUB #1 <- #10
DO ,10 SUB #1 <- #10
DO ,11 SUB #1 <- #10
DO ,12 SUB #1 <- #10
DO ,13 SUB #1 <- #10
DO ,14 SUB #1 <- #10
DO ,15 SUB #1 <- #10
DO ,16 SUB #1 <- #10
DO ,17 SUB #1 <- #10
DO ,18 SUB #1 <- #10
DO ,19 SUB #1 <- #10
DO ,20 SUB #1 <- #10
DO .1 <- #1
DO .2 <- #2
DO .3 <- #3
DO .4 <- #4
DO .5 <- #5
DO .6 <- #6
DO .7 <- #7
DO .8 <- #8
DO .9 <- #9
DO .10 <- #10
DO .11 <- #11
DO .12 <- #12
DO .13 <- #13
DO .14 <- #14
DO .15 <- #15
DO .16 <- #16
DO .17 <- #17
DO .18 <- #18
DO .19 <- #19
DO .20 <- #20
PLEASE GIVE UP
```",979,0.001,0,0,0,0,0
"Complexity: 4[ 18, 39, 71, 194, 197, 219, 263, 270, 416, 47]",4,0,INTERCAL,180,"```intercal
DO ,1 <- #9
DO ,2 <- #0
DO ,3 <- #0
DO ,4 <- #0
DO ,5 <- #0
DO ,6 <- #0
DO ,7 <- #0
DO ,8 <- #0
DO ,9 <- #0
DO ,10 <- #0
DO ,11 <- #0
DO ,12 <- #0
DO ,13 <- #0
DO ,14 <- #0
DO ,15 <- #0
DO ,16 <- #0
DO ,17 <- #0
DO ,18 <- #0
DO ,19 <- #0
DO ,20 <- #0
DO ,21 <- #0
DO ,22 <- #0
DO ,23 <- #0
DO ,24 <- #0
DO ,25 <- #0
DO ,26 <- #0
DO ,27 <- #0
DO ,28 <- #0
DO ,29 <- #0
DO ,30 <- #0
DO ,31 <- #0
DO ,32 <- #0
DO ,33 <- #0
DO ,34 <- #0
DO ,35 <- #0
DO ,36 <- #0
DO ,37 <- #0
DO ,38 <- #0
DO ,39 <- #0
DO ,40 <- #0
DO ,41 <- #0
DO ,42 <- #0
DO ,43 <- #0
DO ,44 <- #0
DO ,45 <- #0
DO ,46 <- #0
DO ,47 <- #0
DO ,48 <- #0
DO ,49 <- #0
DO ,50 <- #0
DO ,51 <- #0
DO ,52 <- #0
DO ,53 <- #0
DO ,54 <- #0
DO ,55 <- #0
DO ,56 <- #0
DO ,57 <- #0
DO ,58 <- #0
DO ,59 <- #0
DO ,60 <- #0
DO ,61 <- #0
DO ,62 <- #0
DO ,63 <- #0
DO ,64 <- #0
DO ,65 <- #0
DO ,66 <- #0
DO ,67 <- #0
DO ,68 <- #0
DO ,69 <- #0
DO ,70 <- #0
DO ,71 <- #0
DO ,72 <- #0
DO ,73 <- #0
DO ,74 <- #0
DO ,75 <- #0
DO ,76 <- #0
DO ,77 <- #0
DO ,78 <- #0
DO ,79 <- #0
DO ,80 <- #0
DO ,81 <- #0
DO ,82 <- #0
DO ,83 <- #0
DO ,84 <- #0
DO ,85 <- #0
DO ,86 <- #0
DO ,87 <- #0
DO ,88 <- #0
DO ,89 <- #0
DO ,90 <- #0
DO ,91 <- #0
DO ,92 <- #0
DO ,93 <- #0
DO ,94 <- #0
DO ,95 <- #0
DO ,96 <- #0
DO ,97 <- #0
DO ,98 <- #0
DO ,99 <- #0
DO ,100 <- #0
DO ,101 <- #0
DO ,102 <- #0
DO ,103 <- #0
DO ,104 <- #0
DO ,105 <- #0
DO ,106 <- #0
DO ,107 <- #0
DO ,108 <- #0
DO ,109 <- #0
DO ,110 <- #0
DO ,111 <- #0
DO ,112 <- #0
DO ,113 <- #0
DO ,114 <- #0
DO ,115 <- #0
DO ,116 <- #0
DO ,117 <- #0
DO ,118 <- #0
DO ,119 <- #0
DO ,120 <- #0
DO ,121 <- #0
DO ,122 <- #0
DO ,123 <- #0
DO ,124 <- #0
DO ,125 <- #0
DO ,126 <- #0
DO ,127 <- #0
DO ,128 <- #0
DO ,129 <- #0
DO ,130 <- #0
DO ,131 <- #0
DO ,132 <- #0
DO ,133 <- #0
DO ,134 <- #0
DO ,135 <- #0
DO ,136 <- #0
DO ,137 <- #0
DO ,138 <- #0
DO ,139 <- #0
DO ,140 <- #0
DO ,141 <- #0
DO ,142 <- #0
DO ,143 <- #0
DO ,144 <- #0
DO ,145 <- #0
DO ,146 <- #0
DO ,147 <- #0
DO ,148 <- #0
DO ,149 <- #0
DO ,150 <- #0
DO ,151 <- #0
DO ,152 <- #0
DO ,153 <- #0
DO ,154 <- #0
DO ,155 <- #0
DO ,156 <- #0
DO ,157 <- #0
DO ,158 <- #0
DO ,159 <- #0
DO ,160 <- #0
DO ,161 <- #0
DO ,162 <- #0
DO ,163 <- #0
DO ,164 <- #0
DO ,165 <- #0
DO ,166 <- #0
DO ,167 <- #0
DO ,168 <- #0
DO ,169 <- #0
DO ,170 <- #0
DO ,171 <- #0
DO ,172 <- #0
DO ,173 <- #0
DO ,174 <- #0
DO ,175 <- #0
DO ,176 <- #0
DO ,177 <- #0
DO ,178 <- #0
DO ,179 <- #0
DO ,180 <- #0
DO ,181 <- #0
DO ,182 <- #0
DO ,183 <- #0
DO ,184 <- #0
DO ,185 <- #0
DO ,186 <- #0
DO ,187 <- #0
DO ,188 <- #0
DO ,189 <- #0
DO ,190 <- #0
DO ,191 <- #0
DO ,192 <- #0
DO ,193 <- #0
DO ,194 <- #0
DO ,195 <- #0
DO ,196 <- #0
DO ,197 <- #0
DO ,198 <- #0
DO ,199 <- #0
DO ,200 <- #0
DO ,201 <- #0
DO ,202 <- #0
DO ,203 <- #0
DO ,204 <- #0
DO ,205 <- #0
DO ,206 <- #0
DO ,207 <- #0
DO ,208 <- #0
DO ,209 <- #0
DO ,210 <- #0
DO ,211 <- #0
DO ,212 <- #0
DO ,213 <- #0
DO ,214 <- #0
DO ,215 <- #0
DO ,216 <- #0
DO ,217 <- #0
DO ,218 <- #0
DO ,219 <- #0
DO ,220 <- #0
DO ,221 <- #0
DO ,222 <- #0
DO ,223 <- #0
DO ,224 <- #0
DO ,225 <- #0
DO ,226 <- #0
DO ,227 <- #0
DO ,228 <- #0
DO ,229 <- #0
DO ,230 <- #0
DO ,231 <- #0
DO ,232 <- #0
DO ,233 <- #0
DO ,234 <- #0
DO ,235 <- #0
DO ,236 <- #0
DO ,237 <- #0
DO ,238 <- #0
DO ,239 <- #0
DO ,240 <- #0
DO ,241 <- #0
DO ,242 <- #0
DO ,243 <- #0
DO ,244 <- #0
DO ,245 <- #0
DO ,246 <- #0
DO ,247 <- #0
DO ,248 <- #0
DO ,249 <- #0
DO ,250 <- #0
DO ,251 <- #0
DO ,252 <- #0
DO ,253 <- #0
DO ,254 <- #0
DO ,255 <- #0
DO ,256 <- #0
DO ,257 <- #0
DO ,258 <- #0
DO ,259 <- #0
DO ,260 <- #0
DO ,261 <- #0
DO ,262 <- #0
DO ,263 <- #0
DO ,264 <- #0
DO ,265 <- #0
DO ,266 <- #0
DO ,267 <- #0
DO ,268 <- #0
DO ,269 <- #0
DO ,270 <- #0
DO ,271 <- #0
DO ,272 <- #0
DO ,273 <- #0
DO ,274 <- #0
DO ,275 <- #0
DO ,276 <- #0
DO ,277 <- #0
DO ,278 <- #0
DO ,279 <- #0
DO ,280 <- #0
DO ,281 <- #0
DO ,282 <- #0
DO ,283 <- #0
DO ,284 <- #0
DO ,285 <- #0
DO ,286 <- #0
DO ,287 <- #0
DO ,288 <- #0
DO ,289 <- #0
DO ,290 <- #0
DO ,291 <- #0
DO ,292 <- #0
DO ,293 <- #0
DO ,294 <- #0
DO ,295 <- #0
DO ,296 <- #0
DO ,297 <- #0
DO ,298 <- #0
DO ,299 <- #0
DO ,300 <- #0
DO ,301 <- #0
DO ,302 <- #0
DO ,303 <- #0
DO ,304 <- #0
DO ,305 <- #0
DO ,306 <- #0
DO ,307 <- #0
DO ,308 <- #0
DO ,309 <- #0
DO ,310 <- #0
DO ,311 <- #0
DO ,312 <- #0
DO ,313 <- #0
DO ,314 <- #0
DO ,315 <- #0
DO ,316 <- #0
DO ,317 <- #0
DO ,318 <- #0
DO ,319 <- #0
DO ,320 <- #0
DO ,321 <- #0
DO ,322 <- #0
DO ,323 <- #0
DO ,324 <- #0
DO ,325 <- #0
DO ,326 <- #0
DO ,327 <- #0
DO ,328 <- #0
DO ,329 <- #0
DO ,330 <- #0
DO ,331 <- #0
DO ,332 <- #0
DO ,333 <- #0
DO ,334 <- #0
DO ,335 <- #0
DO ,336 <- #0
DO ,337 <- #0
DO ,338 <- #0
DO ,339 <- #0
DO ,340 <- #0
DO ,341 <- #0
DO ,342 <- #0
DO ,343 <- #0
DO ,344 <- #0
DO ,345 <- #0
DO ,346 <- #0
DO ,347 <- #0
DO ,348 <- #0
DO ,349 <- #0
DO ,350 <- #0
DO ,351 <- #0
DO ,352 <- #0
DO ,353 <- #0
DO ,354 <- #0
DO ,355 <- #0
DO ,356 <- #0
DO ,357 <- #0
DO ,358 <- #0
DO ,359 <- #0
DO ,360 <- #0
DO ,361 <- #0
DO ,362 <- #0
DO ,363 <- #0
DO ,364 <- #0
DO ,365 <- #0
DO ,366 <- #0
DO ,367 <- #0
DO ,368 <- #0
DO ,369 <- #0
DO ,370 <- #0
DO ,371 <- #0
DO ,372 <- #0
DO ,373 <- #0
DO ,374 <- #0
DO ,375 <- #0
DO ,376 <- #0
DO ,377 <- #0
DO ,378 <- #0
DO ,379 <- #0
DO ,380 <- #0
DO ,381 <- #0
DO ,382 <- #0
DO ,383 <- #0
DO ,384 <- #0
DO ,385 <- #0
DO ,386 <- #0
DO ,387 <- #0
DO ,388 <- #0
DO ,389 <- #0
DO ,390 <- #0
DO ,391 <- #0
DO ,392 <- #0
DO ,393 <- #0
DO ,394 <- #0
DO ,395 <- #0
DO ,396 <- #0
DO ,397 <- #0
DO ,398 <- #0
DO ,399 <- #0
DO ,400 <- #0
DO ,401 <- #0
DO ,402 <- #0
DO ,403 <- #0
DO ,404 <- #0
DO ,405 <- #0
DO ,406 <- #0
DO ,407 <- #0
DO ,408 <- #0
DO ,409 <- #0
DO ,410 <- #0
DO ,411 <- #0
DO ,412 <- #0
DO ,413 <- #0
DO ,414 <- #0
DO ,415 <- #0
DO ,416 <- #0
DO ,417 <- #0
DO ,418 <- #0
DO ,419 <- #0
DO ,420 <- #0
DO ,421 <- #0
DO ,422 <- #0
DO ,423 <- #0
DO ,424 <- #0
DO ,425 <- #0
DO ,426 <- #0
DO ,427 <- #0
DO ,428 <- #0
DO ,429 <- #0
DO ,430 <- #0
DO ,431 <- #0
DO ,432 <- #0
DO ,433 <- #0
DO ,434 <- #0
DO ,435 <- #0
DO ,436 <- #0
DO ,437 <- #0
DO ,438 <- #0
DO ,439 <- #0
DO ,440 <- #0
DO ,441 <- #0
DO ,442 <- #0
DO ,443 <- #0
DO ,444 <- #0
DO ,445 <- #0
DO ,446 <- #0
DO ,447 <- #0
DO ,448 <- #0
DO ,449 <- #0
DO ,450 <- #0
DO ,451 <- #0
DO ,452 <- #0
DO ,453 <- #0
DO ,454 <- #0
DO ,455 <- #0
DO ,456 <- #0
DO ,457 <- #0
DO ,458 <- #0
DO ,459 <- #0
DO ,460 <- #0
DO ,461 <- #0
DO ,462 <- #0
DO ,463 <- #0
DO ,464 <- #0
DO ,465 <- #0
DO ,466 <- #0
DO ,467 <- #0
DO ,468 <- #0
DO ,469 <- #0
DO ,470 <- #0
DO ,471 <- #0
DO ,472 <- #0
DO ,473 <- #0
PLEASE READ OUT ,1
PLEASE READ OUT ,18
PLEASE READ OUT ,39
PLEASE READ OUT ,71
PLEASE READ OUT ,194
PLEASE READ OUT ,197
PLEASE READ OUT ,219
PLEASE READ OUT ,263
PLEASE READ OUT ,270
PLEASE READ OUT ,416
PLEASE READ OUT ,473
PLEASE GIVE UP
```",6770,0.001,0,0,0,0,0
"Complexity: 4[ 9, 84, 144, 170, 325, 393, 401, 405, 435, 49]",4,0,INTERCAL,180,"```intercal
DO ,1 <- #9
DO ,2 <- #84
DO ,3 <- #144
DO ,4 <- #170
DO ,5 <- #325
DO ,6 <- #393
DO ,7 <- #401
DO ,8 <- #405
DO ,9 <- #435
DO ,10 <- #497
DO COME FROM (2)
(1) PLEASE WRITE IN ,1
DO ,1 SUB #1 <- #10
DO (1) NEXT
PLEASE DO ,2 NEXT
(2) PLEASE WRITE IN ,2
DO ,2 SUB #1 <- #10
DO (2) NEXT
PLEASE DO ,3 NEXT
(3) PLEASE WRITE IN ,3
DO ,3 SUB #1 <- #10
DO (3) NEXT
PLEASE DO ,4 NEXT
(4) PLEASE WRITE IN ,4
DO ,4 SUB #1 <- #10
DO (4) NEXT
PLEASE DO ,5 NEXT
(5) PLEASE WRITE IN ,5
DO ,5 SUB #1 <- #10
DO (5) NEXT
PLEASE DO ,6 NEXT
(6) PLEASE WRITE IN ,6
DO ,6 SUB #1 <- #10
DO (6) NEXT
PLEASE DO ,7 NEXT
(7) PLEASE WRITE IN ,7
DO ,7 SUB #1 <- #10
DO (7) NEXT
PLEASE DO ,8 NEXT
(8) PLEASE WRITE IN ,8
DO ,8 SUB #1 <- #10
DO (8) NEXT
PLEASE DO ,9 NEXT
(9) PLEASE WRITE IN ,9
DO ,9 SUB #1 <- #10
DO (9) NEXT
PLEASE DO ,10 NEXT
(10) PLEASE WRITE IN ,10
DO ,10 SUB #1 <- #10
DO (10) NEXT
PLEASE GIVE UP
```",902,0.001,0,0,0,0,0
"Complexity: 4[ 26, 40, 202, 267, 282, 340, 359, 408, 410, 49]",4,0,INTERCAL,181,"```intercal
DO ,1 <- #9
DO ,2 <- #26
DO ,3 <- #40
DO ,4 <- #202
DO ,5 <- #267
DO ,6 <- #282
DO ,7 <- #340
DO ,8 <- #359
DO ,9 <- #408
DO ,10 <- #410
DO ,11 <- #495
DO ,12 <- #10
DO COME FROM ,1
DO ,1 SUB #1 <- ,1
DO (2) NEXT
DO ,13 <- #1
DO (13) NEXT
PLEASE DO ,12 SUB #1 <- #0
DO ,13 SUB #1 <- #1
DO (13) NEXT
DO ,13 SUB #1 <- #2
DO (13) NEXT
DO ,13 SUB #1 <- #3
DO (13) NEXT
DO ,13 SUB #1 <- #4
DO (13) NEXT
DO ,13 SUB #1 <- #5
DO (13) NEXT
DO ,13 SUB #1 <- #6
DO (13) NEXT
DO ,13 SUB #1 <- #7
DO (13) NEXT
DO ,13 SUB #1 <- #8
DO (13) NEXT
DO ,13 SUB #1 <- #9
DO (13) NEXT
DO ,13 SUB #1 <- #10
DO (13) NEXT
DO ,13 SUB #1 <- #11
DO (13) NEXT
PLEASE DO .1 <- ',13
DO READ OUT ,1
DO ,1 SUB #1 <- #10
DO (1) NEXT
```",714,0.001,0,0,0,0,0
"Complexity: 4[ 34, 92, 164, 165, 209, 296, 414, 456, 467, 49]",4,0,INTERCAL,181,"```intercal
DO ,1 <- #123
DO ,2 <- #9
DO ,3 <- #34
DO ,4 <- #92
DO ,5 <- #164
DO ,6 <- #165
DO ,7 <- #209
DO ,8 <- #296
DO ,9 <- #414
DO ,10 <- #456
DO ,11 <- #467
DO ,12 <- #494
DO ,13 <- #0
DO ,14 <- #1
DO ,15 <- #10
PLEASE DO ,1 SUB #1 <- #238
DO ,2 SUB #1 <- #10
DO COME FROM (2)
DO ,13 SUB #1 <- ',3
DO ,3 SUB #1 <- ',4
DO ,4 SUB #1 <- ',5
DO ,5 SUB #1 <- ',6
DO ,6 SUB #1 <- ',7
DO ,7 SUB #1 <- ',8
DO ,8 SUB #1 <- ',9
DO ,9 SUB #1 <- ',10
DO ,10 SUB #1 <- ',11
DO ,11 SUB #1 <- ',12
DO ,12 SUB #1 <- ',13
DO ,14 SUB #1 <- ',15
PLEASE DO (1) NEXT
DO (2) NEXT
PLEASE READ OUT ,1
DO (1000) NEXT
```",602,0.001,0,0,0,0,0
"Complexity: 4[ 16, 119, 121, 123, 135, 139, 285, 311, 409, 41]",4,0,INTERCAL,182,"```intercal
DO ,1 <- #16
DO ,2 <- #103
DO ,3 <- #2
DO ,4 <- #2
DO ,5 <- #12
DO ,6 <- #4
DO ,7 <- #146
DO ,8 <- #26
DO ,9 <- #98
DO ,10 <- #3
DO ,11 <- #1
PLEASE DO ,1 SUB #1 <- ,1
PLEASE DO ,2 SUB #1 <- ,2
PLEASE DO ,3 SUB #1 <- ,3
PLEASE DO ,4 SUB #1 <- ,4
PLEASE DO ,5 SUB #1 <- ,5
PLEASE DO ,6 SUB #1 <- ,6
PLEASE DO ,7 SUB #1 <- ,7
PLEASE DO ,8 SUB #1 <- ,8
PLEASE DO ,9 SUB #1 <- ,9
PLEASE DO ,10 SUB #1 <- ,10
DO ,12 <- #10
DO ,13 <- #1
PLEASE DO COME FROM (20)
(1) PLEASE DO ,13 SUB #1 <- #0
DO ,14 <- #1
PLEASE DO (2) NEXT
(20) DO ,14 SUB #1 <- #0
PLEASE DO (3) NEXT
(2) PLEASE DO ,12 SUB #1 <- #1
PLEASE DO (4) NEXT
(3) PLEASE DO ,12 SUB #1 <- #2
PLEASE DO (5) NEXT
(4) PLEASE DO ,12 SUB #1 <- #3
PLEASE DO (6) NEXT
(5) PLEASE DO ,12 SUB #1 <- #4
PLEASE DO (7) NEXT
(6) PLEASE DO ,12 SUB #1 <- #5
PLEASE DO (8) NEXT
(7) PLEASE DO ,12 SUB #1 <- #6
PLEASE DO (9) NEXT
(8) PLEASE DO ,12 SUB #1 <- #7
PLEASE DO (10) NEXT
(9) PLEASE DO ,12 SUB #1 <- #8
PLEASE DO (11) NEXT
(10) PLEASE DO ,12 SUB #1 <- #9
PLEASE DO (12) NEXT
(11) PLEASE DO ,12 SUB #1 <- #10
PLEASE DO (13) NEXT
(12) DO .1 <- ,1
PLEASE DO (14) NEXT
(13) DO .1 <- ,2
PLEASE DO (15) NEXT
(14) DO .1 <- ,3
PLEASE DO (16) NEXT
(15) DO .1 <- ,4
PLEASE DO (17) NEXT
(16) DO .1 <- ,5
PLEASE DO (18) NEXT
(17) DO .1 <- ,6
PLEASE DO (19) NEXT
(18) DO .1 <- ,7
PLEASE DO (20) NEXT
(19) DO .1 <- ,8
PLEASE DO (21) NEXT
(20) DO .1 <- ,9
PLEASE DO (22) NEXT
(21) DO .1 <- ,10
PLEASE DO (23) NEXT
(22) PLEASE RESUME .1
(23) PLEASE GIVE UP
```",1498,0.001,0,0,0,0,0
"Complexity: 4[ 8, 11, 12, 103, 116, 196, 247, 254, 389, 42]",4,0,INTERCAL,179,"```intercal
DO ,1 <- #8
DO ,2 <- #11
DO ,3 <- #12
DO ,4 <- #103
DO ,5 <- #116
DO ,6 <- #196
DO ,7 <- #247
DO ,8 <- #254
DO ,9 <- #389
DO ,10 <- #427
DO COME FROM #5
PLEASE DO ,1 SUB #1 <- #10
DO ,11 <- #1
PLEASE DO ,12 <- #2
DO ,13 <- #3
DO ,14 <- #4
DO ,15 <- #5
DO ,16 <- #6
DO ,17 <- #7
DO ,18 <- #8
DO ,19 <- #9
DO ,20 <- #10
DO WRITE IN ,11
DO WRITE IN ,12
DO WRITE IN ,13
DO WRITE IN ,14
DO WRITE IN ,15
DO WRITE IN ,16
DO WRITE IN ,17
DO WRITE IN ,18
DO WRITE IN ,19
DO WRITE IN ,20
PLEASE GIVE UP
```",508,0.001,0,0,0,0,0
"Complexity: 4[ 12, 36, 96, 119, 171, 213, 221, 232, 363, 45]",4,0,INTERCAL,180,"```intercal
DO ,1 <- #12
DO ,2 <- #36
DO ,3 <- #96
DO ,4 <- #119
DO ,5 <- #171
DO ,6 <- #213
DO ,7 <- #221
DO ,8 <- #232
DO ,9 <- #363
DO ,10 <- #451
DO ,11 <- #0
DO COME FROM (2)
(1) DO ,1 SUB #1 <- #10
DO COME FROM (3)
(2) DO ,2 SUB #1 <- #10
DO COME FROM (4)
(3) DO ,3 SUB #1 <- #10
DO COME FROM (5)
(4) DO ,4 SUB #1 <- #10
DO COME FROM (6)
(5) DO ,5 SUB #1 <- #10
DO COME FROM (7)
(6) DO ,6 SUB #1 <- #10
DO COME FROM (8)
(7) DO ,7 SUB #1 <- #10
DO COME FROM (9)
(8) DO ,8 SUB #1 <- #10
DO COME FROM (10)
(9) DO ,9 SUB #1 <- #10
DO COME FROM (11)
(10) DO ,10 SUB #1 <- #10
DO COME FROM (12)
(11) DO ,11 SUB #1 <- #10
PLEASE READ OUT ,1
PLEASE READ OUT ,2
PLEASE READ OUT ,3
PLEASE READ OUT ,4
PLEASE READ OUT ,5
PLEASE READ OUT ,6
PLEASE READ OUT ,7
PLEASE READ OUT ,8
PLEASE READ OUT ,9
PLEASE READ OUT ,10
PLEASE GIVE UP
```",830,0.001,0,0,0,0,0
"Complexity: 4[ 38, 91, 142, 197, 215, 313, 316, 319, 423, 46]",4,0,INTERCAL,181,"```intercal
DO ,1 <- #9
DO ,2 <- #38
DO ,3 <- #53
DO ,4 <- #51
DO ,5 <- #55
DO ,6 <- #118
DO ,7 <- #3
DO ,8 <- #3
DO ,9 <- #104
DO ,10 <- #43
DO ,11 <- #1
PLEASE DO ,12 <- #10
DO ,13 <- #1
PLEASE DO ,14 <- #1
DO ,15 <- #1
DO COME FROM (16)
DO ,16 <- #0
DO ,17 <- #1
DO ,18 <- #1
DO ,19 <- #1
DO ,20 <- #1
DO ,21 <- #1
DO ,22 <- #1
DO ,23 <- #1
DO ,24 <- #1
DO ,25 <- #1
DO ,26 <- #1
PLEASE DO ,27 <- #1
DO ,28 <- #1
DO ,29 <- #1
DO ,30 <- #1
DO ,31 <- #1
DO ,32 <- #1
DO ,33 <- #1
DO ,34 <- #1
DO ,35 <- #1
DO ,36 <- #1
DO ,37 <- #1
DO ,38 <- #1
DO ,39 <- #1
DO ,40 <- #1
DO ,41 <- #1
DO ,42 <- #1
DO ,43 <- #1
DO ,44 <- #1
DO ,45 <- #1
DO ,46 <- #1
DO ,47 <- #1
DO ,48 <- #1
DO ,49 <- #1
DO ,50 <- #1
DO ,51 <- #1
DO ,52 <- #1
DO ,53 <- #1
DO ,54 <- #1
DO ,55 <- #1
DO ,56 <- #1
DO ,57 <- #1
DO ,58 <- #1
DO ,59 <- #1
DO ,60 <- #1
DO ,61 <- #1
DO ,62 <- #1
DO ,63 <- #1
DO ,64 <- #1
DO ,65 <- #1
DO ,66 <- #1
DO ,67 <- #1
DO ,68 <- #1
DO ,69 <- #1
DO ,70 <- #1
DO ,71 <- #1
DO ,72 <- #1
DO ,73 <- #1
DO ,74 <- #1
DO ,75 <- #1
DO ,76 <- #1
DO ,77 <- #1
DO ,78 <- #1
DO ,79 <- #1
DO ,80 <- #1
DO ,81 <- #1
DO ,82 <- #1
DO ,83 <- #1
DO ,84 <- #1
DO ,85 <- #1
DO ,86 <- #1
DO ,87 <- #1
DO ,88 <- #1
DO ,89 <- #1
DO ,90 <- #1
DO ,91 <- #1
DO ,92 <- #1
DO ,93 <- #1
DO ,94 <- #1
DO ,95 <- #1
DO ,96 <- #1
DO ,97 <- #1
DO ,98 <- #1
DO ,99 <- #1
DO ,100 <- #1
DO ,101 <- #1
DO ,102 <- #1
DO ,103 <- #1
DO ,104 <- #1
DO ,105 <- #1
DO ,106 <- #1
DO ,107 <- #1
DO ,108 <- #1
DO ,109 <- #1
DO ,110 <- #1
DO ,111 <- #1
DO ,112 <- #1
DO ,113 <- #1
DO ,114 <- #1
DO ,115 <- #1
DO ,116 <- #1
DO ,117 <- #1
DO ,118 <- #1
DO ,119 <- #1
DO ,120 <- #1
DO ,121 <- #1
DO ,122 <- #1
DO ,123 <- #1
DO ,124 <- #1
DO ,125 <- #1
DO ,126 <- #1
DO ,127 <- #1
DO ,128 <- #1
DO ,129 <- #1
DO ,130 <- #1
DO ,131 <- #1
DO ,132 <- #1
DO ,133 <- #1
DO ,134 <- #1
DO ,135 <- #1
DO ,136 <- #1
DO ,137 <- #1
DO ,138 <- #1
DO ,139 <- #1
DO ,140 <- #1
DO ,141 <- #1
DO ,142 <- #1
DO ,143 <- #1
DO ,144 <- #1
DO ,145 <- #1
DO ,146 <- #1
DO ,147 <- #1
DO ,148 <- #1
DO ,149 <- #1
DO ,150 <- #1
DO ,151 <- #1
DO ,152 <- #1
DO ,153 <- #1
DO ,154 <- #1
DO ,155 <- #1
DO ,156 <- #1
DO ,157 <- #1
DO ,158 <- #1
DO ,159 <- #1
DO ,160 <- #1
DO ,161 <- #1
DO ,162 <- #1
DO ,163 <- #1
DO ,164 <- #1
DO ,165 <- #1
DO ,166 <- #1
DO ,167 <- #1
DO ,168 <- #1
DO ,169 <- #1
DO ,170 <- #1
DO ,171 <- #1
DO ,172 <- #1
DO ,173 <- #1
DO ,174 <- #1
DO ,175 <- #1
DO ,176 <- #1
DO ,177 <- #1
DO ,178 <- #1
DO ,179 <- #1
DO ,180 <- #1
DO ,181 <- #1
DO ,182 <- #1
DO ,183 <- #1
DO ,184 <- #1
DO ,185 <- #1
DO ,186 <- #1
DO ,187 <- #1
DO ,188 <- #1
DO ,189 <- #1
DO ,190 <- #1
DO ,191 <- #1
DO ,192 <- #1
DO ,193 <- #1
DO ,194 <- #1
DO ,195 <- #1
DO ,196 <- #1
DO ,197 <- #1
DO ,198 <- #1
DO ,199 <- #1
DO ,200 <- #1
DO ,201 <- #1
DO ,202 <- #1
DO ,203 <- #1
DO ,204 <- #1
DO ,205 <- #1
DO ,206 <- #1
DO ,207 <- #1
DO ,208 <- #1
DO ,209 <- #1
DO ,210 <- #1
DO ,211 <- #1
DO ,212 <- #1
DO ,213 <- #1
DO ,214 <- #1
DO ,215 <- #1
DO ,216 <- #1
DO ,217 <- #1
DO ,218 <- #1
DO ,219 <- #1
DO ,220 <- #1
DO ,221 <- #1
DO ,222 <- #1
DO ,223 <- #1
DO ,224 <- #1
DO ,225 <- #1
DO ,226 <- #1
DO ,227 <- #1
DO ,228 <- #1
DO ,229 <- #1
DO ,230 <- #1
DO ,231 <- #1
DO ,232 <- #1
DO ,233 <- #1
DO ,234 <- #1
DO ,235 <- #1
DO ,236 <- #1
DO ,237 <- #1
DO ,238 <- #1
DO ,239 <- #1
DO ,240 <- #1
DO ,241 <- #1
DO ,242 <- #1
DO ,243 <- #1
DO ,244 <- #1
DO ,245 <- #1
DO ,246 <- #1
DO ,247 <- #1
DO ,248 <- #1
DO ,249 <- #1
DO ,250 <- #1
DO ,251 <- #1
DO ,252 <- #1
DO ,253 <- #1
DO ,254 <- #1
DO ,255 <- #1
DO ,256 <- #1
DO ,257 <- #1
DO ,258 <- #1
DO ,259 <- #1
DO ,260 <- #1
DO ,261 <- #1
DO ,262 <- #1
DO ,263 <- #1
DO ,264 <- #1
DO ,265 <- #1
DO ,266 <- #1
DO ,267 <- #1
DO ,268 <- #1
DO ,269 <- #1
DO ,270 <- #1
DO ,271 <- #1
DO ,272 <- #1
DO ,273 <- #1
DO ,274 <- #1
DO ,275 <- #1
DO ,276 <- #1
DO ,277 <- #1
DO ,278 <- #1
DO ,279 <- #1
DO ,280 <- #1
DO ,281 <- #1
DO ,282 <- #1
DO ,283 <- #1
DO ,284 <- #1
DO ,285 <- #1
DO ,286 <- #1
DO ,287 <- #1
DO ,288 <- #1
DO ,289 <- #1
DO ,290 <- #1
DO ,291 <- #1
DO ,292 <- #1
DO ,293 <- #1
DO ,294 <- #1
DO ,295 <- #1
DO ,296 <- #1
DO ,297 <- #1
DO ,298 <- #1
DO ,299 <- #1
DO ,300 <- #1
DO ,301 <- #1
DO ,302 <- #1
DO ,303 <- #1
DO ,304 <- #1
DO ,305 <- #1
DO ,306 <- #1
DO ,307 <- #1
DO ,308 <- #1
DO ,309 <- #1
DO ,310 <- #1
DO ,311 <- #1
DO ,312 <- #1
DO ,313 <- #1
DO ,314 <- #1
DO ,315 <- #1
DO ,316 <- #1
DO ,317 <- #1
DO ,318 <- #1
DO ,319 <- #1
DO ,320 <- #1
DO ,321 <- #1
DO ,322 <- #1
DO ,323 <- #1
DO ,324 <- #1
DO ,325 <- #1
DO ,326 <- #1
DO ,327 <- #1
DO ,328 <- #1
DO ,329 <- #1
DO ,330 <- #1
DO ,331 <- #1
DO ,332 <- #1
DO ,333 <- #1
DO ,334 <- #1
DO ,335 <- #1
DO ,336 <- #1
DO ,337 <- #1
DO ,338 <- #1
DO ,339 <- #1
DO ,340 <- #1
DO ,341 <- #1
DO ,342 <- #1
DO ,343 <- #1
DO ,344 <- #1
DO ,345 <- #1
DO ,346 <- #1
DO ,347 <- #1
DO ,348 <- #1
DO ,349 <- #1
DO ,350 <- #1
DO ,351 <- #1
DO ,352 <- #1
DO ,353 <- #1
DO ,354 <- #1
DO ,355 <- #1
DO ,356 <- #1
DO ,357 <- #1
DO ,358 <- #1
DO ,359 <- #1
DO ,360 <- #1
DO ,361 <- #1
DO ,362 <- #1
DO ,363 <- #1
DO ,364 <- #1
DO ,365 <- #1
DO ,366 <- #1
DO ,367 <- #1
DO ,368 <- #1
DO ,369 <- #1
DO ,370 <- #1
DO ,371 <- #1
DO ,372 <- #1
DO ,373 <- #1
DO ,374 <- #1
DO ,375 <- #1
DO ,376 <- #1
DO ,377 <- #1
DO ,378 <- #1
DO ,379 <- #1
DO ,380 <- #1
DO ,381 <- #1
DO ,382 <- #1
DO ,383 <- #1
DO ,384 <- #1
DO ,385 <- #1
DO ,386 <- #1
DO ,387 <- #1
DO ,388 <- #1
DO ,389 <- #1
DO ,390 <- #1
DO ,391 <- #1
DO ,392 <- #1
DO ,393 <- #1
DO ,394 <- #1
DO ,395 <- #1
DO ,396 <- #1
DO ,397 <- #1
DO ,398 <- #1
DO ,399 <- #1
DO ,400 <- #1
DO ,401 <- #1
DO ,402 <- #1
DO ,403 <- #1
DO ,404 <- #1
DO ,405 <- #1
DO ,406 <- #1
DO ,407 <- #1
DO ,408 <- #1
DO ,409 <- #1
DO ,410 <- #1
DO ,411 <- #1
DO ,412 <- #1
DO ,413 <- #1
DO ,414 <- #1
DO ,415 <- #1
DO ,416 <- #1
DO ,417 <- #1
DO ,418 <- #1
DO ,419 <- #1
DO ,420 <- #1
DO ,421 <- #1
DO ,422 <- #1
DO ,423 <- #1
DO ,424 <- #1
DO ,425 <- #1
DO ,426 <- #1
DO ,427 <- #1
DO ,428 <- #1
DO ,429 <- #1
DO ,430 <- #1
DO ,431 <- #1
DO ,432 <- #1
DO ,433 <- #1
DO ,434 <- #1
DO ,435 <- #1
DO ,436 <- #1
DO ,437 <- #1
DO ,438 <- #1
DO ,439 <- #1
DO ,440 <- #1
DO ,441 <- #1
DO ,442 <- #1
DO ,443 <- #1
DO ,444 <- #1
DO ,445 <- #1
DO ,446 <- #1
DO ,447 <- #1
DO ,448 <- #1
DO ,449 <- #1
DO ,450 <- #1
DO ,451 <- #1
DO ,452 <- #1
DO ,453 <- #1
DO ,454 <- #1
DO ,455 <- #1
DO ,456 <- #1
DO ,457 <- #1
DO ,458 <- #1
DO ,459 <- #1
DO ,460 <- #1
DO ,461 <- #1
DO ,462 <- #1
DO ,463 <- #1
DO ,464 <- #1
DO ,465 <- #1
DO ,466 <- #1
DO ,467 <- #1
DO ,468 <- #1
DO ,469 <- #1
DO ,470 <- #1
DO ,471 <- #1
DO ,472 <- #1
DO ,473 <- #1
DO ,474 <- #1
DO ,475 <- #1
DO ,476 <- #1
DO ,477 <- #1
DO ,478 <- #1
DO ,479 <- #1
DO ,480 <- #1
DO ,481 <- #1
DO ,482 <- #1
DO ,483 <- #1
DO ,484 <- #1
DO ,485 <- #1
DO ,486 <- #1
DO ,487 <- #1
DO ,488 <- #1
DO ,489 <- #1
DO ,490 <- #1
DO ,491 <- #1
DO ,492 <- #1
DO ,493 <- #1
DO ,494 <- #1
DO ,495 <- #1
DO ,496 <- #1
DO ,497 <- #1
DO ,498 <- #1
DO ,499 <- #1
DO ,500 <- #1
DO ,501 <- #1
DO ,502 <- #1
DO ,503 <- #1
DO ,504 <- #1
DO ,505 <- #1
DO ,506 <- #1
DO ,507 <- #1
DO ,508 <- #1
DO ,509 <- #1
DO ,510 <- #1
DO ,511 <- #1
DO ,512 <- #1
DO ,513 <- #1
DO ,514 <- #1
DO ,515 <- #1
DO ,516 <- #1
DO ,517 <- #1
DO ,518 <- #1
DO ,519 <- #1
DO ,520 <- #1
DO ,521 <- #1
DO ,522 <- #1
DO ,523 <- #1
DO ,524 <- #1
DO ,525 <- #1
DO ,526 <- #1
DO ,527 <- #1
DO ,528 <- #1
DO ,529 <- #1
DO ,530 <- #1
DO ,531 <- #1
DO ,532 <- #1
DO ,533 <- #1
DO ,534 <- #1
DO ,535 <- #1
DO ,536 <- #1
DO ,537 <- #1
DO ,538 <- #1
DO ,539 <- #1
DO ,540 <- #1
DO ,541 <- #1
DO ,542 <- #1
DO ,543 <- #1
DO ,544 <- #1
DO ,545 <- #1
DO ,546 <- #1
DO ,547 <- #1
DO ,548 <- #1
DO ,549 <- #1
DO ,550 <- #1
DO ,551 <- #1
DO ,552 <- #1
DO ,553 <- #1
DO ,554 <- #1
DO ,555 <- #1
DO ,556 <- #1
DO ,557 <- #1
DO ,558 <- #1
DO ,559 <- #1
DO ,560 <- #1
DO ,561 <- #1
DO ,562 <- #1
DO ,563 <- #1
DO ,564 <- #1
DO ,565 <- #1
DO ,566 <- #1
DO ,567 <- #1
DO ,568 <- #1
DO ,569 <- #1
DO ,570 <- #1
DO ,571 <- #1
DO ,572 <- #1
DO ,573 <- #1
DO ,574 <- #1
DO ,575 <- #1
DO ,576 <- #1
DO ,577 <- #1
DO ,578 <- #1
DO ,579 <- #1
DO ,580 <- #1
DO ,581 <- #1
DO ,582 <- #1
DO ,583 <- #1
DO",8117,0.001,0,0,0,0,0
"Complexity: 4[ 7, 42, 147, 201, 213, 248, 310, 332, 436, 47]",4,0,INTERCAL,180,"```intercal
DO ,1 <- #9
DO ,2 <- #2
DO ,3 <- #1
DO ,4 <- #0
DO ,5 <- #7
DO ,6 <- #4
DO ,7 <- #2
DO ,8 <- #1
DO ,9 <- #4
DO ,10 <- #7
DO ,11 <- #2
DO ,12 <- #0
DO ,13 <- #1
DO ,14 <- #2
DO ,15 <- #1
DO ,16 <- #3
DO ,17 <- #2
DO ,18 <- #4
DO ,19 <- #8
DO ,20 <- #3
DO ,21 <- #1
DO ,22 <- #0
DO ,23 <- #3
DO ,24 <- #3
DO ,25 <- #2
DO ,26 <- #4
DO ,27 <- #3
DO ,28 <- #6
DO ,29 <- #1
DO ,30 <- #0
DO ,31 <- #3
DO ,32 <- #3
DO ,33 <- #2
DO ,34 <- #4
DO ,35 <- #3
DO ,36 <- #2
DO ,37 <- #4
DO ,38 <- #3
DO ,39 <- #6
DO ,40 <- #4
DO ,41 <- #3
DO ,42 <- #6
DO ,43 <- #4
DO ,44 <- #7
DO ,45 <- #9
PLEASE DO ,1 SUB #1 <- #238
DO ,1 SUB #2 <- #238
DO ,1 SUB #3 <- #238
DO ,1 SUB #4 <- #238
DO ,1 SUB #5 <- #238
DO ,1 SUB #6 <- #238
DO ,1 SUB #7 <- #238
DO ,1 SUB #8 <- #238
DO ,1 SUB #9 <- #238
DO ,1 SUB #10 <- #238
PLEASE READ OUT ,1
PLEASE GIVE UP
```",843,0.001,0,0,0,0,0
"Complexity: 4[ 27, 101, 105, 164, 245, 290, 304, 441, 449, 49]",4,0,INTERCAL,182,"```intercal
DO ,1 <- #9
DO ,2 <- #2
DO ,3 <- #1
DO ,4 <- #0
DO ,5 <- #0
DO ,6 <- #0
DO ,7 <- #0
DO ,8 <- #0
DO ,9 <- #0
DO ,10 <- #0
DO ,11 <- #0
DO ,12 <- #0
DO ,13 <- #0
DO ,14 <- #0
DO ,15 <- #0
DO ,16 <- #0
DO ,17 <- #0
DO ,18 <- #0
DO ,19 <- #0
DO ,20 <- #0
PLEASE DO ,1 SUB #1 <- #27
DO ,1 SUB #2 <- #101
DO ,1 SUB #3 <- #105
DO ,1 SUB #4 <- #164
DO ,1 SUB #5 <- #245
DO ,1 SUB #6 <- #290
DO ,1 SUB #7 <- #304
DO ,1 SUB #8 <- #441
DO ,1 SUB #9 <- #449
DO ,1 SUB #10 <- #490
DO COME FROM #5
PLEASE DO ,2 SUB #1 <- #10
DO ,3 SUB #1 <- #1
DO ,4 SUB #1 <- #1
PLEASE DO ,5 SUB #1 <- #1
DO ,6 SUB #1 <- #1
DO ,7 SUB #1 <- #1
DO ,8 SUB #1 <- #1
DO ,9 SUB #1 <- #1
DO ,10 SUB #1 <- #1
DO ,11 SUB #1 <- #1
DO ,12 SUB #1 <- #1
DO ,13 SUB #1 <- #1
DO ,14 SUB #1 <- #1
DO ,15 SUB #1 <- #1
DO ,16 SUB #1 <- #1
DO ,17 SUB #1 <- #1
DO ,18 SUB #1 <- #1
DO ,19 SUB #1 <- #1
DO ,20 SUB #1 <- #1
PLEASE DO READ OUT ,1 SUB #1
DO READ OUT ,1 SUB #2
DO READ OUT ,1 SUB #3
DO READ OUT ,1 SUB #4
DO READ OUT ,1 SUB #5
DO READ OUT ,1 SUB #6
DO READ OUT ,1 SUB #7
DO READ OUT ,1 SUB #8
DO READ OUT ,1 SUB #9
DO READ OUT ,1 SUB #10
PLEASE GIVE UP
```",1129,0.001,0,0,0,0,0
"Complexity: 4[ 4, 11, 29, 106, 214, 283, 296, 298, 360, 49]",4,0,INTERCAL,179,"```intercal
DO ,1 <- #4
DO ,2 <- #11
DO ,3 <- #29
DO ,4 <- #106
DO ,5 <- #214
DO ,6 <- #283
DO ,7 <- #296
DO ,8 <- #298
DO ,9 <- #360
DO ,10 <- #497
DO ,11 <- #0
DO COME FROM (2)
(1) DO ,1 SUB #1 <- #10
DO ,11 SUB #1 <- #1
PLEASE DO GIVE UP
(2) DO READ OUT ,11
DO ,11 SUB #1 <- #1
PLEASE DO (1) NEXT
```",303,0.001,0,0,0,0,0
"Complexity: 4[ 72, 106, 139, 165, 171, 192, 199, 429, 453, 47]",4,0,INTERCAL,182,"```intercal
DO ,1 <- #9
DO ,2 <- #0
DO ,3 <- #0
DO ,4 <- #0
DO ,5 <- #0
DO ,6 <- #0
DO ,7 <- #0
DO ,8 <- #0
DO ,9 <- #0
DO ,10 <- #0
DO ,11 <- #72
DO ,12 <- #106
DO ,13 <- #139
DO ,14 <- #165
DO ,15 <- #171
DO ,16 <- #192
DO ,17 <- #199
DO ,18 <- #429
DO ,19 <- #453
DO ,20 <- #477
PLEASE DO ,1 SUB #1 <- #10
DO ,2 SUB #1 <- #1
DO ,3 SUB #1 <- #1
DO ,4 SUB #1 <- #1
DO ,5 SUB #1 <- #1
DO ,6 SUB #1 <- #1
DO ,7 SUB #1 <- #1
DO ,8 SUB #1 <- #1
DO ,9 SUB #1 <- #1
DO ,10 SUB #1 <- #1
PLEASE DO ,1 SUB #2 <- #11
DO ,2 SUB #2 <- #12
DO ,3 SUB #2 <- #13
DO ,4 SUB #2 <- #14
DO ,5 SUB #2 <- #15
DO ,6 SUB #2 <- #16
DO ,7 SUB #2 <- #17
DO ,8 SUB #2 <- #18
DO ,9 SUB #2 <- #19
DO ,10 SUB #2 <- #20
PLEASE DO ,1 SUB #3 <- #1
DO ,2 SUB #3 <- #1
DO ,3 SUB #3 <- #1
DO ,4 SUB #3 <- #1
DO ,5 SUB #3 <- #1
DO ,6 SUB #3 <- #1
DO ,7 SUB #3 <- #1
DO ,8 SUB #3 <- #1
DO ,9 SUB #3 <- #1
DO ,10 SUB #3 <- #1
PLEASE DO ,1 SUB #4 <- #1
DO ,2 SUB #4 <- #1
DO ,3 SUB #4 <- #1
DO ,4 SUB #4 <- #1
DO ,5 SUB #4 <- #1
DO ,6 SUB #4 <- #1
DO ,7 SUB #4 <- #1
DO ,8 SUB #4 <- #1
DO ,9 SUB #4 <- #1
DO ,10 SUB #4 <- #1
PLEASE DO ,1 SUB #5 <- #1
DO ,2 SUB #5 <- #1
DO ,3 SUB #5 <- #1
DO ,4 SUB #5 <- #1
DO ,5 SUB #5 <- #1
DO ,6 SUB #5 <- #1
DO ,7 SUB #5 <- #1
DO ,8 SUB #5 <- #1
DO ,9 SUB #5 <- #1
DO ,10 SUB #5 <- #1
PLEASE DO ,1 SUB #6 <- #1
DO ,2 SUB #6 <- #1
DO ,3 SUB #6 <- #1
DO ,4 SUB #6 <- #1
DO ,5 SUB #6 <- #1
DO ,6 SUB #6 <- #1
DO ,7 SUB #6 <- #1
DO ,8 SUB #6 <- #1
DO ,9 SUB #6 <- #1
DO ,10 SUB #6 <- #1
PLEASE DO ,1 SUB #7 <- #1
DO ,2 SUB #7 <- #1
DO ,3 SUB #7 <- #1
DO ,4 SUB #7 <- #1
DO ,5 SUB #7 <- #1
DO ,6 SUB #7 <- #1
DO ,7 SUB #7 <- #1
DO ,8 SUB #7 <- #1
DO ,9 SUB #7 <- #1
DO ,10 SUB #7 <- #1
PLEASE DO ,1 SUB #8 <- #1
DO ,2 SUB #8 <- #1
DO ,3 SUB #8 <- #1
DO ,4 SUB #8 <- #1
DO ,5 SUB #8 <- #1
DO ,6 SUB #8 <- #1
DO ,7 SUB #8 <- #1
DO ,8 SUB #8 <- #1
DO ,9 SUB #8 <- #1
DO ,10 SUB #8 <- #1
PLEASE DO ,1 SUB #9 <- #1
DO ,2 SUB #9 <- #1
DO ,3 SUB #9 <- #1
DO ,4 SUB #9 <- #1
DO ,5 SUB #9 <- #1
DO ,6 SUB #9 <- #1
DO ,7 SUB #9 <- #1
DO ,8 SUB #9 <- #1
DO ,9 SUB #9 <- #1
DO ,10 SUB #9 <- #1
PLEASE DO ,1 SUB #10 <- #1
DO ,2 SUB #10 <- #1
DO ,3 SUB #10 <- #1
DO ,4 SUB #10 <- #1
DO ,5 SUB #10 <- #1
DO ,6 SUB #10 <- #1
DO ,7 SUB #10 <- #1
DO ,8 SUB #10 <- #1
DO ,9 SUB #10 <- #1
DO ,10 SUB #10 <- #1
PLEASE READ OUT ,1
PLEASE READ OUT ,2
PLEASE READ OUT ,3
PLEASE READ OUT ,4
PLEASE READ OUT ,5
PLEASE READ OUT ,6
PLEASE READ OUT ,7
PLEASE READ OUT ,8
PLEASE READ OUT ,9
PLEASE READ OUT ,10
PLEASE GIVE UP
```",2492,0.001,0,0,0,0,0
"Complexity: 4[ 187, 218, 260, 295, 301, 314, 379, 410, 452, 46]",4,0,INTERCAL,183,"```intercal
DO ,1 <- #9
DO ,2 <- #10
DO ,3 <- #13
DO ,4 <- #35
DO ,5 <- #36
DO ,6 <- #13
DO ,7 <- #65
DO ,8 <- #31
DO ,9 <- #42
DO ,10 <- #17
DO ,11 <- #187
DO ,12 <- #218
DO ,13 <- #260
DO ,14 <- #295
DO ,15 <- #301
DO ,16 <- #314
DO ,17 <- #379
DO ,18 <- #410
DO ,19 <- #452
DO ,20 <- #469
PLEASE DO ,1000 <- #1
DO ,1001 SUB #1 <- #10
DO ,1002 SUB #1 <- #13
DO ,1003 SUB #1 <- #35
DO ,1004 SUB #1 <- #36
DO ,1005 SUB #1 <- #13
DO ,1006 SUB #1 <- #65
DO ,1007 SUB #1 <- #31
DO ,1008 SUB #1 <- #42
DO ,1009 SUB #1 <- #17
DO ,1010 SUB #1 <- #187
DO ,1011 SUB #1 <- #218
DO ,1012 SUB #1 <- #260
DO ,1013 SUB #1 <- #295
DO ,1014 SUB #1 <- #301
DO ,1015 SUB #1 <- #314
DO ,1016 SUB #1 <- #379
DO ,1017 SUB #1 <- #410
DO ,1018 SUB #1 <- #452
DO ,1019 SUB #1 <- #469
PLEASE READ OUT ,11
PLEASE READ OUT ,12
PLEASE READ OUT ,13
PLEASE READ OUT ,14
PLEASE READ OUT ,15
PLEASE READ OUT ,16
PLEASE READ OUT ,17
PLEASE READ OUT ,18
PLEASE READ OUT ,19
PLEASE READ OUT ,20
PLEASE GIVE UP
```",979,0.001,0,0,0,0,0
"Complexity: 4[ 29, 63, 95, 140, 150, 190, 221, 437, 482, 49]",4,0,INTERCAL,180,"```intercal
DO ,1 <- #29
DO ,2 <- #63
DO ,3 <- #95
DO ,4 <- #140
DO ,5 <- #150
DO ,6 <- #190
DO ,7 <- #221
DO ,8 <- #437
DO ,9 <- #482
DO ,10 <- #491
DO ,11 <- #10
DO COME FROM (2)
(1) DO ,1 SUB #1 <- #0
DO ,11 SUB #1 <- #1
DO (1) NEXT
(2) DO COME FROM (3)
DO WRITE IN ,1
DO WRITE IN ,2
DO WRITE IN ,3
DO WRITE IN ,4
DO WRITE IN ,5
DO WRITE IN ,6
DO WRITE IN ,7
DO WRITE IN ,8
DO WRITE IN ,9
DO WRITE IN ,10
(3) DO .1
PLEASE GIVE UP
```",436,0.001,0,0,0,0,0
"Complexity: 4[ 3, 11, 84, 144, 156, 177, 188, 199, 229, 28]",4,0,INTERCAL,179,"```intercal
DO ,1 <- #3
DO ,2 <- #11
DO ,3 <- #84
DO ,4 <- #144
DO ,5 <- #156
DO ,6 <- #177
DO ,7 <- #188
DO ,8 <- #199
DO ,9 <- #229
DO ,10 <- #284
DO ,11 <- #0
DO COME FROM (2)
(1) PLEASE DO ,11 SUB #1 <- #1
DO (1) NEXT
DO COME FROM (3)
(2) PLEASE DO ,11 SUB #1 <- #2
DO (1) NEXT
DO COME FROM (4)
(3) PLEASE DO ,11 SUB #1 <- #3
DO (1) NEXT
DO COME FROM (5)
(4) PLEASE DO ,11 SUB #1 <- #4
DO (1) NEXT
DO COME FROM (6)
(5) PLEASE DO ,11 SUB #1 <- #5
DO (1) NEXT
DO COME FROM (7)
(6) PLEASE DO ,11 SUB #1 <- #6
DO (1) NEXT
DO COME FROM (8)
(7) PLEASE DO ,11 SUB #1 <- #7
DO (1) NEXT
DO COME FROM (9)
(8) PLEASE DO ,11 SUB #1 <- #8
DO (1) NEXT
DO COME FROM (10)
(9) PLEASE DO ,11 SUB #1 <- #9
DO (1) NEXT
DO COME FROM (11)
(10) PLEASE DO ,11 SUB #1 <- #10
DO (1) NEXT
PLEASE GIVE UP
```",784,0.001,0,0,0,0,0
"Complexity: 4[ 26, 94, 98, 137, 176, 301, 323, 330, 372, 44]",4,0,INTERCAL,180,"```intercal
DO ,1 <- #9
DO ,2 <- #26
DO ,3 <- #68
DO ,4 <- #4
DO ,5 <- #39
DO ,6 <- #39
DO ,7 <- #125
DO ,8 <- #22
DO ,9 <- #7
DO ,10 <- #42
DO ,11 <- #72
PLEASE DO ,12 <- #1
DO ,13 <- #1
DO COME FROM (150)
DO (1000) NEXT
DO ,14 <- #10
PLEASE DO (150) NEXT
DO READ OUT ,2
DO READ OUT ,3
DO ,2 <- ',3
DO ,3 <- ',4
DO ,4 <- ',5
DO ,5 <- ',6
DO ,6 <- ',7
DO ,7 <- ',8
DO ,8 <- ',9
DO ,9 <- ',10
DO ,10 <- ',11
DO ,13 SUB #1 <- ',12
DO ,12 SUB #1 <- ',13
PLEASE GIVE UP
```",469,0.001,0,0,0,0,0
"Complexity: 4[ 39, 81, 88, 210, 215, 378, 416, 430, 439, 49]",4,0,INTERCAL,180,"```intercal
DO ,1 <- #39
DO ,2 <- #81
DO ,3 <- #88
DO ,4 <- #210
DO ,5 <- #215
DO ,6 <- #378
DO ,7 <- #416
DO ,8 <- #430
DO ,9 <- #439
DO ,10 <- #490
DO ,11 <- #10
DO COME FROM (2)
(1) DO ,1 SUB #1 <- #0
DO ,11 SUB #1 <- #1
DO (1) NEXT
(2) DO COME FROM (3)
DO WRITE IN ,1
DO WRITE IN ,2
DO WRITE IN ,3
DO WRITE IN ,4
DO WRITE IN ,5
DO WRITE IN ,6
DO WRITE IN ,7
DO WRITE IN ,8
DO WRITE IN ,9
DO WRITE IN ,10
PLEASE GIVE UP
```",426,0.001,0,0,0,0,0
